<svg width="1280" height="1023" viewBox="0 0 1280 1023" fill="none" xmlns="http://www.w3.org/2000/svg">
<rect width="1280" height="1023" fill="#171717" fill-opacity="0.6"/>
<g filter="url(#filter0_d_530_13172)">
<rect x="304" y="143" width="672" height="737" rx="8" fill="white" shape-rendering="crispEdges"/>
<rect x="304.5" y="143.5" width="671" height="736" rx="7.5" stroke="#DFDFDF" shape-rendering="crispEdges"/>
<mask id="path-3-inside-1_530_13172" fill="white">
<path d="M305 152C305 147.582 308.582 144 313 144H967C971.418 144 975 147.582 975 152V205H305V152Z"/>
</mask>
<path d="M305 152C305 147.582 308.582 144 313 144H967C971.418 144 975 147.582 975 152V205H305V152Z" fill="#FAFAFA"/>
<path d="M305 144H975H305M975 206H305V204H975V206ZM975 204M305 205V144V205M305 205M975 144V205V144" fill="#DFDFDF" mask="url(#path-3-inside-1_530_13172)"/>
<path d="M330.585 181V167.909H335.009C336.036 167.909 336.875 168.094 337.527 168.465C338.183 168.832 338.669 169.328 338.984 169.955C339.3 170.581 339.457 171.28 339.457 172.051C339.457 172.822 339.3 173.523 338.984 174.154C338.673 174.785 338.192 175.288 337.54 175.663C336.888 176.033 336.053 176.219 335.034 176.219H331.864V174.812H334.983C335.686 174.812 336.251 174.691 336.677 174.448C337.103 174.205 337.412 173.877 337.604 173.464C337.8 173.046 337.898 172.575 337.898 172.051C337.898 171.527 337.8 171.058 337.604 170.645C337.412 170.232 337.101 169.908 336.67 169.673C336.24 169.435 335.669 169.315 334.957 169.315H332.17V181H330.585ZM341.806 181V171.182H343.264V172.665H343.366C343.545 172.179 343.869 171.785 344.338 171.482C344.806 171.18 345.335 171.028 345.923 171.028C346.034 171.028 346.172 171.031 346.338 171.035C346.505 171.039 346.63 171.045 346.716 171.054V172.588C346.664 172.575 346.547 172.556 346.364 172.531C346.185 172.501 345.995 172.486 345.795 172.486C345.318 172.486 344.892 172.586 344.517 172.786C344.146 172.982 343.852 173.255 343.635 173.604C343.422 173.95 343.315 174.344 343.315 174.787V181H341.806ZM352.194 181.205C351.307 181.205 350.529 180.994 349.86 180.572C349.196 180.15 348.676 179.56 348.301 178.801C347.93 178.043 347.745 177.156 347.745 176.142C347.745 175.119 347.93 174.227 348.301 173.464C348.676 172.701 349.196 172.109 349.86 171.687C350.529 171.265 351.307 171.054 352.194 171.054C353.08 171.054 353.855 171.265 354.52 171.687C355.189 172.109 355.709 172.701 356.08 173.464C356.455 174.227 356.642 175.119 356.642 176.142C356.642 177.156 356.455 178.043 356.08 178.801C355.709 179.56 355.189 180.15 354.52 180.572C353.855 180.994 353.08 181.205 352.194 181.205ZM352.194 179.849C352.867 179.849 353.421 179.677 353.855 179.332C354.29 178.987 354.612 178.533 354.821 177.97C355.029 177.408 355.134 176.798 355.134 176.142C355.134 175.486 355.029 174.874 354.821 174.308C354.612 173.741 354.29 173.283 353.855 172.933C353.421 172.584 352.867 172.409 352.194 172.409C351.52 172.409 350.966 172.584 350.532 172.933C350.097 173.283 349.775 173.741 349.566 174.308C349.358 174.874 349.253 175.486 349.253 176.142C349.253 176.798 349.358 177.408 349.566 177.97C349.775 178.533 350.097 178.987 350.532 179.332C350.966 179.677 351.52 179.849 352.194 179.849ZM365.9 173.381L364.545 173.764C364.459 173.538 364.334 173.319 364.167 173.106C364.006 172.888 363.784 172.71 363.503 172.569C363.221 172.428 362.861 172.358 362.422 172.358C361.822 172.358 361.321 172.496 360.92 172.773C360.524 173.046 360.326 173.393 360.326 173.815C360.326 174.19 360.462 174.487 360.735 174.704C361.008 174.921 361.434 175.102 362.013 175.247L363.471 175.605C364.349 175.818 365.003 176.144 365.433 176.583C365.863 177.018 366.079 177.578 366.079 178.264C366.079 178.827 365.917 179.33 365.593 179.773C365.273 180.216 364.826 180.565 364.251 180.821C363.675 181.077 363.006 181.205 362.243 181.205C361.242 181.205 360.413 180.987 359.757 180.553C359.101 180.118 358.685 179.483 358.51 178.648L359.942 178.29C360.079 178.818 360.336 179.214 360.716 179.479C361.099 179.743 361.6 179.875 362.218 179.875C362.921 179.875 363.479 179.726 363.893 179.428C364.31 179.125 364.519 178.763 364.519 178.341C364.519 178 364.4 177.714 364.161 177.484C363.922 177.25 363.556 177.075 363.062 176.96L361.425 176.577C360.526 176.364 359.866 176.033 359.444 175.586C359.026 175.134 358.817 174.57 358.817 173.892C358.817 173.338 358.973 172.848 359.284 172.422C359.599 171.996 360.028 171.661 360.569 171.418C361.114 171.175 361.732 171.054 362.422 171.054C363.394 171.054 364.157 171.267 364.711 171.693C365.269 172.119 365.665 172.682 365.9 173.381ZM372.466 181.205C371.52 181.205 370.704 180.996 370.018 180.578C369.336 180.156 368.81 179.568 368.439 178.814C368.072 178.055 367.889 177.173 367.889 176.168C367.889 175.162 368.072 174.276 368.439 173.509C368.81 172.737 369.325 172.136 369.986 171.706C370.651 171.271 371.426 171.054 372.312 171.054C372.824 171.054 373.329 171.139 373.827 171.31C374.326 171.48 374.78 171.757 375.189 172.141C375.598 172.52 375.924 173.023 376.167 173.649C376.41 174.276 376.531 175.047 376.531 175.963V176.602H368.963V175.298H374.997C374.997 174.744 374.886 174.25 374.665 173.815C374.447 173.381 374.136 173.038 373.732 172.786C373.331 172.535 372.858 172.409 372.312 172.409C371.712 172.409 371.192 172.558 370.753 172.857C370.318 173.151 369.984 173.534 369.749 174.007C369.515 174.48 369.398 174.987 369.398 175.528V176.398C369.398 177.139 369.526 177.768 369.781 178.283C370.041 178.795 370.401 179.185 370.862 179.453C371.322 179.717 371.857 179.849 372.466 179.849C372.862 179.849 373.22 179.794 373.54 179.683C373.864 179.568 374.143 179.398 374.377 179.172C374.612 178.942 374.793 178.656 374.92 178.315L376.378 178.724C376.224 179.219 375.967 179.653 375.604 180.028C375.242 180.399 374.795 180.689 374.262 180.898C373.729 181.102 373.131 181.205 372.466 181.205ZM385.781 173.381L384.425 173.764C384.34 173.538 384.214 173.319 384.048 173.106C383.886 172.888 383.665 172.71 383.384 172.569C383.102 172.428 382.742 172.358 382.303 172.358C381.702 172.358 381.202 172.496 380.801 172.773C380.405 173.046 380.207 173.393 380.207 173.815C380.207 174.19 380.343 174.487 380.616 174.704C380.888 174.921 381.315 175.102 381.894 175.247L383.352 175.605C384.229 175.818 384.884 176.144 385.314 176.583C385.744 177.018 385.96 177.578 385.96 178.264C385.96 178.827 385.798 179.33 385.474 179.773C385.154 180.216 384.707 180.565 384.131 180.821C383.556 181.077 382.887 181.205 382.124 181.205C381.123 181.205 380.294 180.987 379.638 180.553C378.982 180.118 378.566 179.483 378.391 178.648L379.823 178.29C379.96 178.818 380.217 179.214 380.597 179.479C380.98 179.743 381.481 179.875 382.099 179.875C382.802 179.875 383.36 179.726 383.773 179.428C384.191 179.125 384.4 178.763 384.4 178.341C384.4 178 384.281 177.714 384.042 177.484C383.803 177.25 383.437 177.075 382.942 176.96L381.306 176.577C380.407 176.364 379.746 176.033 379.325 175.586C378.907 175.134 378.698 174.57 378.698 173.892C378.698 173.338 378.854 172.848 379.165 172.422C379.48 171.996 379.908 171.661 380.45 171.418C380.995 171.175 381.613 171.054 382.303 171.054C383.275 171.054 384.038 171.267 384.592 171.693C385.15 172.119 385.546 172.682 385.781 173.381ZM393.497 181V167.909H397.921C398.943 167.909 399.783 168.084 400.439 168.433C401.095 168.778 401.581 169.254 401.896 169.859C402.212 170.464 402.369 171.152 402.369 171.923C402.369 172.695 402.212 173.379 401.896 173.975C401.581 174.572 401.097 175.04 400.445 175.381C399.794 175.718 398.96 175.886 397.946 175.886H394.367V174.455H397.895C398.594 174.455 399.156 174.352 399.583 174.148C400.013 173.943 400.324 173.653 400.516 173.278C400.712 172.899 400.81 172.447 400.81 171.923C400.81 171.399 400.712 170.941 400.516 170.549C400.32 170.157 400.007 169.854 399.576 169.641C399.146 169.424 398.577 169.315 397.869 169.315H395.083V181H393.497ZM399.659 175.119L402.881 181H401.04L397.869 175.119H399.659ZM410.994 176.986V171.182H412.502V181H410.994V179.338H410.892C410.662 179.837 410.304 180.261 409.818 180.61C409.332 180.955 408.718 181.128 407.977 181.128C407.363 181.128 406.818 180.994 406.341 180.725C405.863 180.452 405.488 180.043 405.216 179.498C404.943 178.948 404.806 178.256 404.806 177.42V171.182H406.315V177.318C406.315 178.034 406.515 178.605 406.916 179.031C407.321 179.457 407.836 179.67 408.463 179.67C408.838 179.67 409.219 179.575 409.607 179.383C409.999 179.191 410.327 178.897 410.591 178.501C410.86 178.104 410.994 177.599 410.994 176.986ZM415.265 171.182H416.774V181.716C416.774 182.321 416.67 182.845 416.461 183.288C416.256 183.732 415.945 184.075 415.528 184.317C415.114 184.56 414.592 184.682 413.961 184.682C413.91 184.682 413.859 184.682 413.808 184.682C413.757 184.682 413.706 184.682 413.655 184.682V183.276C413.706 183.276 413.753 183.276 413.795 183.276C413.838 183.276 413.885 183.276 413.936 183.276C414.396 183.276 414.733 183.139 414.946 182.866C415.159 182.598 415.265 182.214 415.265 181.716V171.182ZM416.007 169.545C415.713 169.545 415.459 169.445 415.246 169.245C415.037 169.045 414.933 168.804 414.933 168.523C414.933 168.241 415.037 168.001 415.246 167.8C415.459 167.6 415.713 167.5 416.007 167.5C416.301 167.5 416.552 167.6 416.761 167.8C416.974 168.001 417.081 168.241 417.081 168.523C417.081 168.804 416.974 169.045 416.761 169.245C416.552 169.445 416.301 169.545 416.007 169.545ZM425.724 176.986V171.182H427.233V181H425.724V179.338H425.622C425.392 179.837 425.034 180.261 424.548 180.61C424.063 180.955 423.449 181.128 422.707 181.128C422.094 181.128 421.548 180.994 421.071 180.725C420.594 180.452 420.219 180.043 419.946 179.498C419.673 178.948 419.537 178.256 419.537 177.42V171.182H421.045V177.318C421.045 178.034 421.246 178.605 421.646 179.031C422.051 179.457 422.567 179.67 423.193 179.67C423.568 179.67 423.95 179.575 424.337 179.383C424.729 179.191 425.058 178.897 425.322 178.501C425.59 178.104 425.724 177.599 425.724 176.986ZM431.402 177.42L431.377 175.554H431.683L435.979 171.182H437.845L433.269 175.81H433.141L431.402 177.42ZM429.996 181V167.909H431.504V181H429.996ZM436.235 181L432.399 176.142L433.473 175.094L438.152 181H436.235ZM442.676 181.23C442.054 181.23 441.489 181.113 440.982 180.879C440.475 180.64 440.072 180.297 439.774 179.849C439.476 179.398 439.327 178.852 439.327 178.213C439.327 177.651 439.438 177.195 439.659 176.845C439.881 176.491 440.177 176.214 440.548 176.014C440.918 175.814 441.327 175.665 441.775 175.567C442.227 175.464 442.68 175.384 443.136 175.324C443.733 175.247 444.217 175.19 444.587 175.151C444.962 175.109 445.235 175.038 445.406 174.94C445.58 174.842 445.668 174.672 445.668 174.429V174.378C445.668 173.747 445.495 173.257 445.15 172.908C444.809 172.558 444.291 172.384 443.597 172.384C442.876 172.384 442.312 172.541 441.903 172.857C441.494 173.172 441.206 173.509 441.04 173.866L439.608 173.355C439.864 172.759 440.205 172.294 440.631 171.962C441.061 171.625 441.53 171.391 442.037 171.259C442.548 171.122 443.051 171.054 443.545 171.054C443.861 171.054 444.223 171.092 444.632 171.169C445.045 171.241 445.444 171.393 445.827 171.623C446.215 171.853 446.537 172.2 446.793 172.665C447.048 173.129 447.176 173.751 447.176 174.531V181H445.668V179.67H445.591C445.489 179.884 445.318 180.112 445.08 180.354C444.841 180.597 444.523 180.804 444.127 180.974C443.731 181.145 443.247 181.23 442.676 181.23ZM442.906 179.875C443.503 179.875 444.006 179.758 444.415 179.523C444.828 179.289 445.139 178.987 445.348 178.616C445.561 178.245 445.668 177.855 445.668 177.446V176.065C445.604 176.142 445.463 176.212 445.246 176.276C445.033 176.336 444.786 176.389 444.504 176.436C444.227 176.479 443.957 176.517 443.692 176.551C443.433 176.581 443.222 176.607 443.06 176.628C442.668 176.679 442.301 176.762 441.96 176.877C441.624 176.988 441.351 177.156 441.142 177.382C440.938 177.604 440.835 177.906 440.835 178.29C440.835 178.814 441.029 179.21 441.417 179.479C441.809 179.743 442.305 179.875 442.906 179.875ZM451.438 175.094V181H449.93V171.182H451.387V172.716H451.515C451.745 172.217 452.094 171.817 452.563 171.514C453.032 171.207 453.637 171.054 454.378 171.054C455.043 171.054 455.625 171.19 456.123 171.463C456.622 171.732 457.01 172.141 457.287 172.69C457.564 173.236 457.702 173.926 457.702 174.761V181H456.194V174.864C456.194 174.092 455.993 173.491 455.593 173.061C455.192 172.626 454.643 172.409 453.944 172.409C453.462 172.409 453.032 172.513 452.653 172.722C452.278 172.931 451.981 173.236 451.764 173.636C451.547 174.037 451.438 174.523 451.438 175.094ZM468.104 181L464.524 167.909H466.135L468.871 178.571H468.999L471.786 167.909H473.575L476.362 178.571H476.49L479.226 167.909H480.837L477.257 181H475.621L472.732 170.568H472.629L469.74 181H468.104ZM484.582 181.23C483.96 181.23 483.396 181.113 482.888 180.879C482.381 180.64 481.979 180.297 481.68 179.849C481.382 179.398 481.233 178.852 481.233 178.213C481.233 177.651 481.344 177.195 481.565 176.845C481.787 176.491 482.083 176.214 482.454 176.014C482.825 175.814 483.234 175.665 483.681 175.567C484.133 175.464 484.587 175.384 485.043 175.324C485.639 175.247 486.123 175.19 486.494 175.151C486.869 175.109 487.141 175.038 487.312 174.94C487.487 174.842 487.574 174.672 487.574 174.429V174.378C487.574 173.747 487.401 173.257 487.056 172.908C486.715 172.558 486.197 172.384 485.503 172.384C484.783 172.384 484.218 172.541 483.809 172.857C483.4 173.172 483.112 173.509 482.946 173.866L481.514 173.355C481.77 172.759 482.111 172.294 482.537 171.962C482.967 171.625 483.436 171.391 483.943 171.259C484.455 171.122 484.957 171.054 485.452 171.054C485.767 171.054 486.129 171.092 486.538 171.169C486.952 171.241 487.35 171.393 487.734 171.623C488.121 171.853 488.443 172.2 488.699 172.665C488.955 173.129 489.082 173.751 489.082 174.531V181H487.574V179.67H487.497C487.395 179.884 487.224 180.112 486.986 180.354C486.747 180.597 486.43 180.804 486.033 180.974C485.637 181.145 485.153 181.23 484.582 181.23ZM484.812 179.875C485.409 179.875 485.912 179.758 486.321 179.523C486.734 179.289 487.045 178.987 487.254 178.616C487.467 178.245 487.574 177.855 487.574 177.446V176.065C487.51 176.142 487.369 176.212 487.152 176.276C486.939 176.336 486.692 176.389 486.411 176.436C486.134 176.479 485.863 176.517 485.599 176.551C485.339 176.581 485.128 176.607 484.966 176.628C484.574 176.679 484.207 176.762 483.866 176.877C483.53 176.988 483.257 177.156 483.048 177.382C482.844 177.604 482.741 177.906 482.741 178.29C482.741 178.814 482.935 179.21 483.323 179.479C483.715 179.743 484.212 179.875 484.812 179.875ZM491.836 181V171.182H493.293V172.665H493.395C493.574 172.179 493.898 171.785 494.367 171.482C494.836 171.18 495.364 171.028 495.952 171.028C496.063 171.028 496.202 171.031 496.368 171.035C496.534 171.039 496.66 171.045 496.745 171.054V172.588C496.694 172.575 496.577 172.556 496.393 172.531C496.214 172.501 496.025 172.486 495.824 172.486C495.347 172.486 494.921 172.586 494.546 172.786C494.175 172.982 493.881 173.255 493.664 173.604C493.451 173.95 493.344 174.344 493.344 174.787V181H491.836ZM502.197 184.886C501.469 184.886 500.842 184.793 500.318 184.605C499.794 184.422 499.357 184.179 499.008 183.876C498.662 183.578 498.388 183.259 498.183 182.918L499.385 182.074C499.521 182.253 499.694 182.457 499.903 182.688C500.111 182.922 500.397 183.124 500.759 183.295C501.126 183.469 501.605 183.557 502.197 183.557C502.99 183.557 503.644 183.365 504.16 182.982C504.675 182.598 504.933 181.997 504.933 181.179V179.185H504.805C504.694 179.364 504.537 179.585 504.332 179.849C504.132 180.109 503.842 180.342 503.463 180.546C503.088 180.746 502.581 180.847 501.942 180.847C501.149 180.847 500.437 180.659 499.807 180.284C499.18 179.909 498.684 179.364 498.317 178.648C497.955 177.932 497.774 177.062 497.774 176.04C497.774 175.034 497.951 174.158 498.305 173.413C498.658 172.663 499.15 172.083 499.781 171.674C500.412 171.261 501.14 171.054 501.967 171.054C502.606 171.054 503.113 171.161 503.488 171.374C503.868 171.582 504.157 171.821 504.358 172.089C504.562 172.354 504.72 172.571 504.831 172.741H504.984V171.182H506.442V181.281C506.442 182.125 506.25 182.811 505.866 183.339C505.487 183.872 504.976 184.262 504.332 184.509C503.693 184.761 502.981 184.886 502.197 184.886ZM502.146 179.491C502.751 179.491 503.263 179.353 503.68 179.076C504.098 178.799 504.415 178.401 504.633 177.881C504.85 177.361 504.959 176.739 504.959 176.014C504.959 175.307 504.852 174.683 504.639 174.141C504.426 173.6 504.111 173.176 503.693 172.869C503.275 172.562 502.76 172.409 502.146 172.409C501.507 172.409 500.974 172.571 500.548 172.895C500.126 173.219 499.809 173.653 499.596 174.199C499.387 174.744 499.282 175.349 499.282 176.014C499.282 176.696 499.389 177.299 499.602 177.823C499.819 178.343 500.139 178.752 500.561 179.05C500.987 179.344 501.515 179.491 502.146 179.491ZM512.092 181.23C511.47 181.23 510.905 181.113 510.398 180.879C509.891 180.64 509.488 180.297 509.19 179.849C508.892 179.398 508.743 178.852 508.743 178.213C508.743 177.651 508.854 177.195 509.075 176.845C509.297 176.491 509.593 176.214 509.964 176.014C510.334 175.814 510.743 175.665 511.191 175.567C511.643 175.464 512.096 175.384 512.552 175.324C513.149 175.247 513.633 175.19 514.003 175.151C514.378 175.109 514.651 175.038 514.822 174.94C514.996 174.842 515.084 174.672 515.084 174.429V174.378C515.084 173.747 514.911 173.257 514.566 172.908C514.225 172.558 513.707 172.384 513.013 172.384C512.292 172.384 511.728 172.541 511.319 172.857C510.91 173.172 510.622 173.509 510.456 173.866L509.024 173.355C509.28 172.759 509.621 172.294 510.047 171.962C510.477 171.625 510.946 171.391 511.453 171.259C511.964 171.122 512.467 171.054 512.961 171.054C513.277 171.054 513.639 171.092 514.048 171.169C514.461 171.241 514.86 171.393 515.243 171.623C515.631 171.853 515.953 172.2 516.209 172.665C516.464 173.129 516.592 173.751 516.592 174.531V181H515.084V179.67H515.007C514.905 179.884 514.734 180.112 514.496 180.354C514.257 180.597 513.939 180.804 513.543 180.974C513.147 181.145 512.663 181.23 512.092 181.23ZM512.322 179.875C512.919 179.875 513.422 179.758 513.831 179.523C514.244 179.289 514.555 178.987 514.764 178.616C514.977 178.245 515.084 177.855 515.084 177.446V176.065C515.02 176.142 514.879 176.212 514.662 176.276C514.449 176.336 514.202 176.389 513.92 176.436C513.643 176.479 513.373 176.517 513.108 176.551C512.849 176.581 512.638 176.607 512.476 176.628C512.084 176.679 511.717 176.762 511.376 176.877C511.04 176.988 510.767 177.156 510.558 177.382C510.354 177.604 510.251 177.906 510.251 178.29C510.251 178.814 510.445 179.21 510.833 179.479C511.225 179.743 511.721 179.875 512.322 179.875ZM541.027 173.751V175.158H523.027V173.751H541.027ZM547.675 181V167.909H552.098C553.121 167.909 553.961 168.084 554.617 168.433C555.273 168.778 555.759 169.254 556.074 169.859C556.39 170.464 556.547 171.152 556.547 171.923C556.547 172.695 556.39 173.379 556.074 173.975C555.759 174.572 555.275 175.04 554.623 175.381C553.971 175.718 553.138 175.886 552.124 175.886H548.544V174.455H552.073C552.772 174.455 553.334 174.352 553.76 174.148C554.191 173.943 554.502 173.653 554.694 173.278C554.89 172.899 554.988 172.447 554.988 171.923C554.988 171.399 554.89 170.941 554.694 170.549C554.498 170.157 554.184 169.854 553.754 169.641C553.324 169.424 552.755 169.315 552.047 169.315H549.26V181H547.675ZM553.837 175.119L557.059 181H555.218L552.047 175.119H553.837ZM559.189 181V167.909H567.089V169.315H560.774V173.739H566.68V175.145H560.774V179.594H567.192V181H559.189ZM569.947 181V167.909H577.796V169.315H571.532V173.739H577.208V175.145H571.532V181H569.947ZM585.931 173.751V175.158H580.204V173.751H585.931ZM587.945 181V179.849L592.266 175.119C592.773 174.565 593.191 174.084 593.519 173.675C593.847 173.261 594.09 172.874 594.248 172.511C594.409 172.145 594.49 171.761 594.49 171.361C594.49 170.901 594.38 170.502 594.158 170.165C593.941 169.829 593.642 169.569 593.263 169.386C592.884 169.202 592.458 169.111 591.985 169.111C591.482 169.111 591.043 169.215 590.668 169.424C590.297 169.629 590.01 169.916 589.805 170.287C589.605 170.658 589.505 171.092 589.505 171.591H587.996C587.996 170.824 588.173 170.151 588.527 169.571C588.88 168.991 589.362 168.54 589.971 168.216C590.585 167.892 591.273 167.73 592.036 167.73C592.803 167.73 593.483 167.892 594.075 168.216C594.667 168.54 595.132 168.977 595.468 169.526C595.805 170.076 595.973 170.688 595.973 171.361C595.973 171.842 595.886 172.313 595.711 172.773C595.541 173.229 595.243 173.739 594.816 174.301C594.395 174.859 593.809 175.541 593.059 176.347L590.118 179.491V179.594H596.203V181H587.945ZM603.113 181.179C602.15 181.179 601.33 180.917 600.652 180.393C599.975 179.864 599.457 179.099 599.099 178.098C598.741 177.092 598.562 175.878 598.562 174.455C598.562 173.04 598.741 171.832 599.099 170.83C599.461 169.825 599.981 169.058 600.659 168.529C601.341 167.996 602.159 167.73 603.113 167.73C604.068 167.73 604.884 167.996 605.561 168.529C606.243 169.058 606.763 169.825 607.121 170.83C607.483 171.832 607.664 173.04 607.664 174.455C607.664 175.878 607.485 177.092 607.127 178.098C606.77 179.099 606.252 179.864 605.574 180.393C604.897 180.917 604.076 181.179 603.113 181.179ZM603.113 179.773C604.068 179.773 604.809 179.312 605.338 178.392C605.866 177.472 606.13 176.159 606.13 174.455C606.13 173.321 606.009 172.356 605.766 171.559C605.527 170.762 605.182 170.155 604.73 169.737C604.283 169.32 603.744 169.111 603.113 169.111C602.167 169.111 601.428 169.577 600.895 170.511C600.363 171.44 600.096 172.754 600.096 174.455C600.096 175.588 600.216 176.551 600.454 177.344C600.693 178.136 601.036 178.739 601.483 179.153C601.935 179.566 602.478 179.773 603.113 179.773ZM610.093 181V179.849L614.414 175.119C614.922 174.565 615.339 174.084 615.667 173.675C615.995 173.261 616.238 172.874 616.396 172.511C616.558 172.145 616.639 171.761 616.639 171.361C616.639 170.901 616.528 170.502 616.306 170.165C616.089 169.829 615.791 169.569 615.412 169.386C615.032 169.202 614.606 169.111 614.133 169.111C613.63 169.111 613.191 169.215 612.816 169.424C612.446 169.629 612.158 169.916 611.953 170.287C611.753 170.658 611.653 171.092 611.653 171.591H610.145C610.145 170.824 610.321 170.151 610.675 169.571C611.029 168.991 611.51 168.54 612.12 168.216C612.733 167.892 613.422 167.73 614.184 167.73C614.951 167.73 615.631 167.892 616.223 168.216C616.816 168.54 617.28 168.977 617.617 169.526C617.953 170.076 618.122 170.688 618.122 171.361C618.122 171.842 618.034 172.313 617.86 172.773C617.689 173.229 617.391 173.739 616.965 174.301C616.543 174.859 615.957 175.541 615.207 176.347L612.267 179.491V179.594H618.352V181H610.093ZM625.338 181.179C624.801 181.17 624.265 181.068 623.728 180.872C623.191 180.676 622.701 180.346 622.257 179.881C621.814 179.413 621.458 178.78 621.19 177.983C620.922 177.182 620.787 176.176 620.787 174.966C620.787 173.807 620.896 172.78 621.113 171.885C621.331 170.986 621.646 170.229 622.059 169.616C622.473 168.998 622.971 168.529 623.555 168.21C624.143 167.89 624.806 167.73 625.543 167.73C626.276 167.73 626.928 167.877 627.499 168.171C628.074 168.461 628.543 168.866 628.905 169.386C629.267 169.906 629.502 170.504 629.608 171.182H628.049C627.904 170.594 627.623 170.106 627.205 169.718C626.787 169.33 626.233 169.136 625.543 169.136C624.529 169.136 623.73 169.577 623.146 170.46C622.566 171.342 622.275 172.58 622.27 174.173H622.373C622.611 173.811 622.895 173.502 623.223 173.246C623.555 172.987 623.922 172.786 624.322 172.646C624.723 172.505 625.147 172.435 625.594 172.435C626.344 172.435 627.03 172.622 627.652 172.997C628.275 173.368 628.773 173.881 629.148 174.538C629.523 175.19 629.711 175.938 629.711 176.781C629.711 177.591 629.529 178.332 629.167 179.006C628.805 179.675 628.296 180.207 627.64 180.604C626.988 180.996 626.221 181.188 625.338 181.179ZM625.338 179.773C625.875 179.773 626.357 179.638 626.783 179.37C627.213 179.102 627.552 178.741 627.799 178.29C628.051 177.838 628.176 177.335 628.176 176.781C628.176 176.24 628.055 175.748 627.812 175.305C627.574 174.857 627.243 174.501 626.821 174.237C626.404 173.973 625.926 173.841 625.39 173.841C624.985 173.841 624.608 173.922 624.258 174.084C623.909 174.241 623.602 174.459 623.338 174.736C623.078 175.013 622.873 175.33 622.724 175.688C622.575 176.042 622.5 176.415 622.5 176.807C622.5 177.327 622.622 177.812 622.865 178.264C623.112 178.716 623.449 179.08 623.875 179.357C624.305 179.634 624.793 179.773 625.338 179.773ZM637.875 173.751V175.158H632.148V173.751H637.875ZM644.773 181.179C643.81 181.179 642.99 180.917 642.312 180.393C641.635 179.864 641.117 179.099 640.759 178.098C640.401 177.092 640.222 175.878 640.222 174.455C640.222 173.04 640.401 171.832 640.759 170.83C641.121 169.825 641.641 169.058 642.319 168.529C643.001 167.996 643.819 167.73 644.773 167.73C645.728 167.73 646.544 167.996 647.222 168.529C647.903 169.058 648.423 169.825 648.781 170.83C649.143 171.832 649.325 173.04 649.325 174.455C649.325 175.878 649.146 177.092 648.788 178.098C648.43 179.099 647.912 179.864 647.234 180.393C646.557 180.917 645.737 181.179 644.773 181.179ZM644.773 179.773C645.728 179.773 646.469 179.312 646.998 178.392C647.526 177.472 647.79 176.159 647.79 174.455C647.79 173.321 647.669 172.356 647.426 171.559C647.188 170.762 646.842 170.155 646.391 169.737C645.943 169.32 645.404 169.111 644.773 169.111C643.827 169.111 643.088 169.577 642.555 170.511C642.023 171.44 641.756 172.754 641.756 174.455C641.756 175.588 641.876 176.551 642.114 177.344C642.353 178.136 642.696 178.739 643.143 179.153C643.595 179.566 644.138 179.773 644.773 179.773ZM656.023 181.179C655.06 181.179 654.24 180.917 653.562 180.393C652.885 179.864 652.367 179.099 652.009 178.098C651.651 177.092 651.472 175.878 651.472 174.455C651.472 173.04 651.651 171.832 652.009 170.83C652.371 169.825 652.891 169.058 653.569 168.529C654.251 167.996 655.069 167.73 656.023 167.73C656.978 167.73 657.794 167.996 658.472 168.529C659.153 169.058 659.673 169.825 660.031 170.83C660.393 171.832 660.575 173.04 660.575 174.455C660.575 175.878 660.396 177.092 660.038 178.098C659.68 179.099 659.162 179.864 658.484 180.393C657.807 180.917 656.987 181.179 656.023 181.179ZM656.023 179.773C656.978 179.773 657.719 179.312 658.248 178.392C658.776 177.472 659.04 176.159 659.04 174.455C659.04 173.321 658.919 172.356 658.676 171.559C658.438 170.762 658.092 170.155 657.641 169.737C657.193 169.32 656.654 169.111 656.023 169.111C655.077 169.111 654.338 169.577 653.805 170.511C653.273 171.44 653.006 172.754 653.006 174.455C653.006 175.588 653.126 176.551 653.364 177.344C653.603 178.136 653.946 178.739 654.393 179.153C654.845 179.566 655.388 179.773 656.023 179.773ZM667.606 167.909V181H666.021V169.571H665.944L662.748 171.693V170.082L666.021 167.909H667.606Z" fill="#171717"/>
<path d="M938.4 177.5L937 176.1L942.6 170.5L937 164.9L938.4 163.5L944 169.1L949.6 163.5L951 164.9L945.4 170.5L951 176.1L949.6 177.5L944 171.9L938.4 177.5Z" fill="#737783"/>
<rect x="329.5" y="229.5" width="621" height="159" rx="3.5" fill="#F5F3F3"/>
<rect x="329.5" y="229.5" width="621" height="159" rx="3.5" stroke="#DFDFDF"/>
<path d="M354 254C352.9 254 351.958 253.608 351.175 252.825C350.392 252.042 350 251.1 350 250C350 248.9 350.392 247.958 351.175 247.175C351.958 246.392 352.9 246 354 246C355.1 246 356.042 246.392 356.825 247.175C357.608 247.958 358 248.9 358 250C358 251.1 357.608 252.042 356.825 252.825C356.042 253.608 355.1 254 354 254ZM346 262V259.2C346 258.633 346.146 258.113 346.438 257.637C346.729 257.162 347.117 256.8 347.6 256.55C348.633 256.033 349.683 255.646 350.75 255.387C351.817 255.129 352.9 255 354 255C355.1 255 356.183 255.129 357.25 255.387C358.317 255.646 359.367 256.033 360.4 256.55C360.883 256.8 361.271 257.162 361.562 257.637C361.854 258.113 362 258.633 362 259.2V262H346Z" fill="#737783"/>
<path d="M372.466 248.818V259H371.233V248.818H372.466ZM378.08 259H374.938V248.818H378.219C379.207 248.818 380.052 249.022 380.755 249.43C381.457 249.834 381.996 250.416 382.371 251.175C382.745 251.93 382.932 252.835 382.932 253.889C382.932 254.95 382.743 255.863 382.366 256.629C381.988 257.391 381.438 257.978 380.715 258.388C379.992 258.796 379.114 259 378.08 259ZM376.171 257.906H378.001C378.842 257.906 379.54 257.744 380.094 257.419C380.647 257.094 381.06 256.632 381.331 256.032C381.603 255.432 381.739 254.718 381.739 253.889C381.739 253.067 381.605 252.36 381.336 251.766C381.068 251.17 380.667 250.712 380.133 250.394C379.6 250.073 378.935 249.912 378.14 249.912H376.171V257.906ZM385.001 259V248.818H391.145V249.912H386.233V253.352H390.827V254.446H386.233V257.906H391.225V259H385.001ZM401.442 248.818V259H400.248L394.7 251.006H394.601V259H393.368V248.818H394.561L400.129 256.832H400.229V248.818H401.442ZM403.352 249.912V248.818H410.988V249.912H407.787V259H406.554V249.912H403.352ZM414.124 248.818V259H412.891V248.818H414.124ZM416.039 249.912V248.818H423.676V249.912H420.474V259H419.241V249.912H416.039ZM424.807 259H423.514L427.253 248.818H428.526L432.264 259H430.972L427.929 250.429H427.849L424.807 259ZM425.284 255.023H430.494V256.116H425.284V255.023ZM439.418 251.364C439.359 250.86 439.117 250.469 438.692 250.19C438.268 249.912 437.748 249.773 437.131 249.773C436.681 249.773 436.286 249.846 435.948 249.991C435.613 250.137 435.352 250.338 435.163 250.593C434.977 250.848 434.884 251.138 434.884 251.463C434.884 251.735 434.949 251.969 435.078 252.164C435.211 252.356 435.38 252.517 435.585 252.646C435.791 252.772 436.006 252.877 436.232 252.96C436.457 253.039 436.664 253.104 436.853 253.153L437.887 253.432C438.152 253.501 438.447 253.598 438.772 253.72C439.1 253.843 439.413 254.01 439.712 254.222C440.013 254.431 440.262 254.7 440.457 255.028C440.653 255.356 440.751 255.759 440.751 256.236C440.751 256.786 440.607 257.283 440.318 257.727C440.033 258.171 439.616 258.524 439.065 258.786C438.518 259.048 437.854 259.179 437.072 259.179C436.343 259.179 435.711 259.061 435.178 258.826C434.647 258.591 434.23 258.263 433.925 257.842C433.623 257.421 433.452 256.932 433.413 256.375H434.685C434.719 256.759 434.848 257.078 435.073 257.33C435.302 257.578 435.59 257.764 435.938 257.886C436.29 258.006 436.667 258.065 437.072 258.065C437.542 258.065 437.965 257.989 438.339 257.837C438.714 257.681 439.011 257.465 439.229 257.19C439.448 256.912 439.558 256.587 439.558 256.216C439.558 255.878 439.463 255.603 439.274 255.391C439.085 255.179 438.837 255.006 438.528 254.874C438.22 254.741 437.887 254.625 437.529 254.526L436.276 254.168C435.481 253.939 434.851 253.612 434.387 253.188C433.923 252.764 433.691 252.209 433.691 251.523C433.691 250.953 433.845 250.455 434.153 250.031C434.465 249.604 434.883 249.272 435.406 249.037C435.933 248.798 436.522 248.679 437.171 248.679C437.827 248.679 438.411 248.797 438.921 249.032C439.432 249.264 439.836 249.582 440.134 249.987C440.436 250.391 440.595 250.85 440.612 251.364H439.418ZM448.565 259L445.781 248.818H447.034L449.161 257.111H449.261L451.428 248.818H452.82L454.988 257.111H455.088L457.215 248.818H458.468L455.684 259H454.411L452.164 250.886H452.085L449.838 259H448.565ZM459.629 259H458.336L462.075 248.818H463.348L467.086 259H465.794L462.751 250.429H462.672L459.629 259ZM460.106 255.023H465.317V256.116H460.106V255.023ZM468.672 259V248.818H472.113C472.908 248.818 473.561 248.954 474.072 249.226C474.582 249.494 474.96 249.864 475.205 250.335C475.45 250.805 475.573 251.34 475.573 251.94C475.573 252.54 475.45 253.072 475.205 253.536C474.96 254 474.584 254.365 474.077 254.63C473.569 254.892 472.921 255.023 472.133 255.023H469.349V253.909H472.093C472.636 253.909 473.074 253.83 473.405 253.67C473.74 253.511 473.982 253.286 474.131 252.994C474.284 252.699 474.36 252.348 474.36 251.94C474.36 251.533 474.284 251.176 474.131 250.871C473.979 250.567 473.735 250.331 473.4 250.165C473.066 249.996 472.623 249.912 472.073 249.912H469.905V259H468.672ZM473.465 254.426L475.971 259H474.539L472.073 254.426H473.465ZM484.588 252C484.478 251.665 484.334 251.365 484.155 251.1C483.98 250.832 483.769 250.603 483.524 250.414C483.282 250.225 483.007 250.081 482.699 249.982C482.39 249.882 482.052 249.832 481.684 249.832C481.081 249.832 480.533 249.988 480.039 250.3C479.545 250.611 479.152 251.07 478.86 251.677C478.569 252.283 478.423 253.027 478.423 253.909C478.423 254.791 478.57 255.535 478.865 256.141C479.16 256.748 479.56 257.207 480.064 257.518C480.567 257.83 481.134 257.986 481.764 257.986C482.347 257.986 482.861 257.862 483.305 257.613C483.752 257.361 484.1 257.006 484.349 256.549C484.601 256.088 484.727 255.546 484.727 254.923L485.105 255.003H482.042V253.909H485.92V255.003C485.92 255.841 485.741 256.571 485.383 257.19C485.029 257.81 484.538 258.291 483.912 258.632C483.288 258.97 482.573 259.139 481.764 259.139C480.862 259.139 480.07 258.927 479.387 258.503C478.708 258.079 478.178 257.475 477.797 256.693C477.419 255.911 477.23 254.983 477.23 253.909C477.23 253.104 477.337 252.379 477.553 251.737C477.772 251.09 478.08 250.54 478.478 250.086C478.875 249.632 479.346 249.284 479.89 249.042C480.433 248.8 481.031 248.679 481.684 248.679C482.221 248.679 482.722 248.76 483.186 248.923C483.653 249.082 484.069 249.309 484.434 249.604C484.801 249.895 485.108 250.245 485.353 250.653C485.599 251.057 485.768 251.506 485.86 252H484.588ZM488.135 259H486.842L490.581 248.818H491.854L495.592 259H494.3L491.257 250.429H491.178L488.135 259ZM488.612 255.023H493.822V256.116H488.612V255.023Z" fill="#171717"/>
<path d="M353.977 273.273V282H352.955L348.199 275.148H348.114V282H347.057V273.273H348.08L352.852 280.142H352.938V273.273H353.977ZM358.122 282.153C357.707 282.153 357.331 282.075 356.992 281.919C356.654 281.76 356.386 281.531 356.187 281.233C355.988 280.932 355.889 280.568 355.889 280.142C355.889 279.767 355.963 279.463 356.11 279.23C356.258 278.994 356.456 278.81 356.703 278.676C356.95 278.543 357.223 278.443 357.521 278.378C357.822 278.31 358.125 278.256 358.429 278.216C358.826 278.165 359.149 278.126 359.396 278.101C359.646 278.072 359.828 278.026 359.941 277.96C360.058 277.895 360.116 277.781 360.116 277.619V277.585C360.116 277.165 360.001 276.838 359.771 276.605C359.544 276.372 359.198 276.256 358.735 276.256C358.255 276.256 357.879 276.361 357.606 276.571C357.333 276.781 357.142 277.006 357.031 277.244L356.076 276.903C356.247 276.506 356.474 276.196 356.758 275.974C357.045 275.75 357.358 275.594 357.696 275.506C358.037 275.415 358.372 275.369 358.701 275.369C358.912 275.369 359.153 275.395 359.426 275.446C359.701 275.494 359.967 275.595 360.223 275.749C360.481 275.902 360.696 276.134 360.866 276.443C361.037 276.753 361.122 277.168 361.122 277.688V282H360.116V281.114H360.065C359.997 281.256 359.883 281.408 359.724 281.57C359.565 281.732 359.353 281.869 359.089 281.983C358.825 282.097 358.502 282.153 358.122 282.153ZM358.275 281.25C358.673 281.25 359.008 281.172 359.281 281.016C359.556 280.859 359.764 280.658 359.903 280.411C360.045 280.163 360.116 279.903 360.116 279.631V278.71C360.073 278.761 359.98 278.808 359.835 278.851C359.693 278.891 359.528 278.926 359.34 278.957C359.156 278.986 358.975 279.011 358.799 279.034C358.626 279.054 358.485 279.071 358.377 279.085C358.116 279.119 357.872 279.175 357.644 279.251C357.42 279.325 357.238 279.437 357.099 279.588C356.963 279.736 356.894 279.937 356.894 280.193C356.894 280.543 357.024 280.807 357.282 280.986C357.544 281.162 357.875 281.25 358.275 281.25ZM363.197 282V275.455H364.169V276.477H364.254C364.391 276.128 364.611 275.857 364.915 275.663C365.219 275.467 365.584 275.369 366.01 275.369C366.442 275.369 366.801 275.467 367.088 275.663C367.378 275.857 367.604 276.128 367.766 276.477H367.834C368.001 276.139 368.253 275.871 368.588 275.672C368.923 275.47 369.325 275.369 369.794 275.369C370.379 275.369 370.858 275.553 371.23 275.919C371.602 276.283 371.788 276.849 371.788 277.619V282H370.783V277.619C370.783 277.136 370.65 276.791 370.386 276.584C370.122 276.376 369.811 276.273 369.453 276.273C368.993 276.273 368.636 276.412 368.383 276.69C368.131 276.966 368.004 277.315 368.004 277.739V282H366.981V277.517C366.981 277.145 366.861 276.845 366.619 276.618C366.378 276.388 366.067 276.273 365.686 276.273C365.425 276.273 365.18 276.342 364.953 276.482C364.729 276.621 364.547 276.814 364.408 277.061C364.271 277.305 364.203 277.588 364.203 277.909V282H363.197ZM375.793 282.153C375.378 282.153 375.002 282.075 374.664 281.919C374.326 281.76 374.057 281.531 373.858 281.233C373.66 280.932 373.56 280.568 373.56 280.142C373.56 279.767 373.634 279.463 373.782 279.23C373.93 278.994 374.127 278.81 374.374 278.676C374.621 278.543 374.894 278.443 375.192 278.378C375.493 278.31 375.796 278.256 376.1 278.216C376.498 278.165 376.82 278.126 377.067 278.101C377.317 278.072 377.499 278.026 377.613 277.96C377.729 277.895 377.787 277.781 377.787 277.619V277.585C377.787 277.165 377.672 276.838 377.442 276.605C377.215 276.372 376.87 276.256 376.407 276.256C375.927 276.256 375.55 276.361 375.278 276.571C375.005 276.781 374.813 277.006 374.702 277.244L373.748 276.903C373.918 276.506 374.145 276.196 374.43 275.974C374.716 275.75 375.029 275.594 375.367 275.506C375.708 275.415 376.043 275.369 376.373 275.369C376.583 275.369 376.824 275.395 377.097 275.446C377.373 275.494 377.638 275.595 377.894 275.749C378.153 275.902 378.367 276.134 378.537 276.443C378.708 276.753 378.793 277.168 378.793 277.688V282H377.787V281.114H377.736C377.668 281.256 377.555 281.408 377.395 281.57C377.236 281.732 377.025 281.869 376.76 281.983C376.496 282.097 376.174 282.153 375.793 282.153ZM375.947 281.25C376.344 281.25 376.68 281.172 376.952 281.016C377.228 280.859 377.435 280.658 377.574 280.411C377.716 280.163 377.787 279.903 377.787 279.631V278.71C377.745 278.761 377.651 278.808 377.506 278.851C377.364 278.891 377.199 278.926 377.012 278.957C376.827 278.986 376.647 279.011 376.471 279.034C376.297 279.054 376.157 279.071 376.049 279.085C375.787 279.119 375.543 279.175 375.316 279.251C375.091 279.325 374.91 279.437 374.77 279.588C374.634 279.736 374.566 279.937 374.566 280.193C374.566 280.543 374.695 280.807 374.954 280.986C375.215 281.162 375.546 281.25 375.947 281.25ZM386.205 282L383.819 273.273H384.893L386.717 280.381H386.802L388.66 273.273H389.853L391.711 280.381H391.796L393.62 273.273H394.694L392.308 282H391.217L389.291 275.045H389.222L387.296 282H386.205ZM397.431 282.153C397.016 282.153 396.64 282.075 396.302 281.919C395.964 281.76 395.695 281.531 395.496 281.233C395.298 280.932 395.198 280.568 395.198 280.142C395.198 279.767 395.272 279.463 395.42 279.23C395.567 278.994 395.765 278.81 396.012 278.676C396.259 278.543 396.532 278.443 396.83 278.378C397.131 278.31 397.434 278.256 397.738 278.216C398.136 278.165 398.458 278.126 398.705 278.101C398.955 278.072 399.137 278.026 399.251 277.96C399.367 277.895 399.425 277.781 399.425 277.619V277.585C399.425 277.165 399.31 276.838 399.08 276.605C398.853 276.372 398.508 276.256 398.045 276.256C397.565 276.256 397.188 276.361 396.915 276.571C396.643 276.781 396.451 277.006 396.34 277.244L395.386 276.903C395.556 276.506 395.783 276.196 396.067 275.974C396.354 275.75 396.667 275.594 397.005 275.506C397.346 275.415 397.681 275.369 398.011 275.369C398.221 275.369 398.462 275.395 398.735 275.446C399.011 275.494 399.276 275.595 399.532 275.749C399.79 275.902 400.005 276.134 400.175 276.443C400.346 276.753 400.431 277.168 400.431 277.688V282H399.425V281.114H399.374C399.306 281.256 399.192 281.408 399.033 281.57C398.874 281.732 398.663 281.869 398.398 281.983C398.134 282.097 397.812 282.153 397.431 282.153ZM397.585 281.25C397.982 281.25 398.317 281.172 398.59 281.016C398.866 280.859 399.073 280.658 399.212 280.411C399.354 280.163 399.425 279.903 399.425 279.631V278.71C399.383 278.761 399.289 278.808 399.144 278.851C399.002 278.891 398.837 278.926 398.65 278.957C398.465 278.986 398.285 279.011 398.109 279.034C397.935 279.054 397.795 279.071 397.687 279.085C397.425 279.119 397.181 279.175 396.954 279.251C396.729 279.325 396.548 279.437 396.408 279.588C396.272 279.736 396.204 279.937 396.204 280.193C396.204 280.543 396.333 280.807 396.592 280.986C396.853 281.162 397.184 281.25 397.585 281.25ZM402.507 282V275.455H403.478V276.443H403.546C403.666 276.119 403.882 275.857 404.194 275.655C404.507 275.453 404.859 275.352 405.251 275.352C405.325 275.352 405.417 275.354 405.528 275.357C405.639 275.359 405.723 275.364 405.779 275.369V276.392C405.745 276.384 405.667 276.371 405.545 276.354C405.426 276.334 405.299 276.324 405.166 276.324C404.848 276.324 404.564 276.391 404.314 276.524C404.066 276.655 403.87 276.837 403.725 277.07C403.583 277.3 403.512 277.562 403.512 277.858V282H402.507ZM409.654 284.591C409.169 284.591 408.751 284.528 408.402 284.403C408.052 284.281 407.761 284.119 407.528 283.918C407.298 283.719 407.115 283.506 406.978 283.278L407.779 282.716C407.87 282.835 407.985 282.972 408.125 283.125C408.264 283.281 408.454 283.416 408.696 283.53C408.94 283.646 409.259 283.705 409.654 283.705C410.183 283.705 410.619 283.577 410.963 283.321C411.306 283.065 411.478 282.665 411.478 282.119V280.79H411.393C411.319 280.909 411.214 281.057 411.078 281.233C410.944 281.406 410.751 281.561 410.498 281.697C410.248 281.831 409.91 281.898 409.484 281.898C408.956 281.898 408.481 281.773 408.061 281.523C407.643 281.273 407.312 280.909 407.068 280.432C406.826 279.955 406.706 279.375 406.706 278.693C406.706 278.023 406.823 277.439 407.059 276.942C407.295 276.442 407.623 276.055 408.044 275.783C408.464 275.507 408.95 275.369 409.501 275.369C409.927 275.369 410.265 275.44 410.515 275.582C410.768 275.722 410.961 275.881 411.095 276.06C411.231 276.236 411.336 276.381 411.41 276.494H411.512V275.455H412.484V282.188C412.484 282.75 412.356 283.207 412.1 283.56C411.848 283.915 411.507 284.175 411.078 284.339C410.652 284.507 410.177 284.591 409.654 284.591ZM409.62 280.994C410.024 280.994 410.365 280.902 410.643 280.717C410.921 280.533 411.133 280.267 411.278 279.92C411.423 279.574 411.495 279.159 411.495 278.676C411.495 278.205 411.424 277.788 411.282 277.428C411.14 277.067 410.93 276.784 410.652 276.58C410.373 276.375 410.029 276.273 409.62 276.273C409.194 276.273 408.839 276.381 408.555 276.597C408.274 276.812 408.062 277.102 407.92 277.466C407.781 277.83 407.711 278.233 407.711 278.676C407.711 279.131 407.782 279.533 407.924 279.882C408.069 280.229 408.282 280.501 408.563 280.7C408.848 280.896 409.2 280.994 409.62 280.994ZM416.491 282.153C416.076 282.153 415.7 282.075 415.362 281.919C415.024 281.76 414.755 281.531 414.556 281.233C414.357 280.932 414.258 280.568 414.258 280.142C414.258 279.767 414.332 279.463 414.48 279.23C414.627 278.994 414.825 278.81 415.072 278.676C415.319 278.543 415.592 278.443 415.89 278.378C416.191 278.31 416.494 278.256 416.798 278.216C417.196 278.165 417.518 278.126 417.765 278.101C418.015 278.072 418.197 278.026 418.311 277.96C418.427 277.895 418.485 277.781 418.485 277.619V277.585C418.485 277.165 418.37 276.838 418.14 276.605C417.913 276.372 417.568 276.256 417.105 276.256C416.624 276.256 416.248 276.361 415.975 276.571C415.703 276.781 415.511 277.006 415.4 277.244L414.446 276.903C414.616 276.506 414.843 276.196 415.127 275.974C415.414 275.75 415.727 275.594 416.065 275.506C416.406 275.415 416.741 275.369 417.071 275.369C417.281 275.369 417.522 275.395 417.795 275.446C418.071 275.494 418.336 275.595 418.592 275.749C418.85 275.902 419.065 276.134 419.235 276.443C419.406 276.753 419.491 277.168 419.491 277.688V282H418.485V281.114H418.434C418.366 281.256 418.252 281.408 418.093 281.57C417.934 281.732 417.723 281.869 417.458 281.983C417.194 282.097 416.872 282.153 416.491 282.153ZM416.644 281.25C417.042 281.25 417.377 281.172 417.65 281.016C417.926 280.859 418.133 280.658 418.272 280.411C418.414 280.163 418.485 279.903 418.485 279.631V278.71C418.443 278.761 418.349 278.808 418.204 278.851C418.062 278.891 417.897 278.926 417.71 278.957C417.525 278.986 417.345 279.011 417.169 279.034C416.995 279.054 416.855 279.071 416.747 279.085C416.485 279.119 416.241 279.175 416.014 279.251C415.789 279.325 415.607 279.437 415.468 279.588C415.332 279.736 415.264 279.937 415.264 280.193C415.264 280.543 415.393 280.807 415.651 280.986C415.913 281.162 416.244 281.25 416.644 281.25Z" fill="#454545"/>
<path d="M353.773 295.273C353.705 294.697 353.428 294.25 352.943 293.932C352.458 293.614 351.864 293.455 351.159 293.455C350.644 293.455 350.193 293.538 349.807 293.705C349.424 293.871 349.125 294.1 348.909 294.392C348.697 294.684 348.591 295.015 348.591 295.386C348.591 295.697 348.665 295.964 348.812 296.188C348.964 296.407 349.157 296.591 349.392 296.739C349.627 296.883 349.873 297.002 350.131 297.097C350.388 297.187 350.625 297.261 350.841 297.318L352.023 297.636C352.326 297.716 352.663 297.826 353.034 297.966C353.409 298.106 353.767 298.297 354.108 298.54C354.453 298.778 354.737 299.085 354.96 299.46C355.184 299.835 355.295 300.295 355.295 300.841C355.295 301.47 355.131 302.038 354.801 302.545C354.475 303.053 353.998 303.456 353.369 303.756C352.744 304.055 351.985 304.205 351.091 304.205C350.258 304.205 349.536 304.07 348.926 303.801C348.32 303.532 347.843 303.157 347.494 302.676C347.15 302.195 346.955 301.636 346.909 301H348.364C348.402 301.439 348.549 301.803 348.807 302.091C349.068 302.375 349.398 302.587 349.795 302.727C350.197 302.864 350.629 302.932 351.091 302.932C351.629 302.932 352.112 302.845 352.54 302.67C352.968 302.492 353.307 302.246 353.557 301.932C353.807 301.614 353.932 301.242 353.932 300.818C353.932 300.432 353.824 300.117 353.608 299.875C353.392 299.633 353.108 299.436 352.756 299.284C352.403 299.133 352.023 299 351.614 298.886L350.182 298.477C349.273 298.216 348.553 297.843 348.023 297.358C347.492 296.873 347.227 296.239 347.227 295.455C347.227 294.803 347.403 294.235 347.756 293.75C348.112 293.261 348.589 292.883 349.188 292.614C349.79 292.341 350.462 292.205 351.205 292.205C351.955 292.205 352.621 292.339 353.205 292.608C353.788 292.873 354.25 293.237 354.591 293.699C354.936 294.161 355.117 294.686 355.136 295.273H353.773ZM357.43 304V295.273H358.771V304H357.43ZM358.112 293.818C357.851 293.818 357.625 293.729 357.436 293.551C357.25 293.373 357.158 293.159 357.158 292.909C357.158 292.659 357.25 292.445 357.436 292.267C357.625 292.089 357.851 292 358.112 292C358.374 292 358.597 292.089 358.783 292.267C358.972 292.445 359.067 292.659 359.067 292.909C359.067 293.159 358.972 293.373 358.783 293.551C358.597 293.729 358.374 293.818 358.112 293.818ZM365.023 295.273V296.409H360.5V295.273H365.023ZM361.818 293.182H363.159V301.5C363.159 301.879 363.214 302.163 363.324 302.352C363.438 302.538 363.581 302.663 363.756 302.727C363.934 302.788 364.121 302.818 364.318 302.818C364.466 302.818 364.587 302.811 364.682 302.795C364.777 302.777 364.852 302.761 364.909 302.75L365.182 303.955C365.091 303.989 364.964 304.023 364.801 304.057C364.638 304.095 364.432 304.114 364.182 304.114C363.803 304.114 363.432 304.032 363.068 303.869C362.708 303.706 362.409 303.458 362.17 303.125C361.936 302.792 361.818 302.371 361.818 301.864V293.182ZM367.04 304V295.273H368.381V304H367.04ZM367.722 293.818C367.46 293.818 367.235 293.729 367.045 293.551C366.86 293.373 366.767 293.159 366.767 292.909C366.767 292.659 366.86 292.445 367.045 292.267C367.235 292.089 367.46 292 367.722 292C367.983 292 368.206 292.089 368.392 292.267C368.581 292.445 368.676 292.659 368.676 292.909C368.676 293.159 368.581 293.373 368.392 293.551C368.206 293.729 367.983 293.818 367.722 293.818ZM375.996 304H374.518L378.791 292.364H380.246L384.518 304H383.041L379.564 294.205H379.473L375.996 304ZM376.541 299.455H382.496V300.705H376.541V299.455ZM386.149 304V295.273H387.445V296.636H387.558C387.74 296.17 388.034 295.809 388.439 295.551C388.844 295.29 389.331 295.159 389.899 295.159C390.475 295.159 390.954 295.29 391.337 295.551C391.723 295.809 392.024 296.17 392.24 296.636H392.331C392.554 296.186 392.89 295.828 393.337 295.562C393.784 295.294 394.32 295.159 394.945 295.159C395.725 295.159 396.363 295.403 396.859 295.892C397.356 296.377 397.604 297.133 397.604 298.159V304H396.263V298.159C396.263 297.515 396.087 297.055 395.734 296.778C395.382 296.502 394.967 296.364 394.49 296.364C393.876 296.364 393.401 296.549 393.064 296.92C392.727 297.288 392.558 297.754 392.558 298.318V304H391.195V298.023C391.195 297.527 391.034 297.127 390.712 296.824C390.39 296.517 389.975 296.364 389.467 296.364C389.119 296.364 388.793 296.456 388.49 296.642C388.191 296.828 387.948 297.085 387.763 297.415C387.581 297.741 387.49 298.117 387.49 298.545V304H386.149ZM400.055 304V295.273H401.396V304H400.055ZM400.737 293.818C400.476 293.818 400.25 293.729 400.061 293.551C399.875 293.373 399.783 293.159 399.783 292.909C399.783 292.659 399.875 292.445 400.061 292.267C400.25 292.089 400.476 292 400.737 292C400.999 292 401.222 292.089 401.408 292.267C401.597 292.445 401.692 292.659 401.692 292.909C401.692 293.159 401.597 293.373 401.408 293.551C401.222 293.729 400.999 293.818 400.737 293.818ZM405.193 298.75V304H403.852V295.273H405.148V296.636H405.261C405.466 296.193 405.777 295.837 406.193 295.568C406.61 295.295 407.148 295.159 407.807 295.159C408.398 295.159 408.915 295.28 409.358 295.523C409.801 295.761 410.146 296.125 410.392 296.614C410.638 297.098 410.761 297.712 410.761 298.455V304H409.42V298.545C409.42 297.86 409.242 297.326 408.886 296.943C408.53 296.557 408.042 296.364 407.42 296.364C406.992 296.364 406.61 296.456 406.273 296.642C405.939 296.828 405.676 297.098 405.483 297.455C405.29 297.811 405.193 298.242 405.193 298.75ZM415.78 304.205C415.227 304.205 414.725 304.1 414.274 303.892C413.823 303.68 413.465 303.375 413.2 302.977C412.935 302.576 412.803 302.091 412.803 301.523C412.803 301.023 412.901 300.617 413.098 300.307C413.295 299.992 413.558 299.746 413.888 299.568C414.217 299.39 414.581 299.258 414.979 299.17C415.38 299.08 415.784 299.008 416.189 298.955C416.719 298.886 417.149 298.835 417.479 298.801C417.812 298.763 418.054 298.701 418.206 298.614C418.361 298.527 418.439 298.375 418.439 298.159V298.114C418.439 297.553 418.286 297.117 417.979 296.807C417.676 296.496 417.215 296.341 416.598 296.341C415.958 296.341 415.456 296.481 415.092 296.761C414.729 297.042 414.473 297.341 414.325 297.659L413.053 297.205C413.28 296.674 413.583 296.261 413.962 295.966C414.344 295.667 414.761 295.458 415.212 295.341C415.666 295.22 416.113 295.159 416.553 295.159C416.833 295.159 417.155 295.193 417.518 295.261C417.886 295.326 418.24 295.46 418.581 295.665C418.926 295.869 419.212 296.178 419.439 296.591C419.666 297.004 419.78 297.557 419.78 298.25V304H418.439V302.818H418.371C418.28 303.008 418.128 303.21 417.916 303.426C417.704 303.642 417.422 303.826 417.07 303.977C416.717 304.129 416.287 304.205 415.78 304.205ZM415.984 303C416.515 303 416.962 302.896 417.325 302.688C417.693 302.479 417.969 302.21 418.155 301.881C418.344 301.551 418.439 301.205 418.439 300.841V299.614C418.382 299.682 418.257 299.744 418.064 299.801C417.875 299.854 417.655 299.902 417.405 299.943C417.159 299.981 416.918 300.015 416.683 300.045C416.452 300.072 416.265 300.095 416.121 300.114C415.772 300.159 415.446 300.233 415.143 300.335C414.844 300.434 414.602 300.583 414.416 300.784C414.234 300.981 414.143 301.25 414.143 301.591C414.143 302.057 414.316 302.409 414.661 302.648C415.009 302.883 415.45 303 415.984 303ZM423.568 298.75V304H422.227V292.364H423.568V296.636H423.682C423.886 296.186 424.193 295.828 424.602 295.562C425.015 295.294 425.564 295.159 426.25 295.159C426.845 295.159 427.366 295.278 427.812 295.517C428.259 295.752 428.606 296.114 428.852 296.602C429.102 297.087 429.227 297.705 429.227 298.455V304H427.886V298.545C427.886 297.852 427.706 297.316 427.347 296.938C426.991 296.555 426.496 296.364 425.864 296.364C425.424 296.364 425.03 296.456 424.682 296.642C424.337 296.828 424.064 297.098 423.864 297.455C423.667 297.811 423.568 298.242 423.568 298.75Z" fill="#171717"/>
<path d="M652.398 273.273H653.455V279.511C653.455 280.068 653.352 280.541 653.148 280.93C652.943 281.32 652.655 281.615 652.283 281.817C651.911 282.018 651.472 282.119 650.966 282.119C650.489 282.119 650.064 282.033 649.692 281.859C649.32 281.683 649.027 281.433 648.814 281.109C648.601 280.786 648.494 280.401 648.494 279.955H649.534C649.534 280.202 649.595 280.418 649.717 280.602C649.842 280.784 650.013 280.926 650.229 281.028C650.445 281.131 650.69 281.182 650.966 281.182C651.27 281.182 651.528 281.118 651.741 280.99C651.955 280.862 652.116 280.675 652.227 280.428C652.341 280.178 652.398 279.872 652.398 279.511V273.273ZM657.602 282.153C657.187 282.153 656.811 282.075 656.473 281.919C656.135 281.76 655.866 281.531 655.668 281.233C655.469 280.932 655.369 280.568 655.369 280.142C655.369 279.767 655.443 279.463 655.591 279.23C655.739 278.994 655.936 278.81 656.183 278.676C656.43 278.543 656.703 278.443 657.001 278.378C657.302 278.31 657.605 278.256 657.909 278.216C658.307 278.165 658.629 278.126 658.876 278.101C659.126 278.072 659.308 278.026 659.422 277.96C659.538 277.895 659.597 277.781 659.597 277.619V277.585C659.597 277.165 659.481 276.838 659.251 276.605C659.024 276.372 658.679 276.256 658.216 276.256C657.736 276.256 657.359 276.361 657.087 276.571C656.814 276.781 656.622 277.006 656.511 277.244L655.557 276.903C655.727 276.506 655.954 276.196 656.239 275.974C656.526 275.75 656.838 275.594 657.176 275.506C657.517 275.415 657.852 275.369 658.182 275.369C658.392 275.369 658.633 275.395 658.906 275.446C659.182 275.494 659.447 275.595 659.703 275.749C659.962 275.902 660.176 276.134 660.347 276.443C660.517 276.753 660.602 277.168 660.602 277.688V282H659.597V281.114H659.545C659.477 281.256 659.364 281.408 659.204 281.57C659.045 281.732 658.834 281.869 658.57 281.983C658.305 282.097 657.983 282.153 657.602 282.153ZM657.756 281.25C658.153 281.25 658.489 281.172 658.761 281.016C659.037 280.859 659.244 280.658 659.383 280.411C659.526 280.163 659.597 279.903 659.597 279.631V278.71C659.554 278.761 659.46 278.808 659.315 278.851C659.173 278.891 659.008 278.926 658.821 278.957C658.636 278.986 658.456 279.011 658.28 279.034C658.106 279.054 657.966 279.071 657.858 279.085C657.597 279.119 657.352 279.175 657.125 279.251C656.901 279.325 656.719 279.437 656.579 279.588C656.443 279.736 656.375 279.937 656.375 280.193C656.375 280.543 656.504 280.807 656.763 280.986C657.024 281.162 657.355 281.25 657.756 281.25ZM663.683 273.273V282H662.678V273.273H663.683ZM669.89 279.324V275.455H670.896V282H669.89V280.892H669.822C669.669 281.224 669.43 281.507 669.106 281.74C668.782 281.97 668.373 282.085 667.879 282.085C667.47 282.085 667.106 281.996 666.788 281.817C666.47 281.635 666.22 281.362 666.038 280.999C665.856 280.632 665.765 280.17 665.765 279.614V275.455H666.771V279.545C666.771 280.023 666.905 280.403 667.172 280.688C667.442 280.972 667.785 281.114 668.203 281.114C668.453 281.114 668.707 281.05 668.966 280.922C669.227 280.794 669.446 280.598 669.622 280.334C669.801 280.07 669.89 279.733 669.89 279.324ZM672.978 282V275.455H673.95V276.443H674.018C674.137 276.119 674.353 275.857 674.666 275.655C674.978 275.453 675.33 275.352 675.722 275.352C675.796 275.352 675.889 275.354 675.999 275.357C676.11 275.359 676.194 275.364 676.251 275.369V276.392C676.217 276.384 676.139 276.371 676.016 276.354C675.897 276.334 675.771 276.324 675.637 276.324C675.319 276.324 675.035 276.391 674.785 276.524C674.538 276.655 674.342 276.837 674.197 277.07C674.055 277.3 673.984 277.562 673.984 277.858V282H672.978ZM680.957 274.21V273.273H687.502V274.21H684.758V282H683.701V274.21H680.957ZM691.032 282.136C690.402 282.136 689.858 281.997 689.4 281.719C688.946 281.438 688.595 281.045 688.348 280.543C688.103 280.037 687.981 279.449 687.981 278.778C687.981 278.108 688.103 277.517 688.348 277.006C688.595 276.491 688.939 276.091 689.379 275.804C689.822 275.514 690.339 275.369 690.93 275.369C691.271 275.369 691.608 275.426 691.94 275.54C692.272 275.653 692.575 275.838 692.848 276.094C693.12 276.347 693.338 276.682 693.5 277.099C693.662 277.517 693.743 278.031 693.743 278.642V279.068H688.697V278.199H692.72C692.72 277.83 692.646 277.5 692.498 277.21C692.353 276.92 692.146 276.692 691.876 276.524C691.609 276.357 691.294 276.273 690.93 276.273C690.529 276.273 690.183 276.372 689.89 276.571C689.6 276.767 689.377 277.023 689.221 277.338C689.065 277.653 688.987 277.991 688.987 278.352V278.932C688.987 279.426 689.072 279.845 689.243 280.189C689.416 280.53 689.656 280.79 689.963 280.969C690.269 281.145 690.626 281.233 691.032 281.233C691.296 281.233 691.535 281.196 691.748 281.122C691.964 281.045 692.15 280.932 692.306 280.781C692.463 280.628 692.583 280.437 692.669 280.21L693.64 280.483C693.538 280.812 693.366 281.102 693.125 281.352C692.883 281.599 692.585 281.793 692.23 281.932C691.875 282.068 691.475 282.136 691.032 282.136ZM695.512 282V275.455H696.484V276.443H696.552C696.671 276.119 696.887 275.857 697.2 275.655C697.512 275.453 697.865 275.352 698.257 275.352C698.331 275.352 698.423 275.354 698.534 275.357C698.644 275.359 698.728 275.364 698.785 275.369V276.392C698.751 276.384 698.673 276.371 698.551 276.354C698.431 276.334 698.305 276.324 698.171 276.324C697.853 276.324 697.569 276.391 697.319 276.524C697.072 276.655 696.876 276.837 696.731 277.07C696.589 277.3 696.518 277.562 696.518 277.858V282H695.512ZM700.217 284.455V275.455H701.189V276.494H701.308C701.382 276.381 701.484 276.236 701.615 276.06C701.748 275.881 701.939 275.722 702.186 275.582C702.436 275.44 702.774 275.369 703.2 275.369C703.751 275.369 704.237 275.507 704.658 275.783C705.078 276.058 705.406 276.449 705.642 276.955C705.878 277.46 705.996 278.057 705.996 278.744C705.996 279.438 705.878 280.038 705.642 280.547C705.406 281.053 705.079 281.445 704.662 281.723C704.244 281.999 703.763 282.136 703.217 282.136C702.797 282.136 702.46 282.067 702.207 281.928C701.954 281.786 701.76 281.625 701.623 281.446C701.487 281.264 701.382 281.114 701.308 280.994H701.223V284.455H700.217ZM701.206 278.727C701.206 279.222 701.278 279.658 701.423 280.036C701.568 280.411 701.78 280.705 702.058 280.918C702.336 281.128 702.677 281.233 703.081 281.233C703.501 281.233 703.852 281.122 704.133 280.901C704.417 280.676 704.631 280.375 704.773 279.997C704.917 279.616 704.99 279.193 704.99 278.727C704.99 278.267 704.919 277.852 704.777 277.483C704.638 277.111 704.426 276.817 704.142 276.601C703.861 276.382 703.507 276.273 703.081 276.273C702.672 276.273 702.328 276.376 702.05 276.584C701.771 276.788 701.561 277.075 701.419 277.445C701.277 277.811 701.206 278.239 701.206 278.727ZM707.77 282V275.455H708.775V282H707.77ZM708.281 274.364C708.085 274.364 707.916 274.297 707.774 274.163C707.635 274.03 707.565 273.869 707.565 273.682C707.565 273.494 707.635 273.334 707.774 273.2C707.916 273.067 708.085 273 708.281 273C708.477 273 708.645 273.067 708.784 273.2C708.926 273.334 708.997 273.494 708.997 273.682C708.997 273.869 708.926 274.03 708.784 274.163C708.645 274.297 708.477 274.364 708.281 274.364ZM711.863 273.273V282H710.857V273.273H711.863ZM713.945 282V275.455H714.951V282H713.945ZM714.456 274.364C714.26 274.364 714.091 274.297 713.949 274.163C713.81 274.03 713.74 273.869 713.74 273.682C713.74 273.494 713.81 273.334 713.949 273.2C714.091 273.067 714.26 273 714.456 273C714.652 273 714.82 273.067 714.959 273.2C715.101 273.334 715.172 273.494 715.172 273.682C715.172 273.869 715.101 274.03 714.959 274.163C714.82 274.297 714.652 274.364 714.456 274.364ZM718.038 278.062V282H717.033V273.273H718.038V276.477H718.124C718.277 276.139 718.507 275.871 718.814 275.672C719.124 275.47 719.535 275.369 720.05 275.369C720.496 275.369 720.886 275.459 721.222 275.638C721.557 275.814 721.817 276.085 722.001 276.452C722.189 276.815 722.283 277.278 722.283 277.841V282H721.277V277.909C721.277 277.389 721.142 276.987 720.872 276.703C720.605 276.416 720.234 276.273 719.76 276.273C719.43 276.273 719.135 276.342 718.874 276.482C718.615 276.621 718.41 276.824 718.26 277.091C718.112 277.358 718.038 277.682 718.038 278.062Z" fill="#454545"/>
<rect x="648" y="290" width="138" height="26" rx="2" fill="#99D5A1" fill-opacity="0.1"/>
<rect x="648.5" y="290.5" width="137" height="25" rx="1.5" stroke="#99D5A1" stroke-opacity="0.2"/>
<path d="M658.057 307V298.273H661.006C661.69 298.273 662.25 298.396 662.685 298.643C663.122 298.888 663.446 299.219 663.656 299.636C663.866 300.054 663.972 300.52 663.972 301.034C663.972 301.548 663.866 302.016 663.656 302.436C663.449 302.857 663.128 303.192 662.693 303.442C662.259 303.689 661.702 303.812 661.023 303.812H658.909V302.875H660.989C661.457 302.875 661.834 302.794 662.118 302.632C662.402 302.47 662.608 302.251 662.736 301.976C662.866 301.697 662.932 301.384 662.932 301.034C662.932 300.685 662.866 300.372 662.736 300.097C662.608 299.821 662.401 299.605 662.114 299.449C661.827 299.29 661.446 299.21 660.972 299.21H659.114V307H658.057ZM665.914 307V298.273H671.181V299.21H666.971V302.159H670.908V303.097H666.971V306.062H671.249V307H665.914ZM680.246 298.273V307H679.224L674.468 300.148H674.383V307H673.326V298.273H674.349L679.121 305.142H679.207V298.273H680.246ZM688.567 301C688.473 300.713 688.35 300.456 688.196 300.229C688.046 299.999 687.865 299.803 687.655 299.641C687.448 299.479 687.212 299.355 686.948 299.27C686.683 299.185 686.394 299.142 686.078 299.142C685.561 299.142 685.091 299.276 684.668 299.543C684.245 299.81 683.908 300.203 683.658 300.723C683.408 301.243 683.283 301.881 683.283 302.636C683.283 303.392 683.409 304.03 683.662 304.55C683.915 305.07 684.257 305.463 684.689 305.73C685.121 305.997 685.607 306.131 686.146 306.131C686.646 306.131 687.087 306.024 687.468 305.811C687.851 305.595 688.149 305.291 688.362 304.899C688.578 304.504 688.686 304.04 688.686 303.506L689.01 303.574H686.385V302.636H689.709V303.574C689.709 304.293 689.556 304.918 689.249 305.449C688.945 305.98 688.524 306.392 687.987 306.685C687.453 306.974 686.84 307.119 686.146 307.119C685.374 307.119 684.695 306.938 684.11 306.574C683.527 306.21 683.073 305.693 682.746 305.023C682.422 304.352 682.26 303.557 682.26 302.636C682.26 301.946 682.352 301.325 682.537 300.774C682.725 300.22 682.989 299.749 683.33 299.359C683.671 298.97 684.074 298.672 684.54 298.464C685.006 298.257 685.519 298.153 686.078 298.153C686.539 298.153 686.968 298.223 687.365 298.362C687.766 298.499 688.122 298.693 688.435 298.946C688.75 299.196 689.013 299.496 689.223 299.845C689.433 300.192 689.578 300.577 689.658 301H688.567ZM697.486 298.273H698.543V304.051C698.543 304.648 698.402 305.18 698.121 305.649C697.843 306.115 697.449 306.483 696.941 306.753C696.432 307.02 695.836 307.153 695.151 307.153C694.466 307.153 693.87 307.02 693.361 306.753C692.853 306.483 692.458 306.115 692.177 305.649C691.898 305.18 691.759 304.648 691.759 304.051V298.273H692.816V303.966C692.816 304.392 692.91 304.771 693.097 305.104C693.285 305.433 693.552 305.693 693.898 305.884C694.248 306.071 694.665 306.165 695.151 306.165C695.637 306.165 696.054 306.071 696.404 305.884C696.753 305.693 697.02 305.433 697.205 305.104C697.393 304.771 697.486 304.392 697.486 303.966V298.273ZM701.251 307H700.144L703.348 298.273H704.439L707.644 307H706.536L703.928 299.653H703.859L701.251 307ZM701.661 303.591H706.126V304.528H701.661V303.591ZM707.746 299.21V298.273H714.292V299.21H711.547V307H710.49V299.21H707.746ZM715.501 307H714.393L717.598 298.273H718.689L721.893 307H720.785L718.177 299.653H718.109L715.501 307ZM715.91 303.591H720.376V304.528H715.91V303.591ZM730.413 298.273V307H729.39L724.634 300.148H724.549V307H723.492V298.273H724.515L729.288 305.142H729.373V298.273H730.413ZM739.076 307H736.383V298.273H739.195C740.042 298.273 740.766 298.447 741.368 298.797C741.971 299.143 742.432 299.642 742.753 300.293C743.074 300.94 743.235 301.716 743.235 302.619C743.235 303.528 743.073 304.311 742.749 304.967C742.425 305.621 741.954 306.124 741.334 306.476C740.715 306.825 739.962 307 739.076 307ZM737.439 306.062H739.008C739.729 306.062 740.327 305.923 740.802 305.645C741.276 305.366 741.63 304.97 741.863 304.456C742.096 303.942 742.212 303.33 742.212 302.619C742.212 301.915 742.097 301.308 741.867 300.8C741.637 300.288 741.293 299.896 740.836 299.624C740.378 299.348 739.809 299.21 739.127 299.21H737.439V306.062ZM745.195 307H744.087L747.292 298.273H748.383L751.587 307H750.479L747.872 299.653H747.803L745.195 307ZM745.604 303.591H750.07V304.528H745.604V303.591ZM757.96 300.455C757.908 300.023 757.701 299.688 757.337 299.449C756.974 299.21 756.528 299.091 755.999 299.091C755.613 299.091 755.275 299.153 754.985 299.278C754.698 299.403 754.474 299.575 754.312 299.794C754.153 300.013 754.073 300.261 754.073 300.54C754.073 300.773 754.129 300.973 754.239 301.141C754.353 301.305 754.498 301.443 754.674 301.554C754.85 301.662 755.035 301.751 755.228 301.822C755.421 301.891 755.599 301.946 755.761 301.989L756.647 302.227C756.874 302.287 757.127 302.369 757.406 302.474C757.687 302.58 757.955 302.723 758.211 302.905C758.469 303.084 758.683 303.314 758.85 303.595C759.018 303.876 759.102 304.222 759.102 304.631C759.102 305.102 758.978 305.528 758.731 305.909C758.487 306.29 758.129 306.592 757.657 306.817C757.188 307.041 756.619 307.153 755.948 307.153C755.323 307.153 754.782 307.053 754.325 306.851C753.87 306.649 753.512 306.368 753.251 306.007C752.992 305.646 752.846 305.227 752.812 304.75H753.903C753.931 305.08 754.042 305.352 754.235 305.568C754.431 305.781 754.678 305.94 754.977 306.045C755.278 306.148 755.602 306.199 755.948 306.199C756.352 306.199 756.714 306.134 757.035 306.003C757.356 305.869 757.61 305.685 757.798 305.449C757.985 305.21 758.079 304.932 758.079 304.614C758.079 304.324 757.998 304.088 757.836 303.906C757.674 303.724 757.461 303.577 757.197 303.463C756.933 303.349 756.647 303.25 756.34 303.165L755.266 302.858C754.585 302.662 754.045 302.382 753.647 302.018C753.249 301.655 753.05 301.179 753.05 300.591C753.05 300.102 753.183 299.676 753.447 299.312C753.714 298.946 754.072 298.662 754.521 298.46C754.972 298.256 755.477 298.153 756.033 298.153C756.596 298.153 757.096 298.254 757.533 298.456C757.971 298.655 758.317 298.928 758.573 299.274C758.832 299.621 758.968 300.014 758.982 300.455H757.96ZM761.437 307H760.329L763.534 298.273H764.625L767.829 307H766.721L764.113 299.653H764.045L761.437 307ZM761.846 303.591H766.312V304.528H761.846V303.591ZM769.429 307V298.273H772.377C773.059 298.273 773.619 298.389 774.056 298.622C774.494 298.852 774.818 299.169 775.028 299.572C775.238 299.976 775.343 300.435 775.343 300.949C775.343 301.463 775.238 301.919 775.028 302.317C774.818 302.714 774.495 303.027 774.061 303.254C773.626 303.479 773.071 303.591 772.394 303.591H770.008V302.636H772.36C772.826 302.636 773.201 302.568 773.485 302.432C773.772 302.295 773.98 302.102 774.108 301.852C774.238 301.599 774.304 301.298 774.304 300.949C774.304 300.599 774.238 300.294 774.108 300.033C773.977 299.771 773.768 299.57 773.481 299.428C773.194 299.283 772.815 299.21 772.343 299.21H770.485V307H769.429ZM773.536 303.08L775.684 307H774.457L772.343 303.08H773.536Z" fill="#205931"/>
<path d="M349.75 344H347.057V335.273H349.869C350.716 335.273 351.44 335.447 352.043 335.797C352.645 336.143 353.107 336.642 353.428 337.293C353.749 337.94 353.909 338.716 353.909 339.619C353.909 340.528 353.747 341.311 353.423 341.967C353.099 342.621 352.628 343.124 352.009 343.476C351.389 343.825 350.636 344 349.75 344ZM348.114 343.062H349.682C350.403 343.062 351.001 342.923 351.476 342.645C351.95 342.366 352.304 341.97 352.537 341.456C352.77 340.942 352.886 340.33 352.886 339.619C352.886 338.915 352.771 338.308 352.541 337.8C352.311 337.288 351.967 336.896 351.51 336.624C351.053 336.348 350.483 336.21 349.801 336.21H348.114V343.062ZM358.53 344.136C357.899 344.136 357.355 343.997 356.898 343.719C356.443 343.438 356.092 343.045 355.845 342.543C355.601 342.037 355.479 341.449 355.479 340.778C355.479 340.108 355.601 339.517 355.845 339.006C356.092 338.491 356.436 338.091 356.876 337.804C357.32 337.514 357.837 337.369 358.427 337.369C358.768 337.369 359.105 337.426 359.437 337.54C359.77 337.653 360.072 337.838 360.345 338.094C360.618 338.347 360.835 338.682 360.997 339.099C361.159 339.517 361.24 340.031 361.24 340.642V341.068H356.195V340.199H360.217C360.217 339.83 360.143 339.5 359.996 339.21C359.851 338.92 359.643 338.692 359.374 338.524C359.106 338.357 358.791 338.273 358.427 338.273C358.027 338.273 357.68 338.372 357.388 338.571C357.098 338.767 356.875 339.023 356.719 339.338C356.562 339.653 356.484 339.991 356.484 340.352V340.932C356.484 341.426 356.57 341.845 356.74 342.189C356.913 342.53 357.153 342.79 357.46 342.969C357.767 343.145 358.124 343.233 358.53 343.233C358.794 343.233 359.033 343.196 359.246 343.122C359.462 343.045 359.648 342.932 359.804 342.781C359.96 342.628 360.081 342.437 360.166 342.21L361.138 342.483C361.035 342.812 360.864 343.102 360.622 343.352C360.381 343.599 360.082 343.793 359.727 343.932C359.372 344.068 358.973 344.136 358.53 344.136ZM365.856 337.455V338.307H362.464V337.455H365.856ZM363.453 335.886H364.459V342.125C364.459 342.409 364.5 342.622 364.582 342.764C364.667 342.903 364.775 342.997 364.906 343.045C365.04 343.091 365.18 343.114 365.328 343.114C365.439 343.114 365.53 343.108 365.601 343.097C365.672 343.082 365.729 343.071 365.771 343.062L365.976 343.966C365.908 343.991 365.812 344.017 365.69 344.043C365.568 344.071 365.413 344.085 365.226 344.085C364.942 344.085 364.663 344.024 364.391 343.902C364.121 343.78 363.896 343.594 363.717 343.344C363.541 343.094 363.453 342.778 363.453 342.398V335.886ZM369.535 344.153C369.121 344.153 368.744 344.075 368.406 343.919C368.068 343.76 367.8 343.531 367.601 343.233C367.402 342.932 367.302 342.568 367.302 342.142C367.302 341.767 367.376 341.463 367.524 341.23C367.672 340.994 367.869 340.81 368.116 340.676C368.363 340.543 368.636 340.443 368.934 340.378C369.236 340.31 369.538 340.256 369.842 340.216C370.24 340.165 370.562 340.126 370.809 340.101C371.059 340.072 371.241 340.026 371.355 339.96C371.471 339.895 371.53 339.781 371.53 339.619V339.585C371.53 339.165 371.415 338.838 371.184 338.605C370.957 338.372 370.612 338.256 370.149 338.256C369.669 338.256 369.292 338.361 369.02 338.571C368.747 338.781 368.555 339.006 368.444 339.244L367.49 338.903C367.66 338.506 367.888 338.196 368.172 337.974C368.459 337.75 368.771 337.594 369.109 337.506C369.45 337.415 369.785 337.369 370.115 337.369C370.325 337.369 370.567 337.395 370.839 337.446C371.115 337.494 371.381 337.595 371.636 337.749C371.895 337.902 372.109 338.134 372.28 338.443C372.45 338.753 372.535 339.168 372.535 339.688V344H371.53V343.114H371.479C371.41 343.256 371.297 343.408 371.138 343.57C370.979 343.732 370.767 343.869 370.503 343.983C370.238 344.097 369.916 344.153 369.535 344.153ZM369.689 343.25C370.086 343.25 370.422 343.172 370.694 343.016C370.97 342.859 371.177 342.658 371.317 342.411C371.459 342.163 371.53 341.903 371.53 341.631V340.71C371.487 340.761 371.393 340.808 371.248 340.851C371.106 340.891 370.942 340.926 370.754 340.957C370.569 340.986 370.389 341.011 370.213 341.034C370.04 341.054 369.899 341.071 369.791 341.085C369.53 341.119 369.285 341.175 369.058 341.251C368.834 341.325 368.652 341.437 368.513 341.588C368.376 341.736 368.308 341.937 368.308 342.193C368.308 342.543 368.437 342.807 368.696 342.986C368.957 343.162 369.288 343.25 369.689 343.25ZM374.611 344V337.455H375.617V344H374.611ZM375.122 336.364C374.926 336.364 374.757 336.297 374.615 336.163C374.476 336.03 374.406 335.869 374.406 335.682C374.406 335.494 374.476 335.334 374.615 335.2C374.757 335.067 374.926 335 375.122 335C375.318 335 375.486 335.067 375.625 335.2C375.767 335.334 375.838 335.494 375.838 335.682C375.838 335.869 375.767 336.03 375.625 336.163C375.486 336.297 375.318 336.364 375.122 336.364ZM378.704 335.273V344H377.699V335.273H378.704ZM384.896 344H383.788L386.992 335.273H388.083L391.288 344H390.18L387.572 336.653H387.504L384.896 344ZM385.305 340.591H389.771V341.528H385.305V340.591ZM395.222 344.136C394.677 344.136 394.195 343.999 393.778 343.723C393.36 343.445 393.033 343.053 392.797 342.547C392.562 342.038 392.444 341.438 392.444 340.744C392.444 340.057 392.562 339.46 392.797 338.955C393.033 338.449 393.361 338.058 393.782 337.783C394.202 337.507 394.688 337.369 395.239 337.369C395.665 337.369 396.002 337.44 396.249 337.582C396.499 337.722 396.69 337.881 396.82 338.06C396.954 338.236 397.057 338.381 397.131 338.494H397.217V335.273H398.222V344H397.251V342.994H397.131C397.057 343.114 396.952 343.264 396.816 343.446C396.68 343.625 396.485 343.786 396.232 343.928C395.979 344.067 395.643 344.136 395.222 344.136ZM395.359 343.233C395.762 343.233 396.103 343.128 396.381 342.918C396.66 342.705 396.871 342.411 397.016 342.036C397.161 341.658 397.234 341.222 397.234 340.727C397.234 340.239 397.163 339.811 397.02 339.445C396.878 339.075 396.668 338.788 396.39 338.584C396.111 338.376 395.768 338.273 395.359 338.273C394.932 338.273 394.577 338.382 394.293 338.601C394.012 338.817 393.8 339.111 393.658 339.483C393.519 339.852 393.449 340.267 393.449 340.727C393.449 341.193 393.52 341.616 393.663 341.997C393.807 342.375 394.02 342.676 394.302 342.901C394.586 343.122 394.938 343.233 395.359 343.233ZM400.444 344V337.455H401.415V338.477H401.501C401.637 338.128 401.857 337.857 402.161 337.663C402.465 337.467 402.83 337.369 403.256 337.369C403.688 337.369 404.047 337.467 404.334 337.663C404.624 337.857 404.85 338.128 405.012 338.477H405.08C405.248 338.139 405.499 337.871 405.834 337.672C406.17 337.47 406.572 337.369 407.04 337.369C407.626 337.369 408.104 337.553 408.476 337.919C408.849 338.283 409.035 338.849 409.035 339.619V344H408.029V339.619C408.029 339.136 407.897 338.791 407.633 338.584C407.368 338.376 407.057 338.273 406.699 338.273C406.239 338.273 405.883 338.412 405.63 338.69C405.377 338.966 405.251 339.315 405.251 339.739V344H404.228V339.517C404.228 339.145 404.107 338.845 403.866 338.618C403.624 338.388 403.313 338.273 402.932 338.273C402.671 338.273 402.427 338.342 402.199 338.482C401.975 338.621 401.793 338.814 401.654 339.061C401.518 339.305 401.449 339.588 401.449 339.909V344H400.444ZM411.113 344V337.455H412.119V344H411.113ZM411.625 336.364C411.429 336.364 411.26 336.297 411.118 336.163C410.978 336.03 410.909 335.869 410.909 335.682C410.909 335.494 410.978 335.334 411.118 335.2C411.26 335.067 411.429 335 411.625 335C411.821 335 411.988 335.067 412.128 335.2C412.27 335.334 412.341 335.494 412.341 335.682C412.341 335.869 412.27 336.03 412.128 336.163C411.988 336.297 411.821 336.364 411.625 336.364ZM415.207 340.062V344H414.201V337.455H415.173V338.477H415.258C415.411 338.145 415.644 337.878 415.957 337.676C416.269 337.472 416.673 337.369 417.167 337.369C417.61 337.369 417.998 337.46 418.33 337.642C418.663 337.821 418.921 338.094 419.106 338.46C419.291 338.824 419.383 339.284 419.383 339.841V344H418.377V339.909C418.377 339.395 418.244 338.994 417.977 338.707C417.71 338.418 417.343 338.273 416.877 338.273C416.556 338.273 416.269 338.342 416.016 338.482C415.766 338.621 415.569 338.824 415.424 339.091C415.279 339.358 415.207 339.682 415.207 340.062ZM421.461 344V337.455H422.466V344H421.461ZM421.972 336.364C421.776 336.364 421.607 336.297 421.465 336.163C421.326 336.03 421.256 335.869 421.256 335.682C421.256 335.494 421.326 335.334 421.465 335.2C421.607 335.067 421.776 335 421.972 335C422.168 335 422.336 335.067 422.475 335.2C422.617 335.334 422.688 335.494 422.688 335.682C422.688 335.869 422.617 336.03 422.475 336.163C422.336 336.297 422.168 336.364 421.972 336.364ZM429.185 338.92L428.281 339.176C428.224 339.026 428.141 338.879 428.03 338.737C427.922 338.592 427.774 338.473 427.587 338.379C427.399 338.286 427.159 338.239 426.866 338.239C426.466 338.239 426.132 338.331 425.865 338.516C425.601 338.697 425.469 338.929 425.469 339.21C425.469 339.46 425.56 339.658 425.741 339.803C425.923 339.947 426.207 340.068 426.594 340.165L427.565 340.403C428.151 340.545 428.587 340.763 428.874 341.055C429.16 341.345 429.304 341.719 429.304 342.176C429.304 342.551 429.196 342.886 428.98 343.182C428.767 343.477 428.469 343.71 428.085 343.881C427.702 344.051 427.256 344.136 426.747 344.136C426.08 344.136 425.527 343.991 425.089 343.702C424.652 343.412 424.375 342.989 424.258 342.432L425.213 342.193C425.304 342.545 425.476 342.81 425.729 342.986C425.984 343.162 426.318 343.25 426.73 343.25C427.199 343.25 427.571 343.151 427.847 342.952C428.125 342.75 428.264 342.509 428.264 342.227C428.264 342 428.185 341.81 428.026 341.656C427.866 341.5 427.622 341.384 427.293 341.307L426.202 341.051C425.602 340.909 425.162 340.689 424.881 340.391C424.602 340.089 424.463 339.713 424.463 339.261C424.463 338.892 424.567 338.565 424.774 338.281C424.984 337.997 425.27 337.774 425.631 337.612C425.994 337.45 426.406 337.369 426.866 337.369C427.514 337.369 428.023 337.511 428.392 337.795C428.764 338.08 429.028 338.455 429.185 338.92ZM433.904 337.455V338.307H430.512V337.455H433.904ZM431.501 335.886H432.507V342.125C432.507 342.409 432.548 342.622 432.63 342.764C432.715 342.903 432.823 342.997 432.954 343.045C433.088 343.091 433.228 343.114 433.376 343.114C433.487 343.114 433.578 343.108 433.649 343.097C433.72 343.082 433.777 343.071 433.819 343.062L434.024 343.966C433.956 343.991 433.86 344.017 433.738 344.043C433.616 344.071 433.461 344.085 433.274 344.085C432.99 344.085 432.711 344.024 432.438 343.902C432.169 343.78 431.944 343.594 431.765 343.344C431.589 343.094 431.501 342.778 431.501 342.398V335.886ZM435.657 344V337.455H436.629V338.443H436.697C436.816 338.119 437.032 337.857 437.345 337.655C437.657 337.453 438.009 337.352 438.401 337.352C438.475 337.352 438.568 337.354 438.678 337.357C438.789 337.359 438.873 337.364 438.93 337.369V338.392C438.896 338.384 438.818 338.371 438.696 338.354C438.576 338.334 438.45 338.324 438.316 338.324C437.998 338.324 437.714 338.391 437.464 338.524C437.217 338.655 437.021 338.837 436.876 339.07C436.734 339.3 436.663 339.562 436.663 339.858V344H435.657ZM442.288 344.153C441.873 344.153 441.497 344.075 441.159 343.919C440.821 343.76 440.552 343.531 440.353 343.233C440.155 342.932 440.055 342.568 440.055 342.142C440.055 341.767 440.129 341.463 440.277 341.23C440.425 340.994 440.622 340.81 440.869 340.676C441.116 340.543 441.389 340.443 441.687 340.378C441.988 340.31 442.291 340.256 442.595 340.216C442.993 340.165 443.315 340.126 443.562 340.101C443.812 340.072 443.994 340.026 444.108 339.96C444.224 339.895 444.282 339.781 444.282 339.619V339.585C444.282 339.165 444.167 338.838 443.937 338.605C443.71 338.372 443.365 338.256 442.902 338.256C442.422 338.256 442.045 338.361 441.773 338.571C441.5 338.781 441.308 339.006 441.197 339.244L440.243 338.903C440.413 338.506 440.64 338.196 440.925 337.974C441.211 337.75 441.524 337.594 441.862 337.506C442.203 337.415 442.538 337.369 442.868 337.369C443.078 337.369 443.319 337.395 443.592 337.446C443.868 337.494 444.133 337.595 444.389 337.749C444.648 337.902 444.862 338.134 445.032 338.443C445.203 338.753 445.288 339.168 445.288 339.688V344H444.282V343.114H444.231C444.163 343.256 444.05 343.408 443.89 343.57C443.731 343.732 443.52 343.869 443.255 343.983C442.991 344.097 442.669 344.153 442.288 344.153ZM442.442 343.25C442.839 343.25 443.175 343.172 443.447 343.016C443.723 342.859 443.93 342.658 444.069 342.411C444.211 342.163 444.282 341.903 444.282 341.631V340.71C444.24 340.761 444.146 340.808 444.001 340.851C443.859 340.891 443.694 340.926 443.507 340.957C443.322 340.986 443.142 341.011 442.966 341.034C442.792 341.054 442.652 341.071 442.544 341.085C442.282 341.119 442.038 341.175 441.811 341.251C441.586 341.325 441.405 341.437 441.265 341.588C441.129 341.736 441.061 341.937 441.061 342.193C441.061 342.543 441.19 342.807 441.449 342.986C441.71 343.162 442.041 343.25 442.442 343.25ZM450.21 337.455V338.307H446.818V337.455H450.21ZM447.807 335.886H448.813V342.125C448.813 342.409 448.854 342.622 448.936 342.764C449.021 342.903 449.129 342.997 449.26 343.045C449.394 343.091 449.534 343.114 449.682 343.114C449.793 343.114 449.884 343.108 449.955 343.097C450.026 343.082 450.082 343.071 450.125 343.062L450.33 343.966C450.261 343.991 450.166 344.017 450.044 344.043C449.922 344.071 449.767 344.085 449.58 344.085C449.296 344.085 449.017 344.024 448.744 343.902C448.475 343.78 448.25 343.594 448.071 343.344C447.895 343.094 447.807 342.778 447.807 342.398V335.886ZM451.963 344V337.455H452.969V344H451.963ZM452.474 336.364C452.278 336.364 452.109 336.297 451.967 336.163C451.828 336.03 451.759 335.869 451.759 335.682C451.759 335.494 451.828 335.334 451.967 335.2C452.109 335.067 452.278 335 452.474 335C452.67 335 452.838 335.067 452.977 335.2C453.119 335.334 453.19 335.494 453.19 335.682C453.19 335.869 453.119 336.03 452.977 336.163C452.838 336.297 452.67 336.364 452.474 336.364ZM457.966 337.455V338.307H454.437V337.455H457.966ZM455.494 344V336.551C455.494 336.176 455.582 335.864 455.758 335.614C455.934 335.364 456.163 335.176 456.444 335.051C456.725 334.926 457.022 334.864 457.335 334.864C457.582 334.864 457.784 334.884 457.94 334.923C458.096 334.963 458.213 335 458.289 335.034L458 335.903C457.948 335.886 457.877 335.865 457.787 335.839C457.698 335.814 457.582 335.801 457.437 335.801C457.105 335.801 456.865 335.885 456.717 336.053C456.572 336.22 456.5 336.466 456.5 336.79V344H455.494Z" fill="#454545"/>
<path d="M355.307 356.318V366.5H354.114L348.565 358.506H348.466V366.5H347.233V356.318H348.426L353.994 364.332H354.094V356.318H355.307ZM359.007 356.318V366.5H357.774V356.318H359.007ZM361.479 366.5V356.318H362.712V361.369H362.831L367.405 356.318H369.016L364.74 360.912L369.016 366.5H367.525L363.985 361.767L362.712 363.199V366.5H361.479ZM371.308 365.197C371.063 365.197 370.852 365.11 370.676 364.934C370.501 364.758 370.413 364.548 370.413 364.303C370.413 364.057 370.501 363.847 370.676 363.671C370.852 363.496 371.063 363.408 371.308 363.408C371.553 363.408 371.764 363.496 371.939 363.671C372.115 363.847 372.203 364.057 372.203 364.303C372.203 364.465 372.161 364.614 372.078 364.75C371.999 364.886 371.891 364.995 371.755 365.078C371.623 365.158 371.474 365.197 371.308 365.197ZM371.308 360.047C371.063 360.047 370.852 359.959 370.676 359.783C370.501 359.608 370.413 359.397 370.413 359.152C370.413 358.907 370.501 358.696 370.676 358.521C370.852 358.345 371.063 358.257 371.308 358.257C371.553 358.257 371.764 358.345 371.939 358.521C372.115 358.696 372.203 358.907 372.203 359.152C372.203 359.314 372.161 359.464 372.078 359.599C371.999 359.735 371.891 359.845 371.755 359.928C371.623 360.007 371.474 360.047 371.308 360.047ZM381.666 366.639C381.01 366.639 380.425 366.527 379.911 366.301C379.401 366.076 378.995 365.763 378.693 365.362C378.395 364.957 378.232 364.488 378.206 363.955H379.459C379.485 364.283 379.598 364.566 379.797 364.805C379.996 365.04 380.256 365.222 380.577 365.352C380.899 365.481 381.255 365.545 381.646 365.545C382.084 365.545 382.472 365.469 382.81 365.317C383.148 365.164 383.413 364.952 383.605 364.68C383.797 364.409 383.893 364.094 383.893 363.736C383.893 363.361 383.801 363.031 383.615 362.746C383.429 362.458 383.158 362.233 382.8 362.07C382.442 361.908 382.004 361.827 381.487 361.827H380.672V360.733H381.487C381.892 360.733 382.246 360.66 382.551 360.514C382.859 360.368 383.1 360.163 383.272 359.898C383.448 359.633 383.536 359.321 383.536 358.963C383.536 358.618 383.459 358.318 383.307 358.063C383.154 357.808 382.939 357.609 382.661 357.467C382.385 357.324 382.061 357.253 381.686 357.253C381.335 357.253 381.003 357.317 380.692 357.447C380.384 357.573 380.132 357.757 379.936 357.999C379.741 358.237 379.634 358.526 379.618 358.864H378.425C378.445 358.33 378.605 357.863 378.907 357.462C379.209 357.057 379.603 356.742 380.09 356.517C380.581 356.292 381.119 356.179 381.706 356.179C382.336 356.179 382.876 356.307 383.327 356.562C383.777 356.814 384.124 357.147 384.366 357.561C384.608 357.975 384.729 358.423 384.729 358.903C384.729 359.477 384.578 359.966 384.276 360.37C383.978 360.774 383.572 361.054 383.058 361.21V361.29C383.701 361.396 384.203 361.669 384.565 362.11C384.926 362.548 385.107 363.089 385.107 363.736C385.107 364.289 384.956 364.786 384.654 365.227C384.356 365.665 383.948 366.009 383.431 366.261C382.914 366.513 382.326 366.639 381.666 366.639ZM387.14 366.5V365.605L390.501 361.926C390.895 361.495 391.22 361.121 391.475 360.803C391.73 360.481 391.919 360.179 392.042 359.898C392.168 359.613 392.231 359.314 392.231 359.003C392.231 358.645 392.145 358.335 391.972 358.073C391.803 357.811 391.571 357.609 391.276 357.467C390.981 357.324 390.65 357.253 390.282 357.253C389.891 357.253 389.549 357.334 389.258 357.496C388.969 357.656 388.746 357.879 388.587 358.168C388.431 358.456 388.353 358.794 388.353 359.182H387.18C387.18 358.585 387.317 358.062 387.592 357.611C387.867 357.16 388.242 356.809 388.716 356.557C389.193 356.305 389.728 356.179 390.322 356.179C390.918 356.179 391.447 356.305 391.908 356.557C392.368 356.809 392.73 357.148 392.991 357.576C393.253 358.004 393.384 358.479 393.384 359.003C393.384 359.377 393.316 359.744 393.18 360.102C393.048 360.456 392.816 360.852 392.484 361.29C392.156 361.724 391.701 362.254 391.117 362.881L388.83 365.327V365.406H393.563V366.5H387.14ZM395.935 366.5L400.489 357.491V357.412H395.239V356.318H401.761V357.472L397.227 366.5H395.935ZM406.822 366.639C406.166 366.639 405.581 366.527 405.067 366.301C404.557 366.076 404.151 365.763 403.849 365.362C403.551 364.957 403.389 364.488 403.362 363.955H404.615C404.642 364.283 404.754 364.566 404.953 364.805C405.152 365.04 405.412 365.222 405.734 365.352C406.055 365.481 406.411 365.545 406.803 365.545C407.24 365.545 407.628 365.469 407.966 365.317C408.304 365.164 408.569 364.952 408.761 364.68C408.954 364.409 409.05 364.094 409.05 363.736C409.05 363.361 408.957 363.031 408.771 362.746C408.586 362.458 408.314 362.233 407.956 362.07C407.598 361.908 407.161 361.827 406.643 361.827H405.828V360.733H406.643C407.048 360.733 407.402 360.66 407.707 360.514C408.016 360.368 408.256 360.163 408.428 359.898C408.604 359.633 408.692 359.321 408.692 358.963C408.692 358.618 408.616 358.318 408.463 358.063C408.311 357.808 408.095 357.609 407.817 357.467C407.542 357.324 407.217 357.253 406.842 357.253C406.491 357.253 406.16 357.317 405.848 357.447C405.54 357.573 405.288 357.757 405.092 357.999C404.897 358.237 404.791 358.526 404.774 358.864H403.581C403.601 358.33 403.762 357.863 404.063 357.462C404.365 357.057 404.759 356.742 405.246 356.517C405.737 356.292 406.276 356.179 406.862 356.179C407.492 356.179 408.032 356.307 408.483 356.562C408.934 356.814 409.28 357.147 409.522 357.561C409.764 357.975 409.885 358.423 409.885 358.903C409.885 359.477 409.734 359.966 409.433 360.37C409.134 360.774 408.728 361.054 408.214 361.21V361.29C408.857 361.396 409.36 361.669 409.721 362.11C410.082 362.548 410.263 363.089 410.263 363.736C410.263 364.289 410.112 364.786 409.81 365.227C409.512 365.665 409.104 366.009 408.587 366.261C408.07 366.513 407.482 366.639 406.822 366.639ZM415.876 356.318V366.5H414.643V357.611H414.583L412.097 359.261V358.009L414.643 356.318H415.876ZM421.986 366.639C421.402 366.639 420.877 366.523 420.41 366.291C419.942 366.059 419.568 365.741 419.286 365.337C419.004 364.932 418.85 364.472 418.824 363.955H420.017C420.063 364.415 420.272 364.796 420.643 365.098C421.018 365.396 421.465 365.545 421.986 365.545C422.403 365.545 422.775 365.448 423.099 365.252C423.428 365.057 423.684 364.788 423.87 364.447C424.059 364.102 424.153 363.713 424.153 363.278C424.153 362.834 424.056 362.438 423.86 362.09C423.668 361.739 423.403 361.462 423.065 361.26C422.727 361.058 422.34 360.955 421.906 360.952C421.595 360.948 421.275 360.996 420.947 361.096C420.619 361.192 420.348 361.316 420.136 361.469L418.983 361.33L419.599 356.318H424.889V357.412H420.634L420.276 360.415H420.335C420.544 360.249 420.806 360.112 421.121 360.002C421.436 359.893 421.764 359.838 422.105 359.838C422.728 359.838 423.283 359.987 423.771 360.286C424.261 360.58 424.646 360.985 424.924 361.499C425.206 362.012 425.347 362.599 425.347 363.259C425.347 363.908 425.201 364.488 424.909 364.999C424.621 365.506 424.223 365.907 423.716 366.202C423.209 366.493 422.632 366.639 421.986 366.639ZM427.322 366.5V365.605L430.682 361.926C431.077 361.495 431.402 361.121 431.657 360.803C431.912 360.481 432.101 360.179 432.224 359.898C432.349 359.613 432.412 359.314 432.412 359.003C432.412 358.645 432.326 358.335 432.154 358.073C431.985 357.811 431.753 357.609 431.458 357.467C431.163 357.324 430.831 357.253 430.464 357.253C430.073 357.253 429.731 357.334 429.439 357.496C429.151 357.656 428.927 357.879 428.768 358.168C428.613 358.456 428.535 358.794 428.535 359.182H427.361C427.361 358.585 427.499 358.062 427.774 357.611C428.049 357.16 428.424 356.809 428.898 356.557C429.375 356.305 429.91 356.179 430.503 356.179C431.1 356.179 431.629 356.305 432.089 356.557C432.55 356.809 432.911 357.148 433.173 357.576C433.435 358.004 433.566 358.479 433.566 359.003C433.566 359.377 433.498 359.744 433.362 360.102C433.229 360.456 432.997 360.852 432.666 361.29C432.338 361.724 431.882 362.254 431.299 362.881L429.012 365.327V365.406H433.745V366.5H427.322ZM439.378 356.318V366.5H438.145V357.611H438.085L435.599 359.261V358.009L438.145 356.318H439.378ZM443.201 358.864L445.03 361.986L446.86 358.864H448.212L445.746 362.682L448.212 366.5H446.86L445.03 363.537L443.201 366.5H441.849L444.275 362.682L441.849 358.864H443.201ZM450.761 358.864L452.591 361.986L454.42 358.864H455.773L453.307 362.682L455.773 366.5H454.42L452.591 363.537L450.761 366.5H449.409L451.835 362.682L449.409 358.864H450.761ZM458.322 358.864L460.151 361.986L461.981 358.864H463.333L460.867 362.682L463.333 366.5H461.981L460.151 363.537L458.322 366.5H456.97L459.396 362.682L456.97 358.864H458.322ZM465.882 358.864L467.712 361.986L469.542 358.864H470.894L468.428 362.682L470.894 366.5H469.542L467.712 363.537L465.882 366.5H464.53L466.956 362.682L464.53 358.864H465.882ZM475.73 366.639C475.147 366.639 474.621 366.523 474.154 366.291C473.687 366.059 473.312 365.741 473.03 365.337C472.749 364.932 472.595 364.472 472.568 363.955H473.761C473.808 364.415 474.016 364.796 474.388 365.098C474.762 365.396 475.21 365.545 475.73 365.545C476.148 365.545 476.519 365.448 476.844 365.252C477.172 365.057 477.429 364.788 477.614 364.447C477.803 364.102 477.898 363.713 477.898 363.278C477.898 362.834 477.8 362.438 477.604 362.09C477.412 361.739 477.147 361.462 476.809 361.26C476.471 361.058 476.085 360.955 475.65 360.952C475.339 360.948 475.019 360.996 474.691 361.096C474.363 361.192 474.093 361.316 473.881 361.469L472.727 361.33L473.344 356.318H478.633V357.412H474.378L474.02 360.415H474.079C474.288 360.249 474.55 360.112 474.865 360.002C475.18 359.893 475.508 359.838 475.849 359.838C476.472 359.838 477.028 359.987 477.515 360.286C478.005 360.58 478.39 360.985 478.668 361.499C478.95 362.012 479.091 362.599 479.091 363.259C479.091 363.908 478.945 364.488 478.653 364.999C478.365 365.506 477.967 365.907 477.46 366.202C476.953 366.493 476.376 366.639 475.73 366.639ZM484.446 366.639C484.029 366.633 483.611 366.553 483.194 366.401C482.776 366.248 482.395 365.991 482.05 365.63C481.705 365.265 481.429 364.773 481.22 364.153C481.011 363.53 480.907 362.748 480.907 361.807C480.907 360.905 480.991 360.107 481.16 359.411C481.329 358.711 481.574 358.123 481.896 357.646C482.217 357.165 482.605 356.8 483.059 356.552C483.517 356.303 484.032 356.179 484.605 356.179C485.176 356.179 485.683 356.293 486.127 356.522C486.574 356.747 486.939 357.062 487.221 357.467C487.502 357.871 487.685 358.337 487.767 358.864H486.554C486.442 358.406 486.223 358.027 485.898 357.725C485.573 357.424 485.142 357.273 484.605 357.273C483.817 357.273 483.195 357.616 482.741 358.302C482.29 358.988 482.063 359.951 482.06 361.19H482.14C482.325 360.909 482.546 360.668 482.801 360.469C483.059 360.267 483.344 360.112 483.656 360.002C483.967 359.893 484.297 359.838 484.645 359.838C485.229 359.838 485.762 359.984 486.246 360.276C486.73 360.564 487.118 360.963 487.409 361.474C487.701 361.981 487.847 362.562 487.847 363.219C487.847 363.848 487.706 364.425 487.424 364.949C487.143 365.469 486.747 365.884 486.236 366.192C485.729 366.497 485.132 366.646 484.446 366.639ZM484.446 365.545C484.864 365.545 485.239 365.441 485.57 365.232C485.905 365.023 486.168 364.743 486.36 364.392C486.556 364.041 486.654 363.65 486.654 363.219C486.654 362.798 486.559 362.415 486.37 362.07C486.185 361.722 485.928 361.446 485.6 361.24C485.275 361.035 484.904 360.932 484.486 360.932C484.171 360.932 483.878 360.995 483.606 361.121C483.334 361.243 483.096 361.412 482.89 361.628C482.688 361.843 482.529 362.09 482.413 362.369C482.297 362.644 482.239 362.934 482.239 363.239C482.239 363.643 482.333 364.021 482.522 364.372C482.715 364.723 482.976 365.007 483.308 365.222C483.643 365.438 484.022 365.545 484.446 365.545ZM490.12 366.5L494.674 357.491V357.412H489.424V356.318H495.947V357.472L491.413 366.5H490.12ZM500.856 366.639C500.174 366.639 499.57 366.518 499.047 366.276C498.526 366.031 498.12 365.695 497.829 365.267C497.537 364.836 497.393 364.346 497.396 363.795C497.393 363.365 497.477 362.967 497.65 362.602C497.822 362.234 498.057 361.928 498.356 361.683C498.657 361.434 498.994 361.277 499.365 361.21V361.151C498.878 361.025 498.49 360.751 498.202 360.33C497.913 359.906 497.771 359.424 497.774 358.884C497.771 358.366 497.902 357.904 498.167 357.496C498.432 357.089 498.796 356.767 499.26 356.532C499.728 356.297 500.26 356.179 500.856 356.179C501.446 356.179 501.973 356.297 502.437 356.532C502.901 356.767 503.266 357.089 503.531 357.496C503.8 357.904 503.935 358.366 503.939 358.884C503.935 359.424 503.788 359.906 503.496 360.33C503.208 360.751 502.825 361.025 502.348 361.151V361.21C502.716 361.277 503.047 361.434 503.342 361.683C503.637 361.928 503.872 362.234 504.048 362.602C504.224 362.967 504.313 363.365 504.317 363.795C504.313 364.346 504.164 364.836 503.869 365.267C503.577 365.695 503.171 366.031 502.651 366.276C502.134 366.518 501.536 366.639 500.856 366.639ZM500.856 365.545C501.317 365.545 501.715 365.471 502.05 365.322C502.384 365.173 502.643 364.962 502.825 364.69C503.007 364.419 503.1 364.1 503.104 363.736C503.1 363.351 503.001 363.012 502.805 362.717C502.61 362.422 502.343 362.19 502.005 362.021C501.67 361.852 501.287 361.767 500.856 361.767C500.422 361.767 500.034 361.852 499.693 362.021C499.355 362.19 499.088 362.422 498.893 362.717C498.7 363.012 498.606 363.351 498.609 363.736C498.606 364.1 498.694 364.419 498.873 364.69C499.055 364.962 499.315 365.173 499.653 365.322C499.991 365.471 500.392 365.545 500.856 365.545ZM500.856 360.713C501.221 360.713 501.544 360.64 501.826 360.494C502.111 360.348 502.335 360.145 502.497 359.883C502.659 359.621 502.742 359.314 502.746 358.963C502.742 358.618 502.661 358.318 502.502 358.063C502.343 357.805 502.122 357.606 501.841 357.467C501.559 357.324 501.231 357.253 500.856 357.253C500.475 357.253 500.142 357.324 499.857 357.467C499.572 357.606 499.352 357.805 499.196 358.063C499.04 358.318 498.964 358.618 498.967 358.963C498.964 359.314 499.042 359.621 499.201 359.883C499.363 360.145 499.587 360.348 499.872 360.494C500.157 360.64 500.485 360.713 500.856 360.713Z" fill="#171717"/>
<path d="M516.784 353.037V369.781H515.79V353.037H516.784Z" fill="#DFDFDF"/>
<path d="M535.312 366.5H532.17V356.318H535.452C536.439 356.318 537.285 356.522 537.987 356.93C538.69 357.334 539.228 357.916 539.603 358.675C539.978 359.43 540.165 360.335 540.165 361.389C540.165 362.45 539.976 363.363 539.598 364.129C539.22 364.891 538.67 365.478 537.947 365.888C537.225 366.296 536.347 366.5 535.312 366.5ZM533.403 365.406H535.233C536.075 365.406 536.772 365.244 537.326 364.919C537.879 364.594 538.292 364.132 538.564 363.532C538.836 362.932 538.972 362.218 538.972 361.389C538.972 360.567 538.837 359.86 538.569 359.266C538.3 358.67 537.899 358.212 537.366 357.894C536.832 357.573 536.168 357.412 535.372 357.412H533.403V365.406ZM545.276 366.659C544.54 366.659 543.905 366.497 543.371 366.172C542.841 365.844 542.432 365.386 542.143 364.8C541.858 364.21 541.716 363.524 541.716 362.741C541.716 361.959 541.858 361.27 542.143 360.673C542.432 360.073 542.833 359.606 543.347 359.271C543.864 358.933 544.467 358.764 545.156 358.764C545.554 358.764 545.947 358.83 546.335 358.963C546.722 359.096 547.075 359.311 547.393 359.609C547.712 359.904 547.965 360.295 548.154 360.783C548.343 361.27 548.438 361.87 548.438 362.582V363.08H542.551V362.065H547.244C547.244 361.634 547.158 361.25 546.986 360.912C546.817 360.574 546.575 360.307 546.26 360.112C545.948 359.916 545.58 359.818 545.156 359.818C544.689 359.818 544.285 359.934 543.943 360.166C543.605 360.395 543.345 360.693 543.163 361.061C542.98 361.429 542.889 361.823 542.889 362.244V362.92C542.889 363.497 542.989 363.986 543.188 364.387C543.39 364.785 543.67 365.088 544.028 365.297C544.386 365.502 544.802 365.605 545.276 365.605C545.584 365.605 545.862 365.562 546.111 365.476C546.363 365.386 546.58 365.254 546.762 365.078C546.944 364.899 547.085 364.677 547.185 364.412L548.318 364.73C548.199 365.115 547.998 365.453 547.717 365.744C547.435 366.033 547.087 366.258 546.673 366.42C546.258 366.58 545.793 366.659 545.276 366.659ZM555.631 360.574L554.577 360.872C554.511 360.696 554.413 360.526 554.284 360.36C554.158 360.191 553.986 360.052 553.767 359.942C553.548 359.833 553.268 359.778 552.927 359.778C552.46 359.778 552.07 359.886 551.759 360.102C551.45 360.314 551.296 360.584 551.296 360.912C551.296 361.204 551.402 361.434 551.614 361.603C551.826 361.772 552.158 361.913 552.609 362.026L553.742 362.304C554.425 362.47 554.934 362.723 555.268 363.065C555.603 363.403 555.771 363.839 555.771 364.372C555.771 364.81 555.645 365.201 555.393 365.545C555.144 365.89 554.796 366.162 554.349 366.361C553.901 366.56 553.381 366.659 552.788 366.659C552.009 366.659 551.364 366.49 550.854 366.152C550.343 365.814 550.02 365.32 549.884 364.67L550.998 364.392C551.104 364.803 551.304 365.111 551.599 365.317C551.898 365.522 552.287 365.625 552.768 365.625C553.315 365.625 553.749 365.509 554.07 365.277C554.395 365.042 554.558 364.76 554.558 364.432C554.558 364.167 554.465 363.945 554.279 363.766C554.094 363.583 553.808 363.447 553.424 363.358L552.151 363.06C551.452 362.894 550.938 362.637 550.61 362.289C550.285 361.938 550.123 361.499 550.123 360.972C550.123 360.541 550.244 360.16 550.486 359.828C550.731 359.497 551.064 359.237 551.485 359.048C551.909 358.859 552.39 358.764 552.927 358.764C553.683 358.764 554.276 358.93 554.707 359.261C555.141 359.593 555.449 360.03 555.631 360.574ZM557.537 366.5V358.864H558.71V366.5H557.537ZM558.133 357.591C557.905 357.591 557.707 357.513 557.542 357.357C557.379 357.201 557.298 357.014 557.298 356.795C557.298 356.577 557.379 356.389 557.542 356.234C557.707 356.078 557.905 356 558.133 356C558.362 356 558.558 356.078 558.72 356.234C558.886 356.389 558.969 356.577 558.969 356.795C558.969 357.014 558.886 357.201 558.72 357.357C558.558 357.513 558.362 357.591 558.133 357.591ZM562.032 356.318V366.5H560.859V356.318H562.032ZM565.036 366.58C564.791 366.58 564.581 366.492 564.405 366.316C564.229 366.14 564.142 365.93 564.142 365.685C564.142 365.439 564.229 365.229 564.405 365.053C564.581 364.878 564.791 364.79 565.036 364.79C565.282 364.79 565.492 364.878 565.668 365.053C565.843 365.229 565.931 365.439 565.931 365.685C565.931 365.847 565.89 365.996 565.807 366.132C565.727 366.268 565.62 366.377 565.484 366.46C565.351 366.54 565.202 366.58 565.036 366.58ZM565.036 360.912C564.791 360.912 564.581 360.824 564.405 360.648C564.229 360.473 564.142 360.262 564.142 360.017C564.142 359.772 564.229 359.561 564.405 359.386C564.581 359.21 564.791 359.122 565.036 359.122C565.282 359.122 565.492 359.21 565.668 359.386C565.843 359.561 565.931 359.772 565.931 360.017C565.931 360.179 565.89 360.329 565.807 360.464C565.727 360.6 565.62 360.71 565.484 360.793C565.351 360.872 565.202 360.912 565.036 360.912ZM575.275 366.5H572.133V356.318H575.415C576.402 356.318 577.247 356.522 577.95 356.93C578.653 357.334 579.191 357.916 579.566 358.675C579.94 359.43 580.128 360.335 580.128 361.389C580.128 362.45 579.939 363.363 579.561 364.129C579.183 364.891 578.633 365.478 577.91 365.888C577.188 366.296 576.309 366.5 575.275 366.5ZM573.366 365.406H575.196C576.038 365.406 576.735 365.244 577.289 364.919C577.842 364.594 578.255 364.132 578.527 363.532C578.799 362.932 578.934 362.218 578.934 361.389C578.934 360.567 578.8 359.86 578.532 359.266C578.263 358.67 577.862 358.212 577.329 357.894C576.795 357.573 576.131 357.412 575.335 357.412H573.366V365.406ZM585.238 366.659C584.503 366.659 583.868 366.497 583.334 366.172C582.804 365.844 582.395 365.386 582.106 364.8C581.821 364.21 581.679 363.524 581.679 362.741C581.679 361.959 581.821 361.27 582.106 360.673C582.395 360.073 582.796 359.606 583.309 359.271C583.827 358.933 584.43 358.764 585.119 358.764C585.517 358.764 585.91 358.83 586.297 358.963C586.685 359.096 587.038 359.311 587.356 359.609C587.675 359.904 587.928 360.295 588.117 360.783C588.306 361.27 588.4 361.87 588.4 362.582V363.08H582.514V362.065H587.207C587.207 361.634 587.121 361.25 586.949 360.912C586.78 360.574 586.538 360.307 586.223 360.112C585.911 359.916 585.543 359.818 585.119 359.818C584.652 359.818 584.247 359.934 583.906 360.166C583.568 360.395 583.308 360.693 583.126 361.061C582.943 361.429 582.852 361.823 582.852 362.244V362.92C582.852 363.497 582.952 363.986 583.15 364.387C583.353 364.785 583.633 365.088 583.991 365.297C584.349 365.502 584.765 365.605 585.238 365.605C585.547 365.605 585.825 365.562 586.074 365.476C586.326 365.386 586.543 365.254 586.725 365.078C586.907 364.899 587.048 364.677 587.148 364.412L588.281 364.73C588.162 365.115 587.961 365.453 587.68 365.744C587.398 366.033 587.05 366.258 586.635 366.42C586.221 366.58 585.756 366.659 585.238 366.659ZM595.594 360.574L594.54 360.872C594.474 360.696 594.376 360.526 594.247 360.36C594.121 360.191 593.949 360.052 593.73 359.942C593.511 359.833 593.231 359.778 592.89 359.778C592.422 359.778 592.033 359.886 591.721 360.102C591.413 360.314 591.259 360.584 591.259 360.912C591.259 361.204 591.365 361.434 591.577 361.603C591.789 361.772 592.121 361.913 592.572 362.026L593.705 362.304C594.388 362.47 594.897 362.723 595.231 363.065C595.566 363.403 595.733 363.839 595.733 364.372C595.733 364.81 595.608 365.201 595.356 365.545C595.107 365.89 594.759 366.162 594.312 366.361C593.864 366.56 593.344 366.659 592.751 366.659C591.972 366.659 591.327 366.49 590.817 366.152C590.306 365.814 589.983 365.32 589.847 364.67L590.961 364.392C591.067 364.803 591.267 365.111 591.562 365.317C591.861 365.522 592.25 365.625 592.731 365.625C593.278 365.625 593.712 365.509 594.033 365.277C594.358 365.042 594.52 364.76 594.52 364.432C594.52 364.167 594.428 363.945 594.242 363.766C594.056 363.583 593.771 363.447 593.387 363.358L592.114 363.06C591.415 362.894 590.901 362.637 590.573 362.289C590.248 361.938 590.086 361.499 590.086 360.972C590.086 360.541 590.207 360.16 590.449 359.828C590.694 359.497 591.027 359.237 591.448 359.048C591.872 358.859 592.353 358.764 592.89 358.764C593.645 358.764 594.239 358.93 594.67 359.261C595.104 359.593 595.412 360.03 595.594 360.574ZM597.5 366.5V358.864H598.673V366.5H597.5ZM598.096 357.591C597.868 357.591 597.67 357.513 597.505 357.357C597.342 357.201 597.261 357.014 597.261 356.795C597.261 356.577 597.342 356.389 597.505 356.234C597.67 356.078 597.868 356 598.096 356C598.325 356 598.52 356.078 598.683 356.234C598.849 356.389 598.931 356.577 598.931 356.795C598.931 357.014 598.849 357.201 598.683 357.357C598.52 357.513 598.325 357.591 598.096 357.591ZM601.995 356.318V366.5H600.822V356.318H601.995ZM608.062 366.5V365.605L611.423 361.926C611.817 361.495 612.142 361.121 612.397 360.803C612.652 360.481 612.841 360.179 612.964 359.898C613.09 359.613 613.153 359.314 613.153 359.003C613.153 358.645 613.067 358.335 612.894 358.073C612.725 357.811 612.493 357.609 612.198 357.467C611.903 357.324 611.572 357.253 611.204 357.253C610.813 357.253 610.471 357.334 610.18 357.496C609.891 357.656 609.668 357.879 609.509 358.168C609.353 358.456 609.275 358.794 609.275 359.182H608.102C608.102 358.585 608.239 358.062 608.514 357.611C608.789 357.16 609.164 356.809 609.638 356.557C610.115 356.305 610.65 356.179 611.244 356.179C611.84 356.179 612.369 356.305 612.83 356.557C613.29 356.809 613.652 357.148 613.913 357.576C614.175 358.004 614.306 358.479 614.306 359.003C614.306 359.377 614.238 359.744 614.102 360.102C613.97 360.456 613.738 360.852 613.406 361.29C613.078 361.724 612.622 362.254 612.039 362.881L609.752 365.327V365.406H614.485V366.5H608.062Z" fill="#171717"/>
<path d="M626.784 353.037V369.781H625.79V353.037H626.784Z" fill="#DFDFDF"/>
<path d="M642.17 366.5V356.318H643.403V361.369H643.523L648.097 356.318H649.707L645.432 360.912L649.707 366.5H648.216L644.676 361.767L643.403 363.199V366.5H642.17ZM653.785 366.659C653.05 366.659 652.415 366.497 651.881 366.172C651.351 365.844 650.942 365.386 650.653 364.8C650.368 364.21 650.226 363.524 650.226 362.741C650.226 361.959 650.368 361.27 650.653 360.673C650.942 360.073 651.343 359.606 651.856 359.271C652.373 358.933 652.977 358.764 653.666 358.764C654.064 358.764 654.456 358.83 654.844 358.963C655.232 359.096 655.585 359.311 655.903 359.609C656.221 359.904 656.475 360.295 656.664 360.783C656.853 361.27 656.947 361.87 656.947 362.582V363.08H651.061V362.065H655.754C655.754 361.634 655.668 361.25 655.496 360.912C655.327 360.574 655.085 360.307 654.77 360.112C654.458 359.916 654.09 359.818 653.666 359.818C653.199 359.818 652.794 359.934 652.453 360.166C652.115 360.395 651.855 360.693 651.672 361.061C651.49 361.429 651.399 361.823 651.399 362.244V362.92C651.399 363.497 651.498 363.986 651.697 364.387C651.899 364.785 652.18 365.088 652.537 365.297C652.895 365.502 653.311 365.605 653.785 365.605C654.094 365.605 654.372 365.562 654.621 365.476C654.872 365.386 655.09 365.254 655.272 365.078C655.454 364.899 655.595 364.677 655.694 364.412L656.828 364.73C656.709 365.115 656.508 365.453 656.226 365.744C655.945 366.033 655.597 366.258 655.182 366.42C654.768 366.58 654.302 366.659 653.785 366.659ZM659.905 356.318V366.5H658.732V356.318H659.905ZM666.867 363.378V358.864H668.04V366.5H666.867V365.207H666.787C666.608 365.595 666.33 365.925 665.952 366.197C665.574 366.465 665.097 366.599 664.52 366.599C664.043 366.599 663.619 366.495 663.248 366.286C662.876 366.074 662.585 365.756 662.373 365.332C662.16 364.904 662.054 364.366 662.054 363.716V358.864H663.228V363.636C663.228 364.193 663.383 364.637 663.695 364.969C664.01 365.3 664.411 365.466 664.898 365.466C665.19 365.466 665.486 365.391 665.788 365.242C666.093 365.093 666.348 364.864 666.554 364.556C666.762 364.248 666.867 363.855 666.867 363.378ZM670.189 366.5V358.864H671.323V360.017H671.402C671.541 359.639 671.793 359.333 672.158 359.097C672.522 358.862 672.933 358.744 673.391 358.744C673.477 358.744 673.585 358.746 673.714 358.749C673.843 358.753 673.941 358.758 674.007 358.764V359.957C673.968 359.947 673.876 359.933 673.734 359.913C673.595 359.889 673.447 359.878 673.291 359.878C672.92 359.878 672.589 359.956 672.297 360.112C672.009 360.264 671.78 360.476 671.611 360.748C671.445 361.016 671.362 361.323 671.362 361.668V366.5H670.189ZM677.645 366.679C677.161 366.679 676.722 366.588 676.328 366.406C675.933 366.22 675.62 365.953 675.388 365.605C675.156 365.254 675.04 364.83 675.04 364.332C675.04 363.895 675.126 363.54 675.299 363.268C675.471 362.993 675.701 362.778 675.99 362.622C676.278 362.466 676.596 362.35 676.944 362.274C677.296 362.195 677.649 362.132 678.003 362.085C678.467 362.026 678.843 361.981 679.132 361.951C679.423 361.918 679.636 361.863 679.768 361.787C679.904 361.711 679.972 361.578 679.972 361.389V361.349C679.972 360.859 679.838 360.478 679.569 360.206C679.304 359.934 678.901 359.798 678.361 359.798C677.801 359.798 677.362 359.921 677.044 360.166C676.725 360.411 676.502 360.673 676.373 360.952L675.259 360.554C675.458 360.09 675.723 359.729 676.054 359.47C676.389 359.208 676.754 359.026 677.148 358.923C677.546 358.817 677.937 358.764 678.321 358.764C678.567 358.764 678.848 358.794 679.167 358.854C679.488 358.91 679.798 359.028 680.096 359.207C680.398 359.386 680.648 359.656 680.847 360.017C681.046 360.378 681.145 360.862 681.145 361.469V366.5H679.972V365.466H679.912C679.833 365.632 679.7 365.809 679.515 365.998C679.329 366.187 679.082 366.348 678.774 366.48C678.466 366.613 678.089 366.679 677.645 366.679ZM677.824 365.625C678.288 365.625 678.679 365.534 678.998 365.352C679.319 365.169 679.561 364.934 679.723 364.646C679.889 364.357 679.972 364.054 679.972 363.736V362.662C679.922 362.722 679.813 362.776 679.644 362.826C679.478 362.872 679.286 362.914 679.067 362.95C678.852 362.983 678.641 363.013 678.436 363.04C678.234 363.063 678.069 363.083 677.944 363.099C677.639 363.139 677.354 363.204 677.088 363.293C676.827 363.379 676.614 363.51 676.452 363.686C676.293 363.858 676.213 364.094 676.213 364.392C676.213 364.8 676.364 365.108 676.666 365.317C676.971 365.522 677.357 365.625 677.824 365.625ZM684.46 361.906V366.5H683.287V356.318H684.46V360.057H684.559C684.738 359.662 685.007 359.349 685.365 359.117C685.726 358.882 686.207 358.764 686.807 358.764C687.327 358.764 687.783 358.869 688.174 359.077C688.565 359.283 688.868 359.599 689.084 360.027C689.302 360.451 689.412 360.991 689.412 361.648V366.5H688.238V361.727C688.238 361.121 688.081 360.652 687.766 360.32C687.455 359.986 687.022 359.818 686.469 359.818C686.084 359.818 685.739 359.899 685.434 360.062C685.133 360.224 684.894 360.461 684.719 360.773C684.546 361.084 684.46 361.462 684.46 361.906ZM693.805 366.679C693.321 366.679 692.882 366.588 692.488 366.406C692.094 366.22 691.78 365.953 691.548 365.605C691.316 365.254 691.2 364.83 691.2 364.332C691.2 363.895 691.286 363.54 691.459 363.268C691.631 362.993 691.862 362.778 692.15 362.622C692.438 362.466 692.756 362.35 693.104 362.274C693.456 362.195 693.809 362.132 694.163 362.085C694.627 362.026 695.004 361.981 695.292 361.951C695.584 361.918 695.796 361.863 695.928 361.787C696.064 361.711 696.132 361.578 696.132 361.389V361.349C696.132 360.859 695.998 360.478 695.729 360.206C695.464 359.934 695.062 359.798 694.521 359.798C693.961 359.798 693.522 359.921 693.204 360.166C692.886 360.411 692.662 360.673 692.533 360.952L691.419 360.554C691.618 360.09 691.883 359.729 692.214 359.47C692.549 359.208 692.914 359.026 693.308 358.923C693.706 358.817 694.097 358.764 694.482 358.764C694.727 358.764 695.009 358.794 695.327 358.854C695.648 358.91 695.958 359.028 696.256 359.207C696.558 359.386 696.808 359.656 697.007 360.017C697.206 360.378 697.305 360.862 697.305 361.469V366.5H696.132V365.466H696.072C695.993 365.632 695.86 365.809 695.675 365.998C695.489 366.187 695.242 366.348 694.934 366.48C694.626 366.613 694.25 366.679 693.805 366.679ZM693.984 365.625C694.448 365.625 694.839 365.534 695.158 365.352C695.479 365.169 695.721 364.934 695.884 364.646C696.049 364.357 696.132 364.054 696.132 363.736V362.662C696.082 362.722 695.973 362.776 695.804 362.826C695.638 362.872 695.446 362.914 695.227 362.95C695.012 362.983 694.801 363.013 694.596 363.04C694.394 363.063 694.23 363.083 694.104 363.099C693.799 363.139 693.514 363.204 693.249 363.293C692.987 363.379 692.775 363.51 692.612 363.686C692.453 363.858 692.374 364.094 692.374 364.392C692.374 364.8 692.524 365.108 692.826 365.317C693.131 365.522 693.517 365.625 693.984 365.625ZM700.62 361.906V366.5H699.447V358.864H700.58V360.057H700.68C700.859 359.669 701.131 359.357 701.495 359.122C701.86 358.884 702.33 358.764 702.907 358.764C703.424 358.764 703.877 358.87 704.264 359.082C704.652 359.291 704.954 359.609 705.169 360.037C705.385 360.461 705.492 360.998 705.492 361.648V366.5H704.319V361.727C704.319 361.127 704.163 360.66 703.852 360.325C703.54 359.987 703.113 359.818 702.569 359.818C702.195 359.818 701.86 359.899 701.565 360.062C701.273 360.224 701.043 360.461 700.874 360.773C700.705 361.084 700.62 361.462 700.62 361.906ZM708.491 366.58C708.246 366.58 708.036 366.492 707.86 366.316C707.684 366.14 707.597 365.93 707.597 365.685C707.597 365.439 707.684 365.229 707.86 365.053C708.036 364.878 708.246 364.79 708.491 364.79C708.737 364.79 708.947 364.878 709.123 365.053C709.299 365.229 709.386 365.439 709.386 365.685C709.386 365.847 709.345 365.996 709.262 366.132C709.183 366.268 709.075 366.377 708.939 366.46C708.806 366.54 708.657 366.58 708.491 366.58ZM708.491 360.912C708.246 360.912 708.036 360.824 707.86 360.648C707.684 360.473 707.597 360.262 707.597 360.017C707.597 359.772 707.684 359.561 707.86 359.386C708.036 359.21 708.246 359.122 708.491 359.122C708.737 359.122 708.947 359.21 709.123 359.386C709.299 359.561 709.386 359.772 709.386 360.017C709.386 360.179 709.345 360.329 709.262 360.464C709.183 360.6 709.075 360.71 708.939 360.793C708.806 360.872 708.657 360.912 708.491 360.912ZM721.157 358.864C721.097 358.36 720.855 357.969 720.431 357.69C720.007 357.412 719.486 357.273 718.87 357.273C718.419 357.273 718.025 357.346 717.686 357.491C717.352 357.637 717.09 357.838 716.901 358.093C716.715 358.348 716.623 358.638 716.623 358.963C716.623 359.235 716.687 359.469 716.816 359.664C716.949 359.856 717.118 360.017 717.324 360.146C717.529 360.272 717.744 360.377 717.97 360.46C718.195 360.539 718.402 360.604 718.591 360.653L719.625 360.932C719.891 361.001 720.185 361.098 720.51 361.22C720.838 361.343 721.152 361.51 721.45 361.722C721.752 361.931 722 362.2 722.196 362.528C722.391 362.856 722.489 363.259 722.489 363.736C722.489 364.286 722.345 364.783 722.056 365.227C721.771 365.671 721.354 366.024 720.804 366.286C720.257 366.548 719.592 366.679 718.81 366.679C718.081 366.679 717.449 366.561 716.916 366.326C716.386 366.091 715.968 365.763 715.663 365.342C715.361 364.921 715.191 364.432 715.151 363.875H716.424C716.457 364.259 716.586 364.578 716.811 364.83C717.04 365.078 717.328 365.264 717.676 365.386C718.028 365.506 718.406 365.565 718.81 365.565C719.281 365.565 719.703 365.489 720.078 365.337C720.452 365.181 720.749 364.965 720.968 364.69C721.186 364.412 721.296 364.087 721.296 363.716C721.296 363.378 721.201 363.103 721.012 362.891C720.824 362.679 720.575 362.506 720.267 362.374C719.958 362.241 719.625 362.125 719.267 362.026L718.015 361.668C717.219 361.439 716.589 361.112 716.125 360.688C715.661 360.264 715.429 359.709 715.429 359.023C715.429 358.453 715.583 357.955 715.892 357.531C716.203 357.104 716.621 356.772 717.145 356.537C717.672 356.298 718.26 356.179 718.909 356.179C719.566 356.179 720.149 356.297 720.659 356.532C721.17 356.764 721.574 357.082 721.873 357.487C722.174 357.891 722.333 358.35 722.35 358.864H721.157ZM727.559 366.659C726.823 366.659 726.188 366.497 725.655 366.172C725.124 365.844 724.715 365.386 724.427 364.8C724.142 364.21 723.999 363.524 723.999 362.741C723.999 361.959 724.142 361.27 724.427 360.673C724.715 360.073 725.116 359.606 725.63 359.271C726.147 358.933 726.75 358.764 727.439 358.764C727.837 358.764 728.23 358.83 728.618 358.963C729.006 359.096 729.358 359.311 729.677 359.609C729.995 359.904 730.248 360.295 730.437 360.783C730.626 361.27 730.721 361.87 730.721 362.582V363.08H724.834V362.065H729.528C729.528 361.634 729.441 361.25 729.269 360.912C729.1 360.574 728.858 360.307 728.543 360.112C728.232 359.916 727.864 359.818 727.439 359.818C726.972 359.818 726.568 359.934 726.226 360.166C725.888 360.395 725.628 360.693 725.446 361.061C725.264 361.429 725.172 361.823 725.172 362.244V362.92C725.172 363.497 725.272 363.986 725.471 364.387C725.673 364.785 725.953 365.088 726.311 365.297C726.669 365.502 727.085 365.605 727.559 365.605C727.867 365.605 728.145 365.562 728.394 365.476C728.646 365.386 728.863 365.254 729.045 365.078C729.228 364.899 729.368 364.677 729.468 364.412L730.601 364.73C730.482 365.115 730.282 365.453 730 365.744C729.718 366.033 729.37 366.258 728.956 366.42C728.541 366.58 728.076 366.659 727.559 366.659ZM733.599 363.716L733.579 362.264H733.818L737.159 358.864H738.611L735.051 362.463H734.952L733.599 363.716ZM732.506 366.5V356.318H733.679V366.5H732.506ZM737.358 366.5L734.375 362.722L735.21 361.906L738.849 366.5H737.358ZM743.008 366.659C742.272 366.659 741.637 366.497 741.104 366.172C740.574 365.844 740.164 365.386 739.876 364.8C739.591 364.21 739.448 363.524 739.448 362.741C739.448 361.959 739.591 361.27 739.876 360.673C740.164 360.073 740.565 359.606 741.079 359.271C741.596 358.933 742.199 358.764 742.889 358.764C743.286 358.764 743.679 358.83 744.067 358.963C744.455 359.096 744.808 359.311 745.126 359.609C745.444 359.904 745.698 360.295 745.887 360.783C746.075 361.27 746.17 361.87 746.17 362.582V363.08H740.284V362.065H744.977C744.977 361.634 744.891 361.25 744.718 360.912C744.549 360.574 744.307 360.307 743.992 360.112C743.681 359.916 743.313 359.818 742.889 359.818C742.421 359.818 742.017 359.934 741.676 360.166C741.338 360.395 741.077 360.693 740.895 361.061C740.713 361.429 740.622 361.823 740.622 362.244V362.92C740.622 363.497 740.721 363.986 740.92 364.387C741.122 364.785 741.402 365.088 741.76 365.297C742.118 365.502 742.534 365.605 743.008 365.605C743.316 365.605 743.595 365.562 743.843 365.476C744.095 365.386 744.312 365.254 744.494 365.078C744.677 364.899 744.818 364.677 744.917 364.412L746.051 364.73C745.931 365.115 745.731 365.453 745.449 365.744C745.167 366.033 744.819 366.258 744.405 366.42C743.991 366.58 743.525 366.659 743.008 366.659ZM749.128 356.318V366.5H747.955V356.318H749.128ZM754.379 366.659C753.69 366.659 753.085 366.495 752.565 366.167C752.048 365.839 751.643 365.38 751.352 364.79C751.063 364.2 750.919 363.51 750.919 362.722C750.919 361.926 751.063 361.232 751.352 360.638C751.643 360.045 752.048 359.585 752.565 359.256C753.085 358.928 753.69 358.764 754.379 358.764C755.069 358.764 755.672 358.928 756.189 359.256C756.709 359.585 757.114 360.045 757.402 360.638C757.694 361.232 757.839 361.926 757.839 362.722C757.839 363.51 757.694 364.2 757.402 364.79C757.114 365.38 756.709 365.839 756.189 366.167C755.672 366.495 755.069 366.659 754.379 366.659ZM754.379 365.605C754.903 365.605 755.334 365.471 755.672 365.202C756.01 364.934 756.26 364.581 756.423 364.143C756.585 363.706 756.666 363.232 756.666 362.722C756.666 362.211 756.585 361.736 756.423 361.295C756.26 360.854 756.01 360.498 755.672 360.226C755.334 359.954 754.903 359.818 754.379 359.818C753.856 359.818 753.425 359.954 753.087 360.226C752.749 360.498 752.498 360.854 752.336 361.295C752.174 361.736 752.092 362.211 752.092 362.722C752.092 363.232 752.174 363.706 752.336 364.143C752.498 364.581 752.749 364.934 753.087 365.202C753.425 365.471 753.856 365.605 754.379 365.605ZM761.878 366.679C761.394 366.679 760.955 366.588 760.56 366.406C760.166 366.22 759.853 365.953 759.621 365.605C759.389 365.254 759.273 364.83 759.273 364.332C759.273 363.895 759.359 363.54 759.531 363.268C759.703 362.993 759.934 362.778 760.222 362.622C760.51 362.466 760.829 362.35 761.177 362.274C761.528 362.195 761.881 362.132 762.236 362.085C762.7 362.026 763.076 361.981 763.364 361.951C763.656 361.918 763.868 361.863 764.001 361.787C764.136 361.711 764.204 361.578 764.204 361.389V361.349C764.204 360.859 764.07 360.478 763.802 360.206C763.537 359.934 763.134 359.798 762.594 359.798C762.033 359.798 761.594 359.921 761.276 360.166C760.958 360.411 760.734 360.673 760.605 360.952L759.491 360.554C759.69 360.09 759.955 359.729 760.287 359.47C760.622 359.208 760.986 359.026 761.381 358.923C761.778 358.817 762.169 358.764 762.554 358.764C762.799 358.764 763.081 358.794 763.399 358.854C763.72 358.91 764.03 359.028 764.329 359.207C764.63 359.386 764.881 359.656 765.079 360.017C765.278 360.378 765.378 360.862 765.378 361.469V366.5H764.204V365.466H764.145C764.065 365.632 763.933 365.809 763.747 365.998C763.561 366.187 763.314 366.348 763.006 366.48C762.698 366.613 762.322 366.679 761.878 366.679ZM762.057 365.625C762.521 365.625 762.912 365.534 763.23 365.352C763.551 365.169 763.793 364.934 763.956 364.646C764.122 364.357 764.204 364.054 764.204 363.736V362.662C764.155 362.722 764.045 362.776 763.876 362.826C763.711 362.872 763.518 362.914 763.3 362.95C763.084 362.983 762.874 363.013 762.668 363.04C762.466 363.063 762.302 363.083 762.176 363.099C761.871 363.139 761.586 363.204 761.321 363.293C761.059 363.379 760.847 363.51 760.684 363.686C760.525 363.858 760.446 364.094 760.446 364.392C760.446 364.8 760.597 365.108 760.898 365.317C761.203 365.522 761.589 365.625 762.057 365.625Z" fill="#171717"/>
<path d="M333.375 426H330.233V415.818H333.514C334.502 415.818 335.347 416.022 336.05 416.43C336.752 416.834 337.291 417.416 337.665 418.175C338.04 418.93 338.227 419.835 338.227 420.889C338.227 421.95 338.038 422.863 337.661 423.629C337.283 424.391 336.732 424.978 336.01 425.388C335.287 425.796 334.409 426 333.375 426ZM331.466 424.906H333.295C334.137 424.906 334.835 424.744 335.388 424.419C335.942 424.094 336.355 423.632 336.626 423.032C336.898 422.432 337.034 421.718 337.034 420.889C337.034 420.067 336.9 419.36 336.631 418.766C336.363 418.17 335.962 417.712 335.428 417.394C334.895 417.073 334.23 416.912 333.435 416.912H331.466V424.906ZM340.136 426V418.364H341.31V426H340.136ZM340.733 417.091C340.504 417.091 340.307 417.013 340.141 416.857C339.979 416.701 339.898 416.514 339.898 416.295C339.898 416.077 339.979 415.889 340.141 415.734C340.307 415.578 340.504 415.5 340.733 415.5C340.962 415.5 341.157 415.578 341.32 415.734C341.485 415.889 341.568 416.077 341.568 416.295C341.568 416.514 341.485 416.701 341.32 416.857C341.157 417.013 340.962 417.091 340.733 417.091ZM344.632 421.406V426H343.459V418.364H344.592V419.557H344.692C344.871 419.169 345.142 418.857 345.507 418.622C345.872 418.384 346.342 418.264 346.919 418.264C347.436 418.264 347.888 418.37 348.276 418.582C348.664 418.791 348.965 419.109 349.181 419.537C349.396 419.961 349.504 420.498 349.504 421.148V426H348.331V421.227C348.331 420.627 348.175 420.16 347.863 419.825C347.552 419.487 347.124 419.318 346.581 419.318C346.206 419.318 345.872 419.399 345.577 419.562C345.285 419.724 345.055 419.961 344.885 420.273C344.716 420.584 344.632 420.962 344.632 421.406ZM353.895 426.179C353.411 426.179 352.972 426.088 352.578 425.906C352.183 425.72 351.87 425.453 351.638 425.105C351.406 424.754 351.29 424.33 351.29 423.832C351.29 423.395 351.376 423.04 351.549 422.768C351.721 422.493 351.951 422.278 352.24 422.122C352.528 421.966 352.846 421.85 353.194 421.774C353.546 421.695 353.899 421.632 354.253 421.585C354.717 421.526 355.093 421.481 355.382 421.451C355.673 421.418 355.886 421.363 356.018 421.287C356.154 421.211 356.222 421.078 356.222 420.889V420.849C356.222 420.359 356.088 419.978 355.819 419.706C355.554 419.434 355.151 419.298 354.611 419.298C354.051 419.298 353.612 419.421 353.294 419.666C352.975 419.911 352.752 420.173 352.623 420.452L351.509 420.054C351.708 419.59 351.973 419.229 352.304 418.97C352.639 418.708 353.004 418.526 353.398 418.423C353.796 418.317 354.187 418.264 354.571 418.264C354.817 418.264 355.098 418.294 355.417 418.354C355.738 418.41 356.048 418.528 356.346 418.707C356.648 418.886 356.898 419.156 357.097 419.517C357.296 419.878 357.395 420.362 357.395 420.969V426H356.222V424.966H356.162C356.083 425.132 355.95 425.309 355.765 425.498C355.579 425.687 355.332 425.848 355.024 425.98C354.716 426.113 354.339 426.179 353.895 426.179ZM354.074 425.125C354.538 425.125 354.929 425.034 355.248 424.852C355.569 424.669 355.811 424.434 355.973 424.146C356.139 423.857 356.222 423.554 356.222 423.236V422.162C356.172 422.222 356.063 422.276 355.894 422.326C355.728 422.372 355.536 422.414 355.317 422.45C355.102 422.483 354.891 422.513 354.686 422.54C354.484 422.563 354.319 422.583 354.194 422.599C353.889 422.639 353.604 422.704 353.338 422.793C353.077 422.879 352.864 423.01 352.702 423.186C352.543 423.358 352.463 423.594 352.463 423.892C352.463 424.3 352.614 424.608 352.916 424.817C353.221 425.022 353.607 425.125 354.074 425.125ZM364.946 420.074L363.892 420.372C363.826 420.196 363.728 420.026 363.599 419.86C363.473 419.691 363.3 419.552 363.081 419.442C362.863 419.333 362.583 419.278 362.241 419.278C361.774 419.278 361.385 419.386 361.073 419.602C360.765 419.814 360.611 420.084 360.611 420.412C360.611 420.704 360.717 420.934 360.929 421.103C361.141 421.272 361.472 421.413 361.923 421.526L363.057 421.804C363.739 421.97 364.248 422.223 364.583 422.565C364.918 422.903 365.085 423.339 365.085 423.872C365.085 424.31 364.959 424.701 364.707 425.045C364.459 425.39 364.111 425.662 363.663 425.861C363.216 426.06 362.695 426.159 362.102 426.159C361.323 426.159 360.679 425.99 360.168 425.652C359.658 425.314 359.335 424.82 359.199 424.17L360.312 423.892C360.418 424.303 360.619 424.611 360.914 424.817C361.212 425.022 361.602 425.125 362.082 425.125C362.629 425.125 363.063 425.009 363.385 424.777C363.71 424.542 363.872 424.26 363.872 423.932C363.872 423.667 363.779 423.445 363.594 423.266C363.408 423.083 363.123 422.947 362.738 422.858L361.466 422.56C360.766 422.394 360.253 422.137 359.925 421.789C359.6 421.438 359.437 420.999 359.437 420.472C359.437 420.041 359.558 419.66 359.8 419.328C360.046 418.997 360.379 418.737 360.8 418.548C361.224 418.359 361.704 418.264 362.241 418.264C362.997 418.264 363.59 418.43 364.021 418.761C364.455 419.093 364.764 419.53 364.946 420.074ZM379.539 420.909C379.539 421.983 379.345 422.911 378.957 423.693C378.569 424.475 378.037 425.079 377.361 425.503C376.685 425.927 375.913 426.139 375.044 426.139C374.176 426.139 373.404 425.927 372.728 425.503C372.051 425.079 371.52 424.475 371.132 423.693C370.744 422.911 370.55 421.983 370.55 420.909C370.55 419.835 370.744 418.907 371.132 418.125C371.52 417.343 372.051 416.74 372.728 416.315C373.404 415.891 374.176 415.679 375.044 415.679C375.913 415.679 376.685 415.891 377.361 416.315C378.037 416.74 378.569 417.343 378.957 418.125C379.345 418.907 379.539 419.835 379.539 420.909ZM378.346 420.909C378.346 420.027 378.198 419.283 377.903 418.677C377.611 418.07 377.215 417.611 376.715 417.3C376.218 416.988 375.661 416.832 375.044 416.832C374.428 416.832 373.869 416.988 373.369 417.3C372.872 417.611 372.476 418.07 372.181 418.677C371.889 419.283 371.743 420.027 371.743 420.909C371.743 421.791 371.889 422.535 372.181 423.141C372.476 423.748 372.872 424.207 373.369 424.518C373.869 424.83 374.428 424.986 375.044 424.986C375.661 424.986 376.218 424.83 376.715 424.518C377.215 424.207 377.611 423.748 377.903 423.141C378.198 422.535 378.346 421.791 378.346 420.909ZM381.612 426V415.818H385.052C385.851 415.818 386.504 415.962 387.011 416.251C387.521 416.536 387.899 416.922 388.145 417.409C388.39 417.896 388.512 418.44 388.512 419.04C388.512 419.64 388.39 420.185 388.145 420.675C387.903 421.166 387.528 421.557 387.021 421.849C386.514 422.137 385.864 422.281 385.072 422.281H382.606V421.188H385.032C385.579 421.188 386.018 421.093 386.35 420.904C386.681 420.715 386.922 420.46 387.071 420.138C387.223 419.814 387.299 419.447 387.299 419.04C387.299 418.632 387.223 418.268 387.071 417.946C386.922 417.625 386.68 417.373 386.345 417.19C386.01 417.005 385.566 416.912 385.012 416.912H382.845V426H381.612ZM393.641 426H390.499V415.818H393.78C394.768 415.818 395.613 416.022 396.315 416.43C397.018 416.834 397.557 417.416 397.931 418.175C398.306 418.93 398.493 419.835 398.493 420.889C398.493 421.95 398.304 422.863 397.926 423.629C397.548 424.391 396.998 424.978 396.276 425.388C395.553 425.796 394.675 426 393.641 426ZM391.732 424.906H393.561C394.403 424.906 395.101 424.744 395.654 424.419C396.208 424.094 396.62 423.632 396.892 423.032C397.164 422.432 397.3 421.718 397.3 420.889C397.3 420.067 397.165 419.36 396.897 418.766C396.629 418.17 396.228 417.712 395.694 417.394C395.16 417.073 394.496 416.912 393.7 416.912H391.732V424.906ZM403.942 416.912V415.818H411.578V416.912H408.376V426H407.143V416.912H403.942ZM414.53 426.179C414.046 426.179 413.607 426.088 413.213 425.906C412.818 425.72 412.505 425.453 412.273 425.105C412.041 424.754 411.925 424.33 411.925 423.832C411.925 423.395 412.011 423.04 412.183 422.768C412.356 422.493 412.586 422.278 412.874 422.122C413.163 421.966 413.481 421.85 413.829 421.774C414.18 421.695 414.533 421.632 414.888 421.585C415.352 421.526 415.728 421.481 416.017 421.451C416.308 421.418 416.52 421.363 416.653 421.287C416.789 421.211 416.857 421.078 416.857 420.889V420.849C416.857 420.359 416.722 419.978 416.454 419.706C416.189 419.434 415.786 419.298 415.246 419.298C414.686 419.298 414.247 419.421 413.928 419.666C413.61 419.911 413.387 420.173 413.257 420.452L412.144 420.054C412.343 419.59 412.608 419.229 412.939 418.97C413.274 418.708 413.638 418.526 414.033 418.423C414.431 418.317 414.822 418.264 415.206 418.264C415.451 418.264 415.733 418.294 416.051 418.354C416.373 418.41 416.683 418.528 416.981 418.707C417.283 418.886 417.533 419.156 417.732 419.517C417.931 419.878 418.03 420.362 418.03 420.969V426H416.857V424.966H416.797C416.718 425.132 416.585 425.309 416.399 425.498C416.214 425.687 415.967 425.848 415.659 425.98C415.35 426.113 414.974 426.179 414.53 426.179ZM414.709 425.125C415.173 425.125 415.564 425.034 415.882 424.852C416.204 424.669 416.446 424.434 416.608 424.146C416.774 423.857 416.857 423.554 416.857 423.236V422.162C416.807 422.222 416.698 422.276 416.529 422.326C416.363 422.372 416.171 422.414 415.952 422.45C415.736 422.483 415.526 422.513 415.32 422.54C415.118 422.563 414.954 422.583 414.828 422.599C414.523 422.639 414.238 422.704 413.973 422.793C413.711 422.879 413.499 423.01 413.337 423.186C413.178 423.358 413.098 423.594 413.098 423.892C413.098 424.3 413.249 424.608 413.551 424.817C413.856 425.022 414.242 425.125 414.709 425.125ZM420.172 426V418.364H421.305V419.517H421.385C421.524 419.139 421.776 418.833 422.14 418.597C422.505 418.362 422.916 418.244 423.373 418.244C423.459 418.244 423.567 418.246 423.696 418.249C423.826 418.253 423.923 418.258 423.99 418.264V419.457C423.95 419.447 423.859 419.433 423.716 419.413C423.577 419.389 423.43 419.378 423.274 419.378C422.903 419.378 422.571 419.456 422.279 419.612C421.991 419.764 421.762 419.976 421.593 420.248C421.428 420.516 421.345 420.823 421.345 421.168V426H420.172ZM428.23 429.023C427.664 429.023 427.176 428.95 426.769 428.804C426.361 428.661 426.021 428.473 425.75 428.237C425.481 428.005 425.267 427.757 425.108 427.491L426.043 426.835C426.149 426.974 426.283 427.134 426.446 427.312C426.608 427.495 426.83 427.652 427.112 427.785C427.397 427.921 427.77 427.989 428.23 427.989C428.847 427.989 429.356 427.839 429.757 427.541C430.158 427.243 430.358 426.776 430.358 426.139V424.588H430.259C430.173 424.727 430.05 424.9 429.891 425.105C429.735 425.307 429.51 425.488 429.215 425.647C428.923 425.803 428.529 425.881 428.032 425.881C427.415 425.881 426.862 425.735 426.371 425.443C425.884 425.152 425.498 424.727 425.213 424.17C424.931 423.614 424.79 422.937 424.79 422.142C424.79 421.36 424.928 420.679 425.203 420.099C425.478 419.515 425.861 419.065 426.351 418.746C426.842 418.425 427.408 418.264 428.051 418.264C428.549 418.264 428.943 418.347 429.235 418.513C429.53 418.675 429.755 418.861 429.911 419.07C430.07 419.275 430.193 419.444 430.279 419.577H430.398V418.364H431.532V426.219C431.532 426.875 431.382 427.409 431.084 427.82C430.789 428.234 430.391 428.537 429.891 428.729C429.394 428.925 428.84 429.023 428.23 429.023ZM428.191 424.827C428.661 424.827 429.059 424.719 429.384 424.504C429.709 424.288 429.956 423.978 430.125 423.574C430.294 423.17 430.378 422.686 430.378 422.122C430.378 421.572 430.295 421.086 430.13 420.665C429.964 420.245 429.719 419.915 429.394 419.676C429.069 419.437 428.668 419.318 428.191 419.318C427.694 419.318 427.279 419.444 426.948 419.696C426.62 419.948 426.373 420.286 426.207 420.71C426.045 421.134 425.963 421.605 425.963 422.122C425.963 422.652 426.046 423.121 426.212 423.529C426.381 423.933 426.63 424.252 426.958 424.484C427.289 424.712 427.7 424.827 428.191 424.827ZM436.881 426.159C436.145 426.159 435.511 425.997 434.977 425.672C434.447 425.344 434.037 424.886 433.749 424.3C433.464 423.71 433.321 423.024 433.321 422.241C433.321 421.459 433.464 420.77 433.749 420.173C434.037 419.573 434.438 419.106 434.952 418.771C435.469 418.433 436.072 418.264 436.762 418.264C437.159 418.264 437.552 418.33 437.94 418.463C438.328 418.596 438.681 418.811 438.999 419.109C439.317 419.404 439.571 419.795 439.76 420.283C439.949 420.77 440.043 421.37 440.043 422.082V422.58H434.157V421.565H438.85C438.85 421.134 438.764 420.75 438.591 420.412C438.422 420.074 438.18 419.807 437.865 419.612C437.554 419.416 437.186 419.318 436.762 419.318C436.294 419.318 435.89 419.434 435.549 419.666C435.211 419.895 434.95 420.193 434.768 420.561C434.586 420.929 434.495 421.323 434.495 421.744V422.42C434.495 422.997 434.594 423.486 434.793 423.887C434.995 424.285 435.275 424.588 435.633 424.797C435.991 425.002 436.407 425.105 436.881 425.105C437.189 425.105 437.468 425.062 437.716 424.976C437.968 424.886 438.185 424.754 438.368 424.578C438.55 424.399 438.691 424.177 438.79 423.912L439.924 424.23C439.804 424.615 439.604 424.953 439.322 425.244C439.04 425.533 438.692 425.758 438.278 425.92C437.864 426.08 437.398 426.159 436.881 426.159ZM445.149 418.364V419.358H441.191V418.364H445.149ZM442.345 416.534H443.518V423.812C443.518 424.144 443.566 424.393 443.662 424.558C443.762 424.721 443.888 424.83 444.04 424.886C444.196 424.939 444.36 424.966 444.532 424.966C444.662 424.966 444.768 424.959 444.85 424.946C444.933 424.929 445 424.916 445.049 424.906L445.288 425.96C445.208 425.99 445.097 426.02 444.955 426.05C444.812 426.083 444.632 426.099 444.413 426.099C444.082 426.099 443.757 426.028 443.439 425.886C443.124 425.743 442.862 425.526 442.653 425.234C442.448 424.943 442.345 424.575 442.345 424.131V416.534Z" fill="#454545"/>
<rect x="329.5" y="433.5" width="621" height="41" rx="3.5" fill="white"/>
<rect x="329.5" y="433.5" width="621" height="41" rx="3.5" stroke="#DFDFDF"/>
<path d="M925.2 451.6L930 456.4L934.8 451.6" stroke="#6B7280" stroke-width="1.8" stroke-linecap="round" stroke-linejoin="round"/>
<path d="M351 460H347.409V448.364H351.159C352.288 448.364 353.254 448.597 354.057 449.062C354.86 449.525 355.475 450.189 355.903 451.057C356.331 451.92 356.545 452.955 356.545 454.159C356.545 455.371 356.33 456.415 355.898 457.29C355.466 458.161 354.837 458.831 354.011 459.301C353.186 459.767 352.182 460 351 460ZM348.818 458.75H350.909C351.871 458.75 352.669 458.564 353.301 458.193C353.934 457.822 354.405 457.294 354.716 456.608C355.027 455.922 355.182 455.106 355.182 454.159C355.182 453.22 355.028 452.411 354.722 451.733C354.415 451.051 353.956 450.528 353.347 450.165C352.737 449.797 351.977 449.614 351.068 449.614H348.818V458.75ZM358.727 460V451.273H360.068V460H358.727ZM359.409 449.818C359.148 449.818 358.922 449.729 358.733 449.551C358.547 449.373 358.455 449.159 358.455 448.909C358.455 448.659 358.547 448.445 358.733 448.267C358.922 448.089 359.148 448 359.409 448C359.67 448 359.894 448.089 360.08 448.267C360.269 448.445 360.364 448.659 360.364 448.909C360.364 449.159 360.269 449.373 360.08 449.551C359.894 449.729 359.67 449.818 359.409 449.818ZM363.865 454.75V460H362.524V451.273H363.82V452.636H363.933C364.138 452.193 364.448 451.837 364.865 451.568C365.282 451.295 365.82 451.159 366.479 451.159C367.07 451.159 367.587 451.28 368.03 451.523C368.473 451.761 368.818 452.125 369.064 452.614C369.31 453.098 369.433 453.712 369.433 454.455V460H368.092V454.545C368.092 453.86 367.914 453.326 367.558 452.943C367.202 452.557 366.714 452.364 366.092 452.364C365.664 452.364 365.282 452.456 364.945 452.642C364.611 452.828 364.348 453.098 364.155 453.455C363.962 453.811 363.865 454.242 363.865 454.75ZM374.452 460.205C373.899 460.205 373.397 460.1 372.946 459.892C372.495 459.68 372.137 459.375 371.872 458.977C371.607 458.576 371.474 458.091 371.474 457.523C371.474 457.023 371.573 456.617 371.77 456.307C371.967 455.992 372.23 455.746 372.56 455.568C372.889 455.39 373.253 455.258 373.651 455.17C374.052 455.08 374.455 455.008 374.861 454.955C375.391 454.886 375.821 454.835 376.151 454.801C376.484 454.763 376.726 454.701 376.878 454.614C377.033 454.527 377.111 454.375 377.111 454.159V454.114C377.111 453.553 376.957 453.117 376.651 452.807C376.348 452.496 375.887 452.341 375.27 452.341C374.63 452.341 374.128 452.481 373.764 452.761C373.401 453.042 373.145 453.341 372.997 453.659L371.724 453.205C371.952 452.674 372.255 452.261 372.634 451.966C373.016 451.667 373.433 451.458 373.884 451.341C374.338 451.22 374.785 451.159 375.224 451.159C375.505 451.159 375.827 451.193 376.19 451.261C376.558 451.326 376.912 451.46 377.253 451.665C377.598 451.869 377.884 452.178 378.111 452.591C378.338 453.004 378.452 453.557 378.452 454.25V460H377.111V458.818H377.043C376.952 459.008 376.8 459.21 376.588 459.426C376.376 459.642 376.094 459.826 375.741 459.977C375.389 460.129 374.959 460.205 374.452 460.205ZM374.656 459C375.187 459 375.634 458.896 375.997 458.688C376.365 458.479 376.641 458.21 376.827 457.881C377.016 457.551 377.111 457.205 377.111 456.841V455.614C377.054 455.682 376.929 455.744 376.736 455.801C376.546 455.854 376.327 455.902 376.077 455.943C375.83 455.981 375.59 456.015 375.355 456.045C375.124 456.072 374.937 456.095 374.793 456.114C374.444 456.159 374.118 456.233 373.815 456.335C373.516 456.434 373.274 456.583 373.088 456.784C372.906 456.981 372.815 457.25 372.815 457.591C372.815 458.057 372.988 458.409 373.332 458.648C373.681 458.883 374.122 459 374.656 459ZM387.081 453.227L385.876 453.568C385.801 453.367 385.689 453.172 385.541 452.983C385.397 452.79 385.2 452.631 384.95 452.506C384.7 452.381 384.38 452.318 383.99 452.318C383.456 452.318 383.011 452.441 382.655 452.688C382.303 452.93 382.126 453.239 382.126 453.614C382.126 453.947 382.248 454.21 382.49 454.403C382.732 454.597 383.111 454.758 383.626 454.886L384.922 455.205C385.702 455.394 386.284 455.684 386.666 456.074C387.049 456.46 387.24 456.958 387.24 457.568C387.24 458.068 387.096 458.515 386.808 458.909C386.524 459.303 386.126 459.614 385.615 459.841C385.104 460.068 384.509 460.182 383.831 460.182C382.941 460.182 382.204 459.989 381.621 459.602C381.037 459.216 380.668 458.652 380.513 457.909L381.786 457.591C381.907 458.061 382.136 458.413 382.473 458.648C382.814 458.883 383.259 459 383.808 459C384.433 459 384.929 458.867 385.297 458.602C385.668 458.333 385.854 458.011 385.854 457.636C385.854 457.333 385.748 457.08 385.536 456.875C385.323 456.667 384.998 456.511 384.558 456.409L383.104 456.068C382.304 455.879 381.717 455.585 381.342 455.188C380.971 454.786 380.786 454.284 380.786 453.682C380.786 453.189 380.924 452.754 381.2 452.375C381.481 451.996 381.861 451.699 382.342 451.483C382.827 451.267 383.376 451.159 383.99 451.159C384.854 451.159 385.532 451.348 386.024 451.727C386.52 452.106 386.873 452.606 387.081 453.227ZM400.304 451.273C400.236 450.697 399.959 450.25 399.474 449.932C398.99 449.614 398.395 449.455 397.69 449.455C397.175 449.455 396.724 449.538 396.338 449.705C395.955 449.871 395.656 450.1 395.44 450.392C395.228 450.684 395.122 451.015 395.122 451.386C395.122 451.697 395.196 451.964 395.344 452.188C395.495 452.407 395.688 452.591 395.923 452.739C396.158 452.883 396.404 453.002 396.662 453.097C396.92 453.187 397.156 453.261 397.372 453.318L398.554 453.636C398.857 453.716 399.194 453.826 399.565 453.966C399.94 454.106 400.298 454.297 400.639 454.54C400.984 454.778 401.268 455.085 401.491 455.46C401.715 455.835 401.827 456.295 401.827 456.841C401.827 457.47 401.662 458.038 401.332 458.545C401.007 459.053 400.529 459.456 399.901 459.756C399.276 460.055 398.516 460.205 397.622 460.205C396.789 460.205 396.067 460.07 395.457 459.801C394.851 459.532 394.374 459.157 394.026 458.676C393.681 458.195 393.486 457.636 393.44 457H394.895C394.933 457.439 395.08 457.803 395.338 458.091C395.599 458.375 395.929 458.587 396.327 458.727C396.728 458.864 397.16 458.932 397.622 458.932C398.16 458.932 398.643 458.845 399.071 458.67C399.499 458.492 399.838 458.246 400.088 457.932C400.338 457.614 400.463 457.242 400.463 456.818C400.463 456.432 400.355 456.117 400.139 455.875C399.923 455.633 399.639 455.436 399.287 455.284C398.935 455.133 398.554 455 398.145 454.886L396.713 454.477C395.804 454.216 395.084 453.843 394.554 453.358C394.024 452.873 393.759 452.239 393.759 451.455C393.759 450.803 393.935 450.235 394.287 449.75C394.643 449.261 395.12 448.883 395.719 448.614C396.321 448.341 396.993 448.205 397.736 448.205C398.486 448.205 399.152 448.339 399.736 448.608C400.319 448.873 400.781 449.237 401.122 449.699C401.467 450.161 401.649 450.686 401.668 451.273H400.304ZM407.507 460.182C406.719 460.182 406.028 459.994 405.433 459.619C404.842 459.244 404.38 458.72 404.047 458.045C403.717 457.371 403.553 456.583 403.553 455.682C403.553 454.773 403.717 453.979 404.047 453.301C404.38 452.623 404.842 452.097 405.433 451.722C406.028 451.347 406.719 451.159 407.507 451.159C408.295 451.159 408.984 451.347 409.575 451.722C410.17 452.097 410.632 452.623 410.962 453.301C411.295 453.979 411.462 454.773 411.462 455.682C411.462 456.583 411.295 457.371 410.962 458.045C410.632 458.72 410.17 459.244 409.575 459.619C408.984 459.994 408.295 460.182 407.507 460.182ZM407.507 458.977C408.106 458.977 408.598 458.824 408.984 458.517C409.371 458.21 409.657 457.807 409.842 457.307C410.028 456.807 410.121 456.265 410.121 455.682C410.121 455.098 410.028 454.555 409.842 454.051C409.657 453.547 409.371 453.14 408.984 452.83C408.598 452.519 408.106 452.364 407.507 452.364C406.909 452.364 406.416 452.519 406.03 452.83C405.643 453.14 405.357 453.547 405.172 454.051C404.986 454.555 404.893 455.098 404.893 455.682C404.893 456.265 404.986 456.807 405.172 457.307C405.357 457.807 405.643 458.21 406.03 458.517C406.416 458.824 406.909 458.977 407.507 458.977ZM419.69 453.227L418.486 453.568C418.41 453.367 418.298 453.172 418.151 452.983C418.007 452.79 417.81 452.631 417.56 452.506C417.31 452.381 416.99 452.318 416.599 452.318C416.065 452.318 415.62 452.441 415.264 452.688C414.912 452.93 414.736 453.239 414.736 453.614C414.736 453.947 414.857 454.21 415.099 454.403C415.342 454.597 415.721 454.758 416.236 454.886L417.531 455.205C418.312 455.394 418.893 455.684 419.276 456.074C419.658 456.46 419.849 456.958 419.849 457.568C419.849 458.068 419.705 458.515 419.418 458.909C419.134 459.303 418.736 459.614 418.224 459.841C417.713 460.068 417.118 460.182 416.44 460.182C415.55 460.182 414.813 459.989 414.23 459.602C413.647 459.216 413.277 458.652 413.122 457.909L414.395 457.591C414.516 458.061 414.745 458.413 415.082 458.648C415.423 458.883 415.868 459 416.418 459C417.043 459 417.539 458.867 417.906 458.602C418.277 458.333 418.463 458.011 418.463 457.636C418.463 457.333 418.357 457.08 418.145 456.875C417.933 456.667 417.607 456.511 417.168 456.409L415.713 456.068C414.914 455.879 414.327 455.585 413.952 455.188C413.58 454.786 413.395 454.284 413.395 453.682C413.395 453.189 413.533 452.754 413.81 452.375C414.09 451.996 414.471 451.699 414.952 451.483C415.437 451.267 415.986 451.159 416.599 451.159C417.463 451.159 418.141 451.348 418.634 451.727C419.13 452.106 419.482 452.606 419.69 453.227ZM421.868 460V451.273H423.209V460H421.868ZM422.55 449.818C422.288 449.818 422.063 449.729 421.874 449.551C421.688 449.373 421.595 449.159 421.595 448.909C421.595 448.659 421.688 448.445 421.874 448.267C422.063 448.089 422.288 448 422.55 448C422.811 448 423.035 448.089 423.22 448.267C423.41 448.445 423.504 448.659 423.504 448.909C423.504 449.159 423.41 449.373 423.22 449.551C423.035 449.729 422.811 449.818 422.55 449.818ZM428.233 460.205C427.68 460.205 427.178 460.1 426.727 459.892C426.277 459.68 425.919 459.375 425.653 458.977C425.388 458.576 425.256 458.091 425.256 457.523C425.256 457.023 425.354 456.617 425.551 456.307C425.748 455.992 426.011 455.746 426.341 455.568C426.67 455.39 427.034 455.258 427.432 455.17C427.833 455.08 428.237 455.008 428.642 454.955C429.172 454.886 429.602 454.835 429.932 454.801C430.265 454.763 430.508 454.701 430.659 454.614C430.814 454.527 430.892 454.375 430.892 454.159V454.114C430.892 453.553 430.739 453.117 430.432 452.807C430.129 452.496 429.669 452.341 429.051 452.341C428.411 452.341 427.909 452.481 427.545 452.761C427.182 453.042 426.926 453.341 426.778 453.659L425.506 453.205C425.733 452.674 426.036 452.261 426.415 451.966C426.797 451.667 427.214 451.458 427.665 451.341C428.119 451.22 428.566 451.159 429.006 451.159C429.286 451.159 429.608 451.193 429.972 451.261C430.339 451.326 430.693 451.46 431.034 451.665C431.379 451.869 431.665 452.178 431.892 452.591C432.119 453.004 432.233 453.557 432.233 454.25V460H430.892V458.818H430.824C430.733 459.008 430.581 459.21 430.369 459.426C430.157 459.642 429.875 459.826 429.523 459.977C429.17 460.129 428.741 460.205 428.233 460.205ZM428.438 459C428.968 459 429.415 458.896 429.778 458.688C430.146 458.479 430.422 458.21 430.608 457.881C430.797 457.551 430.892 457.205 430.892 456.841V455.614C430.835 455.682 430.71 455.744 430.517 455.801C430.328 455.854 430.108 455.902 429.858 455.943C429.612 455.981 429.371 456.015 429.136 456.045C428.905 456.072 428.718 456.095 428.574 456.114C428.225 456.159 427.9 456.233 427.597 456.335C427.297 456.434 427.055 456.583 426.869 456.784C426.688 456.981 426.597 457.25 426.597 457.591C426.597 458.057 426.769 458.409 427.114 458.648C427.462 458.883 427.903 459 428.438 459ZM436.021 448.364V460H434.68V448.364H436.021ZM457.75 453.557V454.807H441.75V453.557H457.75ZM463.659 460V448.364H467.727C468.538 448.364 469.206 448.504 469.733 448.784C470.259 449.061 470.652 449.434 470.909 449.903C471.167 450.369 471.295 450.886 471.295 451.455C471.295 451.955 471.206 452.367 471.028 452.693C470.854 453.019 470.623 453.277 470.335 453.466C470.051 453.655 469.742 453.795 469.409 453.886V454C469.765 454.023 470.123 454.148 470.483 454.375C470.843 454.602 471.144 454.928 471.386 455.352C471.629 455.777 471.75 456.295 471.75 456.909C471.75 457.492 471.617 458.017 471.352 458.483C471.087 458.949 470.669 459.318 470.097 459.591C469.525 459.864 468.78 460 467.864 460H463.659ZM465.068 458.75H467.864C468.784 458.75 469.438 458.572 469.824 458.216C470.214 457.856 470.409 457.42 470.409 456.909C470.409 456.515 470.309 456.152 470.108 455.818C469.907 455.481 469.621 455.212 469.25 455.011C468.879 454.807 468.439 454.705 467.932 454.705H465.068V458.75ZM465.068 453.477H467.682C468.106 453.477 468.489 453.394 468.83 453.227C469.174 453.061 469.447 452.826 469.648 452.523C469.852 452.22 469.955 451.864 469.955 451.455C469.955 450.943 469.777 450.509 469.42 450.153C469.064 449.794 468.5 449.614 467.727 449.614H465.068V453.477ZM473.884 460V451.273H475.224V460H473.884ZM474.565 449.818C474.304 449.818 474.079 449.729 473.889 449.551C473.704 449.373 473.611 449.159 473.611 448.909C473.611 448.659 473.704 448.445 473.889 448.267C474.079 448.089 474.304 448 474.565 448C474.827 448 475.05 448.089 475.236 448.267C475.425 448.445 475.52 448.659 475.52 448.909C475.52 449.159 475.425 449.373 475.236 449.551C475.05 449.729 474.827 449.818 474.565 449.818ZM480.976 460.182C480.249 460.182 479.607 459.998 479.05 459.631C478.493 459.259 478.057 458.737 477.743 458.062C477.429 457.384 477.271 456.583 477.271 455.659C477.271 454.742 477.429 453.947 477.743 453.273C478.057 452.598 478.495 452.078 479.055 451.71C479.616 451.343 480.264 451.159 480.999 451.159C481.567 451.159 482.016 451.254 482.345 451.443C482.679 451.629 482.932 451.841 483.107 452.08C483.285 452.314 483.423 452.508 483.521 452.659H483.635V448.364H484.976V460H483.68V458.659H483.521C483.423 458.818 483.283 459.019 483.101 459.261C482.919 459.5 482.66 459.714 482.322 459.903C481.985 460.089 481.536 460.182 480.976 460.182ZM481.158 458.977C481.696 458.977 482.15 458.837 482.521 458.557C482.893 458.273 483.175 457.881 483.368 457.381C483.561 456.877 483.658 456.295 483.658 455.636C483.658 454.985 483.563 454.415 483.374 453.926C483.184 453.434 482.904 453.051 482.533 452.778C482.161 452.502 481.703 452.364 481.158 452.364C480.589 452.364 480.116 452.509 479.737 452.801C479.362 453.089 479.08 453.481 478.891 453.977C478.705 454.47 478.612 455.023 478.612 455.636C478.612 456.258 478.707 456.822 478.896 457.33C479.089 457.833 479.374 458.235 479.749 458.534C480.127 458.83 480.597 458.977 481.158 458.977ZM490.186 460.205C489.633 460.205 489.131 460.1 488.68 459.892C488.23 459.68 487.872 459.375 487.607 458.977C487.341 458.576 487.209 458.091 487.209 457.523C487.209 457.023 487.307 456.617 487.504 456.307C487.701 455.992 487.964 455.746 488.294 455.568C488.624 455.39 488.987 455.258 489.385 455.17C489.786 455.08 490.19 455.008 490.595 454.955C491.125 454.886 491.555 454.835 491.885 454.801C492.218 454.763 492.461 454.701 492.612 454.614C492.768 454.527 492.845 454.375 492.845 454.159V454.114C492.845 453.553 492.692 453.117 492.385 452.807C492.082 452.496 491.622 452.341 491.004 452.341C490.364 452.341 489.862 452.481 489.499 452.761C489.135 453.042 488.879 453.341 488.732 453.659L487.459 453.205C487.686 452.674 487.989 452.261 488.368 451.966C488.75 451.667 489.167 451.458 489.618 451.341C490.072 451.22 490.519 451.159 490.959 451.159C491.239 451.159 491.561 451.193 491.925 451.261C492.292 451.326 492.646 451.46 492.987 451.665C493.332 451.869 493.618 452.178 493.845 452.591C494.072 453.004 494.186 453.557 494.186 454.25V460H492.845V458.818H492.777C492.686 459.008 492.535 459.21 492.322 459.426C492.11 459.642 491.828 459.826 491.476 459.977C491.124 460.129 490.694 460.205 490.186 460.205ZM490.391 459C490.921 459 491.368 458.896 491.732 458.688C492.099 458.479 492.375 458.21 492.561 457.881C492.75 457.551 492.845 457.205 492.845 456.841V455.614C492.788 455.682 492.663 455.744 492.47 455.801C492.281 455.854 492.061 455.902 491.811 455.943C491.565 455.981 491.324 456.015 491.089 456.045C490.858 456.072 490.671 456.095 490.527 456.114C490.179 456.159 489.853 456.233 489.55 456.335C489.25 456.434 489.008 456.583 488.822 456.784C488.641 456.981 488.55 457.25 488.55 457.591C488.55 458.057 488.722 458.409 489.067 458.648C489.415 458.883 489.857 459 490.391 459ZM497.974 454.75V460H496.634V451.273H497.929V452.636H498.043C498.247 452.193 498.558 451.837 498.974 451.568C499.391 451.295 499.929 451.159 500.588 451.159C501.179 451.159 501.696 451.28 502.139 451.523C502.582 451.761 502.927 452.125 503.173 452.614C503.42 453.098 503.543 453.712 503.543 454.455V460H502.202V454.545C502.202 453.86 502.024 453.326 501.668 452.943C501.312 452.557 500.823 452.364 500.202 452.364C499.774 452.364 499.391 452.456 499.054 452.642C498.721 452.828 498.457 453.098 498.264 453.455C498.071 453.811 497.974 454.242 497.974 454.75ZM509.516 463.455C508.868 463.455 508.311 463.371 507.845 463.205C507.379 463.042 506.991 462.826 506.68 462.557C506.374 462.292 506.129 462.008 505.947 461.705L507.016 460.955C507.137 461.114 507.29 461.295 507.476 461.5C507.661 461.708 507.915 461.888 508.237 462.04C508.563 462.195 508.989 462.273 509.516 462.273C510.22 462.273 510.802 462.102 511.26 461.761C511.718 461.42 511.947 460.886 511.947 460.159V458.386H511.834C511.735 458.545 511.595 458.742 511.413 458.977C511.235 459.208 510.978 459.415 510.641 459.597C510.307 459.775 509.857 459.864 509.288 459.864C508.584 459.864 507.951 459.697 507.391 459.364C506.834 459.03 506.393 458.545 506.067 457.909C505.745 457.273 505.584 456.5 505.584 455.591C505.584 454.697 505.741 453.919 506.055 453.256C506.37 452.589 506.807 452.074 507.368 451.71C507.929 451.343 508.576 451.159 509.311 451.159C509.879 451.159 510.33 451.254 510.663 451.443C511 451.629 511.258 451.841 511.436 452.08C511.618 452.314 511.758 452.508 511.857 452.659H511.993V451.273H513.288V460.25C513.288 461 513.118 461.61 512.777 462.08C512.44 462.553 511.985 462.9 511.413 463.119C510.845 463.343 510.213 463.455 509.516 463.455ZM509.47 458.659C510.008 458.659 510.463 458.536 510.834 458.29C511.205 458.044 511.487 457.689 511.68 457.227C511.874 456.765 511.97 456.212 511.97 455.568C511.97 454.939 511.875 454.384 511.686 453.903C511.497 453.422 511.216 453.045 510.845 452.773C510.474 452.5 510.016 452.364 509.47 452.364C508.902 452.364 508.429 452.508 508.05 452.795C507.675 453.083 507.393 453.47 507.203 453.955C507.018 454.439 506.925 454.977 506.925 455.568C506.925 456.174 507.019 456.71 507.209 457.176C507.402 457.638 507.686 458.002 508.061 458.267C508.44 458.528 508.91 458.659 509.47 458.659ZM524.016 460H520.425V448.364H524.175C525.304 448.364 526.269 448.597 527.072 449.062C527.875 449.525 528.491 450.189 528.919 451.057C529.347 451.92 529.561 452.955 529.561 454.159C529.561 455.371 529.345 456.415 528.913 457.29C528.482 458.161 527.853 458.831 527.027 459.301C526.201 459.767 525.197 460 524.016 460ZM521.834 458.75H523.925C524.887 458.75 525.684 458.564 526.317 458.193C526.949 457.822 527.421 457.294 527.732 456.608C528.042 455.922 528.197 455.106 528.197 454.159C528.197 453.22 528.044 452.411 527.737 451.733C527.43 451.051 526.972 450.528 526.362 450.165C525.752 449.797 524.993 449.614 524.084 449.614H521.834V458.75ZM534.311 460.205C533.758 460.205 533.256 460.1 532.805 459.892C532.355 459.68 531.997 459.375 531.732 458.977C531.466 458.576 531.334 458.091 531.334 457.523C531.334 457.023 531.432 456.617 531.629 456.307C531.826 455.992 532.089 455.746 532.419 455.568C532.749 455.39 533.112 455.258 533.51 455.17C533.911 455.08 534.315 455.008 534.72 454.955C535.25 454.886 535.68 454.835 536.01 454.801C536.343 454.763 536.586 454.701 536.737 454.614C536.893 454.527 536.97 454.375 536.97 454.159V454.114C536.97 453.553 536.817 453.117 536.51 452.807C536.207 452.496 535.747 452.341 535.129 452.341C534.489 452.341 533.987 452.481 533.624 452.761C533.26 453.042 533.004 453.341 532.857 453.659L531.584 453.205C531.811 452.674 532.114 452.261 532.493 451.966C532.875 451.667 533.292 451.458 533.743 451.341C534.197 451.22 534.644 451.159 535.084 451.159C535.364 451.159 535.686 451.193 536.05 451.261C536.417 451.326 536.771 451.46 537.112 451.665C537.457 451.869 537.743 452.178 537.97 452.591C538.197 453.004 538.311 453.557 538.311 454.25V460H536.97V458.818H536.902C536.811 459.008 536.66 459.21 536.447 459.426C536.235 459.642 535.953 459.826 535.601 459.977C535.249 460.129 534.819 460.205 534.311 460.205ZM534.516 459C535.046 459 535.493 458.896 535.857 458.688C536.224 458.479 536.5 458.21 536.686 457.881C536.875 457.551 536.97 457.205 536.97 456.841V455.614C536.913 455.682 536.788 455.744 536.595 455.801C536.406 455.854 536.186 455.902 535.936 455.943C535.69 455.981 535.449 456.015 535.214 456.045C534.983 456.072 534.796 456.095 534.652 456.114C534.304 456.159 533.978 456.233 533.675 456.335C533.375 456.434 533.133 456.583 532.947 456.784C532.766 456.981 532.675 457.25 532.675 457.591C532.675 458.057 532.847 458.409 533.192 458.648C533.54 458.883 533.982 459 534.516 459ZM541.31 463.273C541.082 463.273 540.88 463.254 540.702 463.216C540.524 463.182 540.401 463.148 540.332 463.114L540.673 461.932C540.999 462.015 541.287 462.045 541.537 462.023C541.787 462 542.009 461.888 542.202 461.688C542.399 461.491 542.579 461.17 542.741 460.727L542.991 460.045L539.764 451.273H541.219L543.628 458.227H543.719L546.128 451.273H547.582L543.878 461.273C543.711 461.723 543.505 462.097 543.259 462.392C543.012 462.691 542.726 462.913 542.401 463.057C542.079 463.201 541.715 463.273 541.31 463.273ZM551.655 460.205C551.102 460.205 550.6 460.1 550.149 459.892C549.698 459.68 549.34 459.375 549.075 458.977C548.81 458.576 548.678 458.091 548.678 457.523C548.678 457.023 548.776 456.617 548.973 456.307C549.17 455.992 549.433 455.746 549.763 455.568C550.092 455.39 550.456 455.258 550.854 455.17C551.255 455.08 551.659 455.008 552.064 454.955C552.594 454.886 553.024 454.835 553.354 454.801C553.687 454.763 553.929 454.701 554.081 454.614C554.236 454.527 554.314 454.375 554.314 454.159V454.114C554.314 453.553 554.161 453.117 553.854 452.807C553.551 452.496 553.09 452.341 552.473 452.341C551.833 452.341 551.331 452.481 550.967 452.761C550.604 453.042 550.348 453.341 550.2 453.659L548.928 453.205C549.155 452.674 549.458 452.261 549.837 451.966C550.219 451.667 550.636 451.458 551.087 451.341C551.541 451.22 551.988 451.159 552.428 451.159C552.708 451.159 553.03 451.193 553.393 451.261C553.761 451.326 554.115 451.46 554.456 451.665C554.801 451.869 555.087 452.178 555.314 452.591C555.541 453.004 555.655 453.557 555.655 454.25V460H554.314V458.818H554.246C554.155 459.008 554.003 459.21 553.791 459.426C553.579 459.642 553.297 459.826 552.945 459.977C552.592 460.129 552.162 460.205 551.655 460.205ZM551.859 459C552.39 459 552.837 458.896 553.2 458.688C553.568 458.479 553.844 458.21 554.03 457.881C554.219 457.551 554.314 457.205 554.314 456.841V455.614C554.257 455.682 554.132 455.744 553.939 455.801C553.75 455.854 553.53 455.902 553.28 455.943C553.034 455.981 552.793 456.015 552.558 456.045C552.327 456.072 552.14 456.095 551.996 456.114C551.647 456.159 551.321 456.233 551.018 456.335C550.719 456.434 550.477 456.583 550.291 456.784C550.109 456.981 550.018 457.25 550.018 457.591C550.018 458.057 550.191 458.409 550.536 458.648C550.884 458.883 551.325 459 551.859 459ZM564.284 453.227L563.08 453.568C563.004 453.367 562.892 453.172 562.744 452.983C562.6 452.79 562.403 452.631 562.153 452.506C561.903 452.381 561.583 452.318 561.193 452.318C560.659 452.318 560.214 452.441 559.858 452.688C559.506 452.93 559.33 453.239 559.33 453.614C559.33 453.947 559.451 454.21 559.693 454.403C559.936 454.597 560.314 454.758 560.83 454.886L562.125 455.205C562.905 455.394 563.487 455.684 563.869 456.074C564.252 456.46 564.443 456.958 564.443 457.568C564.443 458.068 564.299 458.515 564.011 458.909C563.727 459.303 563.33 459.614 562.818 459.841C562.307 460.068 561.712 460.182 561.034 460.182C560.144 460.182 559.407 459.989 558.824 459.602C558.241 459.216 557.871 458.652 557.716 457.909L558.989 457.591C559.11 458.061 559.339 458.413 559.676 458.648C560.017 458.883 560.462 459 561.011 459C561.636 459 562.133 458.867 562.5 458.602C562.871 458.333 563.057 458.011 563.057 457.636C563.057 457.333 562.951 457.08 562.739 456.875C562.527 456.667 562.201 456.511 561.761 456.409L560.307 456.068C559.508 455.879 558.92 455.585 558.545 455.188C558.174 454.786 557.989 454.284 557.989 453.682C557.989 453.189 558.127 452.754 558.403 452.375C558.684 451.996 559.064 451.699 559.545 451.483C560.03 451.267 560.58 451.159 561.193 451.159C562.057 451.159 562.735 451.348 563.227 451.727C563.723 452.106 564.076 452.606 564.284 453.227ZM570.007 460.182C569.219 460.182 568.528 459.994 567.933 459.619C567.342 459.244 566.88 458.72 566.547 458.045C566.217 457.371 566.053 456.583 566.053 455.682C566.053 454.773 566.217 453.979 566.547 453.301C566.88 452.623 567.342 452.097 567.933 451.722C568.528 451.347 569.219 451.159 570.007 451.159C570.795 451.159 571.484 451.347 572.075 451.722C572.67 452.097 573.132 452.623 573.462 453.301C573.795 453.979 573.962 454.773 573.962 455.682C573.962 456.583 573.795 457.371 573.462 458.045C573.132 458.72 572.67 459.244 572.075 459.619C571.484 459.994 570.795 460.182 570.007 460.182ZM570.007 458.977C570.606 458.977 571.098 458.824 571.484 458.517C571.871 458.21 572.157 457.807 572.342 457.307C572.528 456.807 572.621 456.265 572.621 455.682C572.621 455.098 572.528 454.555 572.342 454.051C572.157 453.547 571.871 453.14 571.484 452.83C571.098 452.519 570.606 452.364 570.007 452.364C569.409 452.364 568.916 452.519 568.53 452.83C568.143 453.14 567.857 453.547 567.672 454.051C567.486 454.555 567.393 455.098 567.393 455.682C567.393 456.265 567.486 456.807 567.672 457.307C567.857 457.807 568.143 458.21 568.53 458.517C568.916 458.824 569.409 458.977 570.007 458.977ZM582.19 453.227L580.986 453.568C580.91 453.367 580.798 453.172 580.651 452.983C580.507 452.79 580.31 452.631 580.06 452.506C579.81 452.381 579.49 452.318 579.099 452.318C578.565 452.318 578.12 452.441 577.764 452.688C577.412 452.93 577.236 453.239 577.236 453.614C577.236 453.947 577.357 454.21 577.599 454.403C577.842 454.597 578.221 454.758 578.736 454.886L580.031 455.205C580.812 455.394 581.393 455.684 581.776 456.074C582.158 456.46 582.349 456.958 582.349 457.568C582.349 458.068 582.205 458.515 581.918 458.909C581.634 459.303 581.236 459.614 580.724 459.841C580.213 460.068 579.618 460.182 578.94 460.182C578.05 460.182 577.313 459.989 576.73 459.602C576.147 459.216 575.777 458.652 575.622 457.909L576.895 457.591C577.016 458.061 577.245 458.413 577.582 458.648C577.923 458.883 578.368 459 578.918 459C579.543 459 580.039 458.867 580.406 458.602C580.777 458.333 580.963 458.011 580.963 457.636C580.963 457.333 580.857 457.08 580.645 456.875C580.433 456.667 580.107 456.511 579.668 456.409L578.213 456.068C577.414 455.879 576.827 455.585 576.452 455.188C576.08 454.786 575.895 454.284 575.895 453.682C575.895 453.189 576.033 452.754 576.31 452.375C576.59 451.996 576.971 451.699 577.452 451.483C577.937 451.267 578.486 451.159 579.099 451.159C579.963 451.159 580.641 451.348 581.134 451.727C581.63 452.106 581.982 452.606 582.19 453.227Z" fill="#171717"/>
<path d="M330.233 504V493.818H333.673C334.472 493.818 335.125 493.962 335.632 494.251C336.143 494.536 336.52 494.922 336.766 495.409C337.011 495.896 337.134 496.44 337.134 497.04C337.134 497.64 337.011 498.185 336.766 498.675C336.524 499.166 336.149 499.557 335.642 499.849C335.135 500.137 334.485 500.281 333.693 500.281H331.227V499.188H333.653C334.2 499.188 334.639 499.093 334.971 498.904C335.302 498.715 335.543 498.46 335.692 498.138C335.844 497.814 335.92 497.447 335.92 497.04C335.92 496.632 335.844 496.268 335.692 495.946C335.543 495.625 335.301 495.373 334.966 495.19C334.631 495.005 334.187 494.912 333.634 494.912H331.466V504H330.233ZM338.961 504V496.364H340.094V497.517H340.174C340.313 497.139 340.565 496.833 340.929 496.597C341.294 496.362 341.705 496.244 342.162 496.244C342.248 496.244 342.356 496.246 342.485 496.249C342.615 496.253 342.712 496.258 342.779 496.264V497.457C342.739 497.447 342.648 497.433 342.505 497.413C342.366 497.389 342.219 497.378 342.063 497.378C341.692 497.378 341.36 497.456 341.069 497.612C340.78 497.764 340.551 497.976 340.382 498.248C340.217 498.516 340.134 498.823 340.134 499.168V504H338.961ZM347.039 504.159C346.35 504.159 345.745 503.995 345.225 503.667C344.708 503.339 344.303 502.88 344.012 502.29C343.723 501.7 343.579 501.01 343.579 500.222C343.579 499.426 343.723 498.732 344.012 498.138C344.303 497.545 344.708 497.085 345.225 496.756C345.745 496.428 346.35 496.264 347.039 496.264C347.729 496.264 348.332 496.428 348.849 496.756C349.369 497.085 349.774 497.545 350.062 498.138C350.354 498.732 350.5 499.426 350.5 500.222C350.5 501.01 350.354 501.7 350.062 502.29C349.774 502.88 349.369 503.339 348.849 503.667C348.332 503.995 347.729 504.159 347.039 504.159ZM347.039 503.105C347.563 503.105 347.994 502.971 348.332 502.702C348.67 502.434 348.92 502.081 349.083 501.643C349.245 501.206 349.326 500.732 349.326 500.222C349.326 499.711 349.245 499.236 349.083 498.795C348.92 498.354 348.67 497.998 348.332 497.726C347.994 497.454 347.563 497.318 347.039 497.318C346.516 497.318 346.085 497.454 345.747 497.726C345.409 497.998 345.158 498.354 344.996 498.795C344.834 499.236 344.752 499.711 344.752 500.222C344.752 500.732 344.834 501.206 344.996 501.643C345.158 502.081 345.409 502.434 345.747 502.702C346.085 502.971 346.516 503.105 347.039 503.105ZM355.373 507.023C354.806 507.023 354.319 506.95 353.911 506.804C353.504 506.661 353.164 506.473 352.892 506.237C352.624 506.005 352.41 505.757 352.251 505.491L353.186 504.835C353.292 504.974 353.426 505.134 353.588 505.312C353.751 505.495 353.973 505.652 354.254 505.785C354.539 505.921 354.912 505.989 355.373 505.989C355.99 505.989 356.498 505.839 356.899 505.541C357.3 505.243 357.501 504.776 357.501 504.139V502.588H357.401C357.315 502.727 357.193 502.9 357.034 503.105C356.878 503.307 356.652 503.488 356.357 503.647C356.066 503.803 355.671 503.881 355.174 503.881C354.558 503.881 354.004 503.735 353.514 503.443C353.026 503.152 352.64 502.727 352.355 502.17C352.074 501.614 351.933 500.937 351.933 500.142C351.933 499.36 352.07 498.679 352.345 498.099C352.62 497.515 353.003 497.065 353.494 496.746C353.984 496.425 354.551 496.264 355.194 496.264C355.691 496.264 356.086 496.347 356.377 496.513C356.672 496.675 356.898 496.861 357.053 497.07C357.213 497.275 357.335 497.444 357.421 497.577H357.541V496.364H358.674V504.219C358.674 504.875 358.525 505.409 358.227 505.82C357.932 506.234 357.534 506.537 357.034 506.729C356.536 506.925 355.983 507.023 355.373 507.023ZM355.333 502.827C355.804 502.827 356.202 502.719 356.526 502.504C356.851 502.288 357.098 501.978 357.267 501.574C357.436 501.17 357.521 500.686 357.521 500.122C357.521 499.572 357.438 499.086 357.272 498.665C357.106 498.245 356.861 497.915 356.536 497.676C356.212 497.437 355.811 497.318 355.333 497.318C354.836 497.318 354.422 497.444 354.09 497.696C353.762 497.948 353.515 498.286 353.35 498.71C353.187 499.134 353.106 499.605 353.106 500.122C353.106 500.652 353.189 501.121 353.355 501.529C353.524 501.933 353.772 502.252 354.1 502.484C354.432 502.712 354.843 502.827 355.333 502.827ZM360.822 504V496.364H361.955V497.517H362.035C362.174 497.139 362.426 496.833 362.791 496.597C363.155 496.362 363.566 496.244 364.024 496.244C364.11 496.244 364.218 496.246 364.347 496.249C364.476 496.253 364.574 496.258 364.64 496.264V497.457C364.6 497.447 364.509 497.433 364.367 497.413C364.227 497.389 364.08 497.378 363.924 497.378C363.553 497.378 363.222 497.456 362.93 497.612C362.642 497.764 362.413 497.976 362.244 498.248C362.078 498.516 361.995 498.823 361.995 499.168V504H360.822ZM368.278 504.179C367.794 504.179 367.355 504.088 366.961 503.906C366.566 503.72 366.253 503.453 366.021 503.105C365.789 502.754 365.673 502.33 365.673 501.832C365.673 501.395 365.759 501.04 365.931 500.768C366.104 500.493 366.334 500.278 366.623 500.122C366.911 499.966 367.229 499.85 367.577 499.774C367.928 499.695 368.281 499.632 368.636 499.585C369.1 499.526 369.476 499.481 369.765 499.451C370.056 499.418 370.268 499.363 370.401 499.287C370.537 499.211 370.605 499.078 370.605 498.889V498.849C370.605 498.359 370.471 497.978 370.202 497.706C369.937 497.434 369.534 497.298 368.994 497.298C368.434 497.298 367.995 497.421 367.676 497.666C367.358 497.911 367.135 498.173 367.005 498.452L365.892 498.054C366.091 497.59 366.356 497.229 366.687 496.97C367.022 496.708 367.386 496.526 367.781 496.423C368.179 496.317 368.57 496.264 368.954 496.264C369.199 496.264 369.481 496.294 369.799 496.354C370.121 496.41 370.431 496.528 370.729 496.707C371.031 496.886 371.281 497.156 371.48 497.517C371.679 497.878 371.778 498.362 371.778 498.969V504H370.605V502.966H370.545C370.466 503.132 370.333 503.309 370.147 503.498C369.962 503.687 369.715 503.848 369.407 503.98C369.098 504.113 368.722 504.179 368.278 504.179ZM368.457 503.125C368.921 503.125 369.312 503.034 369.63 502.852C369.952 502.669 370.194 502.434 370.356 502.146C370.522 501.857 370.605 501.554 370.605 501.236V500.162C370.555 500.222 370.446 500.276 370.277 500.326C370.111 500.372 369.919 500.414 369.7 500.45C369.484 500.483 369.274 500.513 369.069 500.54C368.866 500.563 368.702 500.583 368.576 500.599C368.271 500.639 367.986 500.704 367.721 500.793C367.459 500.879 367.247 501.01 367.085 501.186C366.926 501.358 366.846 501.594 366.846 501.892C366.846 502.3 366.997 502.608 367.299 502.817C367.604 503.022 367.99 503.125 368.457 503.125ZM373.92 504V496.364H375.053V497.557H375.153C375.312 497.149 375.568 496.833 375.923 496.607C376.278 496.379 376.704 496.264 377.201 496.264C377.705 496.264 378.124 496.379 378.459 496.607C378.797 496.833 379.06 497.149 379.249 497.557H379.329C379.524 497.162 379.818 496.849 380.209 496.617C380.6 496.382 381.069 496.264 381.616 496.264C382.298 496.264 382.857 496.478 383.291 496.906C383.725 497.33 383.942 497.991 383.942 498.889V504H382.769V498.889C382.769 498.326 382.615 497.923 382.307 497.681C381.998 497.439 381.635 497.318 381.218 497.318C380.681 497.318 380.265 497.481 379.97 497.805C379.675 498.127 379.528 498.535 379.528 499.028V504H378.334V498.77C378.334 498.336 378.193 497.986 377.912 497.721C377.63 497.452 377.267 497.318 376.823 497.318C376.518 497.318 376.233 497.399 375.968 497.562C375.706 497.724 375.494 497.95 375.331 498.238C375.172 498.523 375.093 498.853 375.093 499.227V504H373.92ZM391.417 493.818V504H390.184V493.818H391.417ZM394.903 499.406V504H393.73V496.364H394.864V497.557H394.963C395.142 497.169 395.414 496.857 395.778 496.622C396.143 496.384 396.614 496.264 397.19 496.264C397.707 496.264 398.16 496.37 398.548 496.582C398.935 496.791 399.237 497.109 399.452 497.537C399.668 497.961 399.776 498.498 399.776 499.148V504H398.602V499.227C398.602 498.627 398.446 498.16 398.135 497.825C397.823 497.487 397.396 497.318 396.852 497.318C396.478 497.318 396.143 497.399 395.848 497.562C395.556 497.724 395.326 497.961 395.157 498.273C394.988 498.584 394.903 498.962 394.903 499.406ZM405.241 496.364V497.358H401.283V496.364H405.241ZM402.437 494.534H403.61V501.812C403.61 502.144 403.658 502.393 403.754 502.558C403.854 502.721 403.979 502.83 404.132 502.886C404.288 502.939 404.452 502.966 404.624 502.966C404.753 502.966 404.859 502.959 404.942 502.946C405.025 502.929 405.091 502.916 405.141 502.906L405.38 503.96C405.3 503.99 405.189 504.02 405.047 504.05C404.904 504.083 404.724 504.099 404.505 504.099C404.173 504.099 403.849 504.028 403.53 503.886C403.215 503.743 402.954 503.526 402.745 503.234C402.539 502.943 402.437 502.575 402.437 502.131V494.534ZM410.125 504.159C409.389 504.159 408.755 503.997 408.221 503.672C407.691 503.344 407.281 502.886 406.993 502.3C406.708 501.71 406.566 501.024 406.566 500.241C406.566 499.459 406.708 498.77 406.993 498.173C407.281 497.573 407.682 497.106 408.196 496.771C408.713 496.433 409.316 496.264 410.006 496.264C410.404 496.264 410.796 496.33 411.184 496.463C411.572 496.596 411.925 496.811 412.243 497.109C412.561 497.404 412.815 497.795 413.004 498.283C413.193 498.77 413.287 499.37 413.287 500.082V500.58H407.401V499.565H412.094C412.094 499.134 412.008 498.75 411.835 498.412C411.666 498.074 411.424 497.807 411.11 497.612C410.798 497.416 410.43 497.318 410.006 497.318C409.539 497.318 409.134 497.434 408.793 497.666C408.455 497.895 408.195 498.193 408.012 498.561C407.83 498.929 407.739 499.323 407.739 499.744V500.42C407.739 500.997 407.838 501.486 408.037 501.887C408.239 502.285 408.519 502.588 408.877 502.797C409.235 503.002 409.651 503.105 410.125 503.105C410.433 503.105 410.712 503.062 410.96 502.976C411.212 502.886 411.429 502.754 411.612 502.578C411.794 502.399 411.935 502.177 412.034 501.912L413.168 502.23C413.048 502.615 412.848 502.953 412.566 503.244C412.285 503.533 411.936 503.758 411.522 503.92C411.108 504.08 410.642 504.159 410.125 504.159ZM415.072 504V496.364H416.205V497.517H416.285C416.424 497.139 416.676 496.833 417.041 496.597C417.405 496.362 417.816 496.244 418.274 496.244C418.36 496.244 418.468 496.246 418.597 496.249C418.726 496.253 418.824 496.258 418.89 496.264V497.457C418.85 497.447 418.759 497.433 418.617 497.413C418.477 497.389 418.33 497.378 418.174 497.378C417.803 497.378 417.472 497.456 417.18 497.612C416.892 497.764 416.663 497.976 416.494 498.248C416.328 498.516 416.245 498.823 416.245 499.168V504H415.072ZM426.758 496.364L423.934 504H422.741L419.917 496.364H421.189L423.297 502.449H423.377L425.485 496.364H426.758ZM431.235 504.159C430.499 504.159 429.864 503.997 429.33 503.672C428.8 503.344 428.391 502.886 428.102 502.3C427.817 501.71 427.675 501.024 427.675 500.241C427.675 499.459 427.817 498.77 428.102 498.173C428.391 497.573 428.792 497.106 429.306 496.771C429.823 496.433 430.426 496.264 431.115 496.264C431.513 496.264 431.906 496.33 432.294 496.463C432.681 496.596 433.034 496.811 433.352 497.109C433.671 497.404 433.924 497.795 434.113 498.283C434.302 498.77 434.396 499.37 434.396 500.082V500.58H428.51V499.565H433.203C433.203 499.134 433.117 498.75 432.945 498.412C432.776 498.074 432.534 497.807 432.219 497.612C431.907 497.416 431.539 497.318 431.115 497.318C430.648 497.318 430.244 497.434 429.902 497.666C429.564 497.895 429.304 498.193 429.122 498.561C428.939 498.929 428.848 499.323 428.848 499.744V500.42C428.848 500.997 428.948 501.486 429.146 501.887C429.349 502.285 429.629 502.588 429.987 502.797C430.345 503.002 430.761 503.105 431.235 503.105C431.543 503.105 431.821 503.062 432.07 502.976C432.322 502.886 432.539 502.754 432.721 502.578C432.903 502.399 433.044 502.177 433.144 501.912L434.277 502.23C434.158 502.615 433.957 502.953 433.676 503.244C433.394 503.533 433.046 503.758 432.632 503.92C432.217 504.08 431.752 504.159 431.235 504.159ZM437.355 499.406V504H436.181V496.364H437.315V497.557H437.414C437.593 497.169 437.865 496.857 438.23 496.622C438.594 496.384 439.065 496.264 439.642 496.264C440.159 496.264 440.611 496.37 440.999 496.582C441.387 496.791 441.688 497.109 441.904 497.537C442.119 497.961 442.227 498.498 442.227 499.148V504H441.053V499.227C441.053 498.627 440.898 498.16 440.586 497.825C440.275 497.487 439.847 497.318 439.303 497.318C438.929 497.318 438.594 497.399 438.299 497.562C438.008 497.724 437.777 497.961 437.608 498.273C437.439 498.584 437.355 498.962 437.355 499.406ZM449.78 498.074L448.726 498.372C448.66 498.196 448.562 498.026 448.433 497.86C448.307 497.691 448.134 497.552 447.915 497.442C447.697 497.333 447.417 497.278 447.075 497.278C446.608 497.278 446.219 497.386 445.907 497.602C445.599 497.814 445.445 498.084 445.445 498.412C445.445 498.704 445.551 498.934 445.763 499.103C445.975 499.272 446.306 499.413 446.757 499.526L447.891 499.804C448.573 499.97 449.082 500.223 449.417 500.565C449.752 500.903 449.919 501.339 449.919 501.872C449.919 502.31 449.793 502.701 449.541 503.045C449.293 503.39 448.945 503.662 448.497 503.861C448.05 504.06 447.529 504.159 446.936 504.159C446.157 504.159 445.513 503.99 445.002 503.652C444.492 503.314 444.169 502.82 444.033 502.17L445.146 501.892C445.252 502.303 445.453 502.611 445.748 502.817C446.046 503.022 446.436 503.125 446.916 503.125C447.463 503.125 447.897 503.009 448.219 502.777C448.544 502.542 448.706 502.26 448.706 501.932C448.706 501.667 448.613 501.445 448.428 501.266C448.242 501.083 447.957 500.947 447.572 500.858L446.3 500.56C445.6 500.394 445.087 500.137 444.759 499.789C444.434 499.438 444.271 498.999 444.271 498.472C444.271 498.041 444.392 497.66 444.634 497.328C444.879 496.997 445.213 496.737 445.634 496.548C446.058 496.359 446.538 496.264 447.075 496.264C447.831 496.264 448.424 496.43 448.855 496.761C449.289 497.093 449.598 497.53 449.78 498.074ZM451.685 504V496.364H452.858V504H451.685ZM452.282 495.091C452.053 495.091 451.856 495.013 451.69 494.857C451.528 494.701 451.447 494.514 451.447 494.295C451.447 494.077 451.528 493.889 451.69 493.734C451.856 493.578 452.053 493.5 452.282 493.5C452.51 493.5 452.706 493.578 452.868 493.734C453.034 493.889 453.117 494.077 453.117 494.295C453.117 494.514 453.034 494.701 452.868 494.857C452.706 495.013 452.51 495.091 452.282 495.091ZM464.672 496.364C464.613 495.86 464.371 495.469 463.946 495.19C463.522 494.912 463.002 494.773 462.385 494.773C461.935 494.773 461.54 494.846 461.202 494.991C460.867 495.137 460.605 495.338 460.417 495.593C460.231 495.848 460.138 496.138 460.138 496.463C460.138 496.735 460.203 496.969 460.332 497.164C460.465 497.356 460.634 497.517 460.839 497.646C461.045 497.772 461.26 497.877 461.485 497.96C461.711 498.039 461.918 498.104 462.107 498.153L463.141 498.432C463.406 498.501 463.701 498.598 464.026 498.72C464.354 498.843 464.667 499.01 464.966 499.222C465.267 499.431 465.516 499.7 465.711 500.028C465.907 500.356 466.005 500.759 466.005 501.236C466.005 501.786 465.86 502.283 465.572 502.727C465.287 503.171 464.869 503.524 464.319 503.786C463.772 504.048 463.108 504.179 462.326 504.179C461.596 504.179 460.965 504.061 460.431 503.826C459.901 503.591 459.484 503.263 459.179 502.842C458.877 502.421 458.706 501.932 458.667 501.375H459.939C459.972 501.759 460.102 502.078 460.327 502.33C460.556 502.578 460.844 502.764 461.192 502.886C461.543 503.006 461.921 503.065 462.326 503.065C462.796 503.065 463.219 502.989 463.593 502.837C463.968 502.681 464.265 502.465 464.483 502.19C464.702 501.912 464.811 501.587 464.811 501.216C464.811 500.878 464.717 500.603 464.528 500.391C464.339 500.179 464.091 500.006 463.782 499.874C463.474 499.741 463.141 499.625 462.783 499.526L461.53 499.168C460.735 498.939 460.105 498.612 459.641 498.188C459.177 497.764 458.945 497.209 458.945 496.523C458.945 495.953 459.099 495.455 459.407 495.031C459.719 494.604 460.136 494.272 460.66 494.037C461.187 493.798 461.775 493.679 462.425 493.679C463.081 493.679 463.665 493.797 464.175 494.032C464.685 494.264 465.09 494.582 465.388 494.987C465.69 495.391 465.849 495.85 465.865 496.364H464.672ZM467.873 506.864V496.364H469.006V497.577H469.145C469.232 497.444 469.351 497.275 469.503 497.07C469.659 496.861 469.881 496.675 470.17 496.513C470.461 496.347 470.856 496.264 471.353 496.264C471.996 496.264 472.563 496.425 473.053 496.746C473.544 497.068 473.926 497.524 474.202 498.114C474.477 498.704 474.614 499.4 474.614 500.202C474.614 501.01 474.477 501.711 474.202 502.305C473.926 502.895 473.545 503.352 473.058 503.677C472.571 503.998 472.009 504.159 471.373 504.159C470.882 504.159 470.489 504.078 470.194 503.915C469.899 503.75 469.672 503.562 469.513 503.354C469.354 503.142 469.232 502.966 469.145 502.827H469.046V506.864H467.873ZM469.026 500.182C469.026 500.759 469.111 501.267 469.28 501.708C469.449 502.146 469.696 502.489 470.02 502.737C470.345 502.982 470.743 503.105 471.214 503.105C471.704 503.105 472.113 502.976 472.442 502.717C472.773 502.455 473.022 502.104 473.187 501.663C473.356 501.219 473.441 500.725 473.441 500.182C473.441 499.645 473.358 499.161 473.192 498.73C473.03 498.296 472.783 497.953 472.452 497.701C472.123 497.446 471.711 497.318 471.214 497.318C470.736 497.318 470.335 497.439 470.01 497.681C469.686 497.92 469.44 498.254 469.275 498.685C469.109 499.113 469.026 499.612 469.026 500.182ZM479.606 504.159C478.87 504.159 478.235 503.997 477.702 503.672C477.171 503.344 476.762 502.886 476.474 502.3C476.189 501.71 476.046 501.024 476.046 500.241C476.046 499.459 476.189 498.77 476.474 498.173C476.762 497.573 477.163 497.106 477.677 496.771C478.194 496.433 478.797 496.264 479.486 496.264C479.884 496.264 480.277 496.33 480.665 496.463C481.052 496.596 481.405 496.811 481.724 497.109C482.042 497.404 482.295 497.795 482.484 498.283C482.673 498.77 482.768 499.37 482.768 500.082V500.58H476.881V499.565H481.574C481.574 499.134 481.488 498.75 481.316 498.412C481.147 498.074 480.905 497.807 480.59 497.612C480.278 497.416 479.911 497.318 479.486 497.318C479.019 497.318 478.615 497.434 478.273 497.666C477.935 497.895 477.675 498.193 477.493 498.561C477.31 498.929 477.219 499.323 477.219 499.744V500.42C477.219 500.997 477.319 501.486 477.518 501.887C477.72 502.285 478 502.588 478.358 502.797C478.716 503.002 479.132 503.105 479.606 503.105C479.914 503.105 480.192 503.062 480.441 502.976C480.693 502.886 480.91 502.754 481.092 502.578C481.274 502.399 481.415 502.177 481.515 501.912L482.648 502.23C482.529 502.615 482.328 502.953 482.047 503.244C481.765 503.533 481.417 503.758 481.003 503.92C480.588 504.08 480.123 504.159 479.606 504.159ZM489.961 498.074L488.907 498.372C488.841 498.196 488.743 498.026 488.614 497.86C488.488 497.691 488.316 497.552 488.097 497.442C487.878 497.333 487.598 497.278 487.257 497.278C486.79 497.278 486.4 497.386 486.089 497.602C485.78 497.814 485.626 498.084 485.626 498.412C485.626 498.704 485.732 498.934 485.944 499.103C486.157 499.272 486.488 499.413 486.939 499.526L488.072 499.804C488.755 499.97 489.264 500.223 489.599 500.565C489.933 500.903 490.101 501.339 490.101 501.872C490.101 502.31 489.975 502.701 489.723 503.045C489.474 503.39 489.126 503.662 488.679 503.861C488.231 504.06 487.711 504.159 487.118 504.159C486.339 504.159 485.694 503.99 485.184 503.652C484.673 503.314 484.35 502.82 484.214 502.17L485.328 501.892C485.434 502.303 485.635 502.611 485.93 502.817C486.228 503.022 486.617 503.125 487.098 503.125C487.645 503.125 488.079 503.009 488.4 502.777C488.725 502.542 488.888 502.26 488.888 501.932C488.888 501.667 488.795 501.445 488.609 501.266C488.424 501.083 488.139 500.947 487.754 500.858L486.481 500.56C485.782 500.394 485.268 500.137 484.94 499.789C484.615 499.438 484.453 498.999 484.453 498.472C484.453 498.041 484.574 497.66 484.816 497.328C485.061 496.997 485.394 496.737 485.815 496.548C486.239 496.359 486.72 496.264 487.257 496.264C488.013 496.264 488.606 496.43 489.037 496.761C489.471 497.093 489.779 497.53 489.961 498.074ZM491.867 504V496.364H493.04V504H491.867ZM492.463 495.091C492.235 495.091 492.038 495.013 491.872 494.857C491.709 494.701 491.628 494.514 491.628 494.295C491.628 494.077 491.709 493.889 491.872 493.734C492.038 493.578 492.235 493.5 492.463 493.5C492.692 493.5 492.888 493.578 493.05 493.734C493.216 493.889 493.299 494.077 493.299 494.295C493.299 494.514 493.216 494.701 493.05 494.857C492.888 495.013 492.692 495.091 492.463 495.091ZM498.59 496.364V497.358H494.473V496.364H498.59ZM495.706 504V495.31C495.706 494.872 495.809 494.508 496.014 494.216C496.22 493.924 496.487 493.705 496.815 493.56C497.143 493.414 497.489 493.341 497.854 493.341C498.142 493.341 498.378 493.364 498.56 493.411C498.742 493.457 498.878 493.5 498.968 493.54L498.629 494.554C498.57 494.534 498.487 494.509 498.381 494.479C498.278 494.45 498.142 494.435 497.973 494.435C497.585 494.435 497.305 494.532 497.133 494.728C496.964 494.924 496.879 495.21 496.879 495.588V504H495.706ZM500.234 504V496.364H501.407V504H500.234ZM500.831 495.091C500.602 495.091 500.405 495.013 500.239 494.857C500.077 494.701 499.995 494.514 499.995 494.295C499.995 494.077 500.077 493.889 500.239 493.734C500.405 493.578 500.602 493.5 500.831 493.5C501.059 493.5 501.255 493.578 501.417 493.734C501.583 493.889 501.666 494.077 501.666 494.295C501.666 494.514 501.583 494.701 501.417 494.857C501.255 495.013 501.059 495.091 500.831 495.091ZM504.65 501.216L504.63 499.764H504.869L508.21 496.364H509.661L506.102 499.963H506.002L504.65 501.216ZM503.556 504V493.818H504.73V504H503.556ZM508.409 504L505.426 500.222L506.261 499.406L509.9 504H508.409Z" fill="#454545"/>
<rect x="329.5" y="511.5" width="621" height="41" rx="3.5" fill="white"/>
<rect x="329.5" y="511.5" width="621" height="41" rx="3.5" stroke="#DFDFDF"/>
<path d="M925.2 529.6L930 534.4L934.8 529.6" stroke="#6B7280" stroke-width="1.8" stroke-linecap="round" stroke-linejoin="round"/>
<path d="M347.409 538V526.364H351.341C352.254 526.364 353 526.528 353.58 526.858C354.163 527.184 354.595 527.625 354.875 528.182C355.155 528.739 355.295 529.36 355.295 530.045C355.295 530.731 355.155 531.354 354.875 531.915C354.598 532.475 354.17 532.922 353.591 533.256C353.011 533.585 352.269 533.75 351.364 533.75H348.545V532.5H351.318C351.943 532.5 352.445 532.392 352.824 532.176C353.203 531.96 353.477 531.669 353.648 531.301C353.822 530.93 353.909 530.511 353.909 530.045C353.909 529.58 353.822 529.163 353.648 528.795C353.477 528.428 353.201 528.14 352.818 527.932C352.436 527.72 351.928 527.614 351.295 527.614H348.818V538H347.409ZM359.952 538.205C359.399 538.205 358.897 538.1 358.446 537.892C357.995 537.68 357.637 537.375 357.372 536.977C357.107 536.576 356.974 536.091 356.974 535.523C356.974 535.023 357.073 534.617 357.27 534.307C357.467 533.992 357.73 533.746 358.06 533.568C358.389 533.39 358.753 533.258 359.151 533.17C359.552 533.08 359.955 533.008 360.361 532.955C360.891 532.886 361.321 532.835 361.651 532.801C361.984 532.763 362.226 532.701 362.378 532.614C362.533 532.527 362.611 532.375 362.611 532.159V532.114C362.611 531.553 362.457 531.117 362.151 530.807C361.848 530.496 361.387 530.341 360.77 530.341C360.13 530.341 359.628 530.481 359.264 530.761C358.901 531.042 358.645 531.341 358.497 531.659L357.224 531.205C357.452 530.674 357.755 530.261 358.134 529.966C358.516 529.667 358.933 529.458 359.384 529.341C359.838 529.22 360.285 529.159 360.724 529.159C361.005 529.159 361.327 529.193 361.69 529.261C362.058 529.326 362.412 529.46 362.753 529.665C363.098 529.869 363.384 530.178 363.611 530.591C363.838 531.004 363.952 531.557 363.952 532.25V538H362.611V536.818H362.543C362.452 537.008 362.3 537.21 362.088 537.426C361.876 537.642 361.594 537.826 361.241 537.977C360.889 538.129 360.459 538.205 359.952 538.205ZM360.156 537C360.687 537 361.134 536.896 361.497 536.688C361.865 536.479 362.141 536.21 362.327 535.881C362.516 535.551 362.611 535.205 362.611 534.841V533.614C362.554 533.682 362.429 533.744 362.236 533.801C362.046 533.854 361.827 533.902 361.577 533.943C361.33 533.981 361.09 534.015 360.855 534.045C360.624 534.072 360.437 534.095 360.293 534.114C359.944 534.159 359.618 534.233 359.315 534.335C359.016 534.434 358.774 534.583 358.588 534.784C358.406 534.981 358.315 535.25 358.315 535.591C358.315 536.057 358.488 536.409 358.832 536.648C359.181 536.883 359.622 537 360.156 537ZM367.649 534.818L367.626 533.159H367.899L371.717 529.273H373.376L369.308 533.386H369.195L367.649 534.818ZM366.399 538V526.364H367.74V538H366.399ZM371.945 538L368.536 533.682L369.49 532.75L373.649 538H371.945ZM378.402 538.182C377.561 538.182 376.836 537.996 376.226 537.625C375.62 537.25 375.152 536.727 374.822 536.057C374.497 535.383 374.334 534.598 374.334 533.705C374.334 532.811 374.497 532.023 374.822 531.341C375.152 530.655 375.61 530.121 376.197 529.739C376.788 529.352 377.478 529.159 378.266 529.159C378.72 529.159 379.169 529.235 379.612 529.386C380.055 529.538 380.459 529.784 380.822 530.125C381.186 530.462 381.476 530.909 381.692 531.466C381.908 532.023 382.016 532.708 382.016 533.523V534.091H375.288V532.932H380.652C380.652 532.439 380.554 532 380.357 531.614C380.163 531.227 379.887 530.922 379.527 530.699C379.171 530.475 378.75 530.364 378.266 530.364C377.732 530.364 377.269 530.496 376.879 530.761C376.493 531.023 376.196 531.364 375.987 531.784C375.779 532.205 375.675 532.655 375.675 533.136V533.909C375.675 534.568 375.788 535.127 376.016 535.585C376.247 536.04 376.567 536.386 376.976 536.625C377.385 536.86 377.86 536.977 378.402 536.977C378.754 536.977 379.072 536.928 379.357 536.83C379.644 536.727 379.893 536.576 380.101 536.375C380.309 536.17 380.47 535.917 380.584 535.614L381.879 535.977C381.743 536.417 381.514 536.803 381.192 537.136C380.87 537.466 380.472 537.723 379.999 537.909C379.525 538.091 378.993 538.182 378.402 538.182ZM387.851 529.273V530.409H383.328V529.273H387.851ZM384.646 527.182H385.987V535.5C385.987 535.879 386.042 536.163 386.152 536.352C386.266 536.538 386.41 536.663 386.584 536.727C386.762 536.788 386.949 536.818 387.146 536.818C387.294 536.818 387.415 536.811 387.51 536.795C387.605 536.777 387.68 536.761 387.737 536.75L388.01 537.955C387.919 537.989 387.792 538.023 387.629 538.057C387.466 538.095 387.26 538.114 387.01 538.114C386.631 538.114 386.26 538.032 385.896 537.869C385.536 537.706 385.237 537.458 384.999 537.125C384.764 536.792 384.646 536.371 384.646 535.864V527.182ZM400.913 529.273C400.845 528.697 400.569 528.25 400.084 527.932C399.599 527.614 399.004 527.455 398.3 527.455C397.785 527.455 397.334 527.538 396.947 527.705C396.565 527.871 396.266 528.1 396.05 528.392C395.838 528.684 395.732 529.015 395.732 529.386C395.732 529.697 395.805 529.964 395.953 530.188C396.105 530.407 396.298 530.591 396.533 530.739C396.768 530.883 397.014 531.002 397.271 531.097C397.529 531.187 397.766 531.261 397.982 531.318L399.163 531.636C399.466 531.716 399.804 531.826 400.175 531.966C400.55 532.106 400.908 532.297 401.249 532.54C401.593 532.778 401.877 533.085 402.101 533.46C402.324 533.835 402.436 534.295 402.436 534.841C402.436 535.47 402.271 536.038 401.942 536.545C401.616 537.053 401.139 537.456 400.51 537.756C399.885 538.055 399.125 538.205 398.232 538.205C397.398 538.205 396.677 538.07 396.067 537.801C395.461 537.532 394.983 537.157 394.635 536.676C394.29 536.195 394.095 535.636 394.05 535H395.504C395.542 535.439 395.69 535.803 395.947 536.091C396.209 536.375 396.538 536.587 396.936 536.727C397.338 536.864 397.769 536.932 398.232 536.932C398.769 536.932 399.252 536.845 399.68 536.67C400.108 536.492 400.447 536.246 400.697 535.932C400.947 535.614 401.072 535.242 401.072 534.818C401.072 534.432 400.964 534.117 400.749 533.875C400.533 533.633 400.249 533.436 399.896 533.284C399.544 533.133 399.163 533 398.754 532.886L397.322 532.477C396.413 532.216 395.694 531.843 395.163 531.358C394.633 530.873 394.368 530.239 394.368 529.455C394.368 528.803 394.544 528.235 394.896 527.75C395.252 527.261 395.73 526.883 396.328 526.614C396.93 526.341 397.603 526.205 398.345 526.205C399.095 526.205 399.762 526.339 400.345 526.608C400.929 526.873 401.391 527.237 401.732 527.699C402.076 528.161 402.258 528.686 402.277 529.273H400.913ZM408.23 538.182C407.389 538.182 406.664 537.996 406.054 537.625C405.448 537.25 404.98 536.727 404.651 536.057C404.325 535.383 404.162 534.598 404.162 533.705C404.162 532.811 404.325 532.023 404.651 531.341C404.98 530.655 405.438 530.121 406.026 529.739C406.616 529.352 407.306 529.159 408.094 529.159C408.548 529.159 408.997 529.235 409.44 529.386C409.884 529.538 410.287 529.784 410.651 530.125C411.014 530.462 411.304 530.909 411.52 531.466C411.736 532.023 411.844 532.708 411.844 533.523V534.091H405.116V532.932H410.48C410.48 532.439 410.382 532 410.185 531.614C409.991 531.227 409.715 530.922 409.355 530.699C408.999 530.475 408.579 530.364 408.094 530.364C407.56 530.364 407.098 530.496 406.707 530.761C406.321 531.023 406.024 531.364 405.815 531.784C405.607 532.205 405.503 532.655 405.503 533.136V533.909C405.503 534.568 405.616 535.127 405.844 535.585C406.075 536.04 406.395 536.386 406.804 536.625C407.213 536.86 407.688 536.977 408.23 536.977C408.582 536.977 408.901 536.928 409.185 536.83C409.473 536.727 409.721 536.576 409.929 536.375C410.137 536.17 410.298 535.917 410.412 535.614L411.707 535.977C411.571 536.417 411.342 536.803 411.02 537.136C410.698 537.466 410.3 537.723 409.827 537.909C409.353 538.091 408.821 538.182 408.23 538.182ZM413.884 538V529.273H415.179V530.636H415.293C415.474 530.17 415.768 529.809 416.173 529.551C416.579 529.29 417.065 529.159 417.634 529.159C418.209 529.159 418.688 529.29 419.071 529.551C419.457 529.809 419.759 530.17 419.974 530.636H420.065C420.289 530.186 420.624 529.828 421.071 529.562C421.518 529.294 422.054 529.159 422.679 529.159C423.459 529.159 424.098 529.403 424.594 529.892C425.09 530.377 425.338 531.133 425.338 532.159V538H423.997V532.159C423.997 531.515 423.821 531.055 423.469 530.778C423.116 530.502 422.702 530.364 422.224 530.364C421.611 530.364 421.135 530.549 420.798 530.92C420.461 531.288 420.293 531.754 420.293 532.318V538H418.929V532.023C418.929 531.527 418.768 531.127 418.446 530.824C418.124 530.517 417.709 530.364 417.202 530.364C416.853 530.364 416.527 530.456 416.224 530.642C415.925 530.828 415.683 531.085 415.497 531.415C415.315 531.741 415.224 532.117 415.224 532.545V538H413.884ZM427.972 538V526.364H429.312V530.659H429.426C429.525 530.508 429.661 530.314 429.835 530.08C430.013 529.841 430.267 529.629 430.597 529.443C430.93 529.254 431.381 529.159 431.949 529.159C432.684 529.159 433.331 529.343 433.892 529.71C434.453 530.078 434.89 530.598 435.205 531.273C435.519 531.947 435.676 532.742 435.676 533.659C435.676 534.583 435.519 535.384 435.205 536.062C434.89 536.737 434.455 537.259 433.898 537.631C433.341 537.998 432.699 538.182 431.972 538.182C431.411 538.182 430.962 538.089 430.625 537.903C430.288 537.714 430.028 537.5 429.847 537.261C429.665 537.019 429.525 536.818 429.426 536.659H429.267V538H427.972ZM429.29 533.636C429.29 534.295 429.386 534.877 429.58 535.381C429.773 535.881 430.055 536.273 430.426 536.557C430.797 536.837 431.252 536.977 431.79 536.977C432.35 536.977 432.818 536.83 433.193 536.534C433.572 536.235 433.856 535.833 434.045 535.33C434.239 534.822 434.335 534.258 434.335 533.636C434.335 533.023 434.241 532.47 434.051 531.977C433.866 531.481 433.583 531.089 433.205 530.801C432.83 530.509 432.358 530.364 431.79 530.364C431.244 530.364 430.786 530.502 430.415 530.778C430.044 531.051 429.763 531.434 429.574 531.926C429.384 532.415 429.29 532.985 429.29 533.636ZM440.295 538.205C439.742 538.205 439.241 538.1 438.79 537.892C438.339 537.68 437.981 537.375 437.716 536.977C437.451 536.576 437.318 536.091 437.318 535.523C437.318 535.023 437.417 534.617 437.614 534.307C437.811 533.992 438.074 533.746 438.403 533.568C438.733 533.39 439.097 533.258 439.494 533.17C439.896 533.08 440.299 533.008 440.705 532.955C441.235 532.886 441.665 532.835 441.994 532.801C442.328 532.763 442.57 532.701 442.722 532.614C442.877 532.527 442.955 532.375 442.955 532.159V532.114C442.955 531.553 442.801 531.117 442.494 530.807C442.191 530.496 441.731 530.341 441.114 530.341C440.473 530.341 439.972 530.481 439.608 530.761C439.244 531.042 438.989 531.341 438.841 531.659L437.568 531.205C437.795 530.674 438.098 530.261 438.477 529.966C438.86 529.667 439.277 529.458 439.727 529.341C440.182 529.22 440.629 529.159 441.068 529.159C441.348 529.159 441.67 529.193 442.034 529.261C442.402 529.326 442.756 529.46 443.097 529.665C443.441 529.869 443.727 530.178 443.955 530.591C444.182 531.004 444.295 531.557 444.295 532.25V538H442.955V536.818H442.886C442.795 537.008 442.644 537.21 442.432 537.426C442.22 537.642 441.938 537.826 441.585 537.977C441.233 538.129 440.803 538.205 440.295 538.205ZM440.5 537C441.03 537 441.477 536.896 441.841 536.688C442.208 536.479 442.485 536.21 442.67 535.881C442.86 535.551 442.955 535.205 442.955 534.841V533.614C442.898 533.682 442.773 533.744 442.58 533.801C442.39 533.854 442.17 533.902 441.92 533.943C441.674 533.981 441.434 534.015 441.199 534.045C440.968 534.072 440.78 534.095 440.636 534.114C440.288 534.159 439.962 534.233 439.659 534.335C439.36 534.434 439.117 534.583 438.932 534.784C438.75 534.981 438.659 535.25 438.659 535.591C438.659 536.057 438.831 536.409 439.176 536.648C439.525 536.883 439.966 537 440.5 537ZM447.993 534.818L447.97 533.159H448.243L452.061 529.273H453.72L449.652 533.386H449.538L447.993 534.818ZM446.743 538V526.364H448.084V538H446.743ZM452.288 538L448.879 533.682L449.834 532.75L453.993 538H452.288ZM458.632 538.182C457.844 538.182 457.153 537.994 456.558 537.619C455.967 537.244 455.505 536.72 455.172 536.045C454.842 535.371 454.678 534.583 454.678 533.682C454.678 532.773 454.842 531.979 455.172 531.301C455.505 530.623 455.967 530.097 456.558 529.722C457.153 529.347 457.844 529.159 458.632 529.159C459.42 529.159 460.109 529.347 460.7 529.722C461.295 530.097 461.757 530.623 462.087 531.301C462.42 531.979 462.587 532.773 462.587 533.682C462.587 534.583 462.42 535.371 462.087 536.045C461.757 536.72 461.295 537.244 460.7 537.619C460.109 537.994 459.42 538.182 458.632 538.182ZM458.632 536.977C459.231 536.977 459.723 536.824 460.109 536.517C460.496 536.21 460.782 535.807 460.967 535.307C461.153 534.807 461.246 534.265 461.246 533.682C461.246 533.098 461.153 532.555 460.967 532.051C460.782 531.547 460.496 531.14 460.109 530.83C459.723 530.519 459.231 530.364 458.632 530.364C458.034 530.364 457.541 530.519 457.155 530.83C456.768 531.14 456.482 531.547 456.297 532.051C456.111 532.555 456.018 533.098 456.018 533.682C456.018 534.265 456.111 534.807 456.297 535.307C456.482 535.807 456.768 536.21 457.155 536.517C457.541 536.824 458.034 536.977 458.632 536.977ZM472.429 538.159C471.664 538.159 471.005 538.019 470.452 537.739C469.899 537.458 469.473 537.074 469.173 536.585C468.874 536.097 468.724 535.538 468.724 534.909C468.724 534.424 468.827 533.994 469.031 533.619C469.24 533.241 469.526 532.89 469.889 532.568C470.257 532.242 470.679 531.917 471.156 531.591L472.838 530.341C473.168 530.125 473.431 529.894 473.628 529.648C473.829 529.402 473.929 529.08 473.929 528.682C473.929 528.386 473.798 528.1 473.537 527.824C473.279 527.547 472.94 527.409 472.52 527.409C472.224 527.409 471.963 527.485 471.736 527.636C471.512 527.784 471.336 527.973 471.207 528.205C471.082 528.432 471.02 528.667 471.02 528.909C471.02 529.182 471.094 529.458 471.241 529.739C471.393 530.015 471.584 530.299 471.815 530.591C472.05 530.879 472.293 531.174 472.543 531.477L477.884 538H476.27L471.861 532.682C471.452 532.189 471.08 531.742 470.747 531.341C470.414 530.939 470.149 530.544 469.952 530.153C469.755 529.763 469.656 529.341 469.656 528.886C469.656 528.364 469.772 527.905 470.003 527.511C470.238 527.114 470.565 526.805 470.986 526.585C471.41 526.362 471.906 526.25 472.474 526.25C473.058 526.25 473.56 526.364 473.98 526.591C474.401 526.814 474.724 527.112 474.952 527.483C475.179 527.85 475.293 528.25 475.293 528.682C475.293 529.239 475.154 529.722 474.878 530.131C474.601 530.54 474.224 530.92 473.747 531.273L471.429 533C470.906 533.386 470.552 533.761 470.366 534.125C470.181 534.489 470.088 534.75 470.088 534.909C470.088 535.273 470.183 535.612 470.372 535.926C470.562 536.241 470.829 536.494 471.173 536.688C471.518 536.881 471.921 536.977 472.384 536.977C472.823 536.977 473.251 536.884 473.668 536.699C474.084 536.509 474.461 536.237 474.798 535.881C475.139 535.525 475.408 535.097 475.605 534.597C475.806 534.097 475.906 533.534 475.906 532.909H477.202C477.202 533.682 477.113 534.312 476.935 534.801C476.757 535.29 476.556 535.672 476.332 535.949C476.109 536.225 475.929 536.432 475.793 536.568C475.747 536.625 475.705 536.682 475.668 536.739C475.63 536.795 475.588 536.852 475.543 536.909C475.168 537.33 474.694 537.644 474.122 537.852C473.55 538.057 472.986 538.159 472.429 538.159ZM488.504 526.364H489.913V534.682C489.913 535.424 489.777 536.055 489.504 536.574C489.232 537.093 488.847 537.487 488.351 537.756C487.855 538.025 487.269 538.159 486.595 538.159C485.959 538.159 485.393 538.044 484.896 537.812C484.4 537.578 484.01 537.244 483.726 536.812C483.442 536.381 483.3 535.867 483.3 535.273H484.686C484.686 535.602 484.768 535.89 484.93 536.136C485.097 536.379 485.324 536.568 485.612 536.705C485.9 536.841 486.228 536.909 486.595 536.909C487 536.909 487.345 536.824 487.629 536.653C487.913 536.483 488.129 536.233 488.277 535.903C488.429 535.57 488.504 535.163 488.504 534.682V526.364ZM492.737 538V526.364H494.146V532.136H494.283L499.51 526.364H501.351L496.464 531.614L501.351 538H499.646L495.601 532.591L494.146 534.227V538H492.737ZM512.402 526.364V538H511.038L504.697 528.864H504.584V538H503.175V526.364H504.538L510.902 535.523H511.016V526.364H512.402Z" fill="#171717"/>
<path d="M329.676 572.912V571.818H337.312V572.912H334.111V582H332.878V572.912H329.676ZM340.264 582.179C339.78 582.179 339.341 582.088 338.947 581.906C338.552 581.72 338.239 581.453 338.007 581.105C337.775 580.754 337.659 580.33 337.659 579.832C337.659 579.395 337.745 579.04 337.918 578.768C338.09 578.493 338.32 578.278 338.609 578.122C338.897 577.966 339.215 577.85 339.563 577.774C339.915 577.695 340.268 577.632 340.622 577.585C341.086 577.526 341.463 577.481 341.751 577.451C342.043 577.418 342.255 577.363 342.387 577.287C342.523 577.211 342.591 577.078 342.591 576.889V576.849C342.591 576.359 342.457 575.978 342.188 575.706C341.923 575.434 341.521 575.298 340.98 575.298C340.42 575.298 339.981 575.421 339.663 575.666C339.345 575.911 339.121 576.173 338.992 576.452L337.878 576.054C338.077 575.59 338.342 575.229 338.673 574.97C339.008 574.708 339.373 574.526 339.767 574.423C340.165 574.317 340.556 574.264 340.941 574.264C341.186 574.264 341.468 574.294 341.786 574.354C342.107 574.41 342.417 574.528 342.715 574.707C343.017 574.886 343.267 575.156 343.466 575.517C343.665 575.878 343.764 576.362 343.764 576.969V582H342.591V580.966H342.531C342.452 581.132 342.319 581.309 342.134 581.498C341.948 581.687 341.701 581.848 341.393 581.98C341.085 582.113 340.709 582.179 340.264 582.179ZM340.443 581.125C340.907 581.125 341.298 581.034 341.617 580.852C341.938 580.669 342.18 580.434 342.343 580.146C342.508 579.857 342.591 579.554 342.591 579.236V578.162C342.541 578.222 342.432 578.276 342.263 578.326C342.097 578.372 341.905 578.414 341.686 578.45C341.471 578.483 341.26 578.513 341.055 578.54C340.853 578.563 340.689 578.583 340.563 578.599C340.258 578.639 339.973 578.704 339.708 578.793C339.446 578.879 339.234 579.01 339.071 579.186C338.912 579.358 338.833 579.594 338.833 579.892C338.833 580.3 338.983 580.608 339.285 580.817C339.59 581.022 339.976 581.125 340.443 581.125ZM347.079 577.406V582H345.906V574.364H347.039V575.557H347.139C347.318 575.169 347.59 574.857 347.954 574.622C348.319 574.384 348.789 574.264 349.366 574.264C349.883 574.264 350.336 574.37 350.723 574.582C351.111 574.791 351.413 575.109 351.628 575.537C351.844 575.961 351.951 576.498 351.951 577.148V582H350.778V577.227C350.778 576.627 350.622 576.16 350.311 575.825C349.999 575.487 349.572 575.318 349.028 575.318C348.654 575.318 348.319 575.399 348.024 575.562C347.732 575.724 347.502 575.961 347.333 576.273C347.164 576.584 347.079 576.962 347.079 577.406ZM357.178 585.023C356.611 585.023 356.124 584.95 355.716 584.804C355.308 584.661 354.969 584.473 354.697 584.237C354.428 584.005 354.215 583.757 354.056 583.491L354.99 582.835C355.096 582.974 355.231 583.134 355.393 583.312C355.555 583.495 355.777 583.652 356.059 583.785C356.344 583.921 356.717 583.989 357.178 583.989C357.794 583.989 358.303 583.839 358.704 583.541C359.105 583.243 359.306 582.776 359.306 582.139V580.588H359.206C359.12 580.727 358.997 580.9 358.838 581.105C358.682 581.307 358.457 581.488 358.162 581.647C357.87 581.803 357.476 581.881 356.979 581.881C356.362 581.881 355.809 581.735 355.318 581.443C354.831 581.152 354.445 580.727 354.16 580.17C353.878 579.614 353.737 578.937 353.737 578.142C353.737 577.36 353.875 576.679 354.15 576.099C354.425 575.515 354.808 575.065 355.298 574.746C355.789 574.425 356.356 574.264 356.999 574.264C357.496 574.264 357.89 574.347 358.182 574.513C358.477 574.675 358.702 574.861 358.858 575.07C359.017 575.275 359.14 575.444 359.226 575.577H359.345V574.364H360.479V582.219C360.479 582.875 360.33 583.409 360.031 583.82C359.736 584.234 359.339 584.537 358.838 584.729C358.341 584.925 357.788 585.023 357.178 585.023ZM357.138 580.827C357.609 580.827 358.006 580.719 358.331 580.504C358.656 580.288 358.903 579.978 359.072 579.574C359.241 579.17 359.325 578.686 359.325 578.122C359.325 577.572 359.243 577.086 359.077 576.665C358.911 576.245 358.666 575.915 358.341 575.676C358.016 575.437 357.615 575.318 357.138 575.318C356.641 575.318 356.227 575.444 355.895 575.696C355.567 575.948 355.32 576.286 355.154 576.71C354.992 577.134 354.911 577.605 354.911 578.122C354.911 578.652 354.994 579.121 355.159 579.529C355.328 579.933 355.577 580.252 355.905 580.484C356.236 580.712 356.647 580.827 357.138 580.827ZM365.709 585.023C365.142 585.023 364.655 584.95 364.247 584.804C363.84 584.661 363.5 584.473 363.228 584.237C362.96 584.005 362.746 583.757 362.587 583.491L363.521 582.835C363.628 582.974 363.762 583.134 363.924 583.312C364.087 583.495 364.309 583.652 364.59 583.785C364.875 583.921 365.248 583.989 365.709 583.989C366.325 583.989 366.834 583.839 367.235 583.541C367.636 583.243 367.837 582.776 367.837 582.139V580.588H367.737C367.651 580.727 367.529 580.9 367.369 581.105C367.214 581.307 366.988 581.488 366.693 581.647C366.402 581.803 366.007 581.881 365.51 581.881C364.894 581.881 364.34 581.735 363.85 581.443C363.362 581.152 362.976 580.727 362.691 580.17C362.41 579.614 362.269 578.937 362.269 578.142C362.269 577.36 362.406 576.679 362.681 576.099C362.956 575.515 363.339 575.065 363.83 574.746C364.32 574.425 364.887 574.264 365.53 574.264C366.027 574.264 366.422 574.347 366.713 574.513C367.008 574.675 367.234 574.861 367.389 575.07C367.548 575.275 367.671 575.444 367.757 575.577H367.877V574.364H369.01V582.219C369.01 582.875 368.861 583.409 368.563 583.82C368.268 584.234 367.87 584.537 367.369 584.729C366.872 584.925 366.319 585.023 365.709 585.023ZM365.669 580.827C366.14 580.827 366.538 580.719 366.862 580.504C367.187 580.288 367.434 579.978 367.603 579.574C367.772 579.17 367.857 578.686 367.857 578.122C367.857 577.572 367.774 577.086 367.608 576.665C367.442 576.245 367.197 575.915 366.872 575.676C366.548 575.437 366.146 575.318 365.669 575.318C365.172 575.318 364.758 575.444 364.426 575.696C364.098 575.948 363.851 576.286 363.686 576.71C363.523 577.134 363.442 577.605 363.442 578.122C363.442 578.652 363.525 579.121 363.691 579.529C363.86 579.933 364.108 580.252 364.436 580.484C364.768 580.712 365.179 580.827 365.669 580.827ZM373.405 582.179C372.921 582.179 372.482 582.088 372.088 581.906C371.693 581.72 371.38 581.453 371.148 581.105C370.916 580.754 370.8 580.33 370.8 579.832C370.8 579.395 370.886 579.04 371.058 578.768C371.231 578.493 371.461 578.278 371.749 578.122C372.038 577.966 372.356 577.85 372.704 577.774C373.055 577.695 373.408 577.632 373.763 577.585C374.227 577.526 374.603 577.481 374.892 577.451C375.183 577.418 375.395 577.363 375.528 577.287C375.664 577.211 375.732 577.078 375.732 576.889V576.849C375.732 576.359 375.597 575.978 375.329 575.706C375.064 575.434 374.661 575.298 374.121 575.298C373.561 575.298 373.122 575.421 372.803 575.666C372.485 575.911 372.262 576.173 372.132 576.452L371.019 576.054C371.218 575.59 371.483 575.229 371.814 574.97C372.149 574.708 372.513 574.526 372.908 574.423C373.306 574.317 373.697 574.264 374.081 574.264C374.326 574.264 374.608 574.294 374.926 574.354C375.248 574.41 375.558 574.528 375.856 574.707C376.158 574.886 376.408 575.156 376.607 575.517C376.806 575.878 376.905 576.362 376.905 576.969V582H375.732V580.966H375.672C375.593 581.132 375.46 581.309 375.274 581.498C375.089 581.687 374.842 581.848 374.534 581.98C374.225 582.113 373.849 582.179 373.405 582.179ZM373.584 581.125C374.048 581.125 374.439 581.034 374.757 580.852C375.079 580.669 375.321 580.434 375.483 580.146C375.649 579.857 375.732 579.554 375.732 579.236V578.162C375.682 578.222 375.573 578.276 375.404 578.326C375.238 578.372 375.046 578.414 374.827 578.45C374.611 578.483 374.401 578.513 374.195 578.54C373.993 578.563 373.829 578.583 373.703 578.599C373.398 578.639 373.113 578.704 372.848 578.793C372.586 578.879 372.374 579.01 372.212 579.186C372.053 579.358 371.973 579.594 371.973 579.892C371.973 580.3 372.124 580.608 372.426 580.817C372.731 581.022 373.117 581.125 373.584 581.125ZM380.22 571.818V582H379.047V571.818H380.22ZM386.465 582V571.818H389.906C390.704 571.818 391.357 571.962 391.865 572.251C392.375 572.536 392.753 572.922 392.998 573.409C393.243 573.896 393.366 574.44 393.366 575.04C393.366 575.64 393.243 576.185 392.998 576.675C392.756 577.166 392.382 577.557 391.874 577.849C391.367 578.137 390.718 578.281 389.926 578.281H387.46V577.188H389.886C390.433 577.188 390.872 577.093 391.203 576.904C391.535 576.715 391.775 576.46 391.924 576.138C392.077 575.814 392.153 575.447 392.153 575.04C392.153 574.632 392.077 574.268 391.924 573.946C391.775 573.625 391.533 573.373 391.198 573.19C390.864 573.005 390.419 572.912 389.866 572.912H387.698V582H386.465ZM398.313 582.159C397.577 582.159 396.942 581.997 396.409 581.672C395.878 581.344 395.469 580.886 395.181 580.3C394.896 579.71 394.753 579.024 394.753 578.241C394.753 577.459 394.896 576.77 395.181 576.173C395.469 575.573 395.87 575.106 396.384 574.771C396.901 574.433 397.504 574.264 398.193 574.264C398.591 574.264 398.984 574.33 399.372 574.463C399.759 574.596 400.112 574.811 400.431 575.109C400.749 575.404 401.002 575.795 401.191 576.283C401.38 576.77 401.475 577.37 401.475 578.082V578.58H395.588V577.565H400.281C400.281 577.134 400.195 576.75 400.023 576.412C399.854 576.074 399.612 575.807 399.297 575.612C398.985 575.416 398.618 575.318 398.193 575.318C397.726 575.318 397.322 575.434 396.98 575.666C396.642 575.895 396.382 576.193 396.2 576.561C396.017 576.929 395.926 577.323 395.926 577.744V578.42C395.926 578.997 396.026 579.486 396.225 579.887C396.427 580.285 396.707 580.588 397.065 580.797C397.423 581.002 397.839 581.105 398.313 581.105C398.621 581.105 398.899 581.062 399.148 580.976C399.4 580.886 399.617 580.754 399.799 580.578C399.981 580.399 400.122 580.177 400.222 579.912L401.355 580.23C401.236 580.615 401.035 580.953 400.754 581.244C400.472 581.533 400.124 581.758 399.71 581.92C399.295 582.08 398.83 582.159 398.313 582.159ZM404.433 577.406V582H403.259V574.364H404.393V575.557H404.492C404.671 575.169 404.943 574.857 405.308 574.622C405.672 574.384 406.143 574.264 406.72 574.264C407.237 574.264 407.689 574.37 408.077 574.582C408.465 574.791 408.766 575.109 408.982 575.537C409.197 575.961 409.305 576.498 409.305 577.148V582H408.132V577.227C408.132 576.627 407.976 576.16 407.664 575.825C407.353 575.487 406.925 575.318 406.382 575.318C406.007 575.318 405.672 575.399 405.377 575.562C405.086 575.724 404.855 575.961 404.686 576.273C404.517 576.584 404.433 576.962 404.433 577.406ZM414.531 585.023C413.964 585.023 413.477 584.95 413.07 584.804C412.662 584.661 412.322 584.473 412.05 584.237C411.782 584.005 411.568 583.757 411.409 583.491L412.344 582.835C412.45 582.974 412.584 583.134 412.746 583.312C412.909 583.495 413.131 583.652 413.413 583.785C413.698 583.921 414.071 583.989 414.531 583.989C415.148 583.989 415.656 583.839 416.058 583.541C416.459 583.243 416.659 582.776 416.659 582.139V580.588H416.56C416.473 580.727 416.351 580.9 416.192 581.105C416.036 581.307 415.811 581.488 415.516 581.647C415.224 581.803 414.83 581.881 414.332 581.881C413.716 581.881 413.162 581.735 412.672 581.443C412.185 581.152 411.799 580.727 411.513 580.17C411.232 579.614 411.091 578.937 411.091 578.142C411.091 577.36 411.228 576.679 411.504 576.099C411.779 575.515 412.161 575.065 412.652 574.746C413.143 574.425 413.709 574.264 414.352 574.264C414.849 574.264 415.244 574.347 415.536 574.513C415.83 574.675 416.056 574.861 416.212 575.07C416.371 575.275 416.493 575.444 416.58 575.577H416.699V574.364H417.832V582.219C417.832 582.875 417.683 583.409 417.385 583.82C417.09 584.234 416.692 584.537 416.192 584.729C415.695 584.925 415.141 585.023 414.531 585.023ZM414.491 580.827C414.962 580.827 415.36 580.719 415.685 580.504C416.009 580.288 416.256 579.978 416.425 579.574C416.594 579.17 416.679 578.686 416.679 578.122C416.679 577.572 416.596 577.086 416.43 576.665C416.265 576.245 416.019 575.915 415.695 575.676C415.37 575.437 414.969 575.318 414.491 575.318C413.994 575.318 413.58 575.444 413.249 575.696C412.92 575.948 412.674 576.286 412.508 576.71C412.345 577.134 412.264 577.605 412.264 578.122C412.264 578.652 412.347 579.121 412.513 579.529C412.682 579.933 412.93 580.252 413.259 580.484C413.59 580.712 414.001 580.827 414.491 580.827ZM419.98 582V574.364H421.153V582H419.98ZM420.577 573.091C420.348 573.091 420.151 573.013 419.985 572.857C419.823 572.701 419.741 572.514 419.741 572.295C419.741 572.077 419.823 571.889 419.985 571.734C420.151 571.578 420.348 571.5 420.577 571.5C420.805 571.5 421.001 571.578 421.163 571.734C421.329 571.889 421.412 572.077 421.412 572.295C421.412 572.514 421.329 572.701 421.163 572.857C421.001 573.013 420.805 573.091 420.577 573.091ZM423.302 582V574.364H424.436V575.517H424.515C424.655 575.139 424.907 574.833 425.271 574.597C425.636 574.362 426.047 574.244 426.504 574.244C426.59 574.244 426.698 574.246 426.827 574.249C426.956 574.253 427.054 574.258 427.121 574.264V575.457C427.081 575.447 426.99 575.433 426.847 575.413C426.708 575.389 426.56 575.378 426.405 575.378C426.033 575.378 425.702 575.456 425.41 575.612C425.122 575.764 424.893 575.976 424.724 576.248C424.559 576.516 424.476 576.823 424.476 577.168V582H423.302ZM428.511 582V574.364H429.685V582H428.511ZM429.108 573.091C428.879 573.091 428.682 573.013 428.516 572.857C428.354 572.701 428.273 572.514 428.273 572.295C428.273 572.077 428.354 571.889 428.516 571.734C428.682 571.578 428.879 571.5 429.108 571.5C429.337 571.5 429.532 571.578 429.695 571.734C429.86 571.889 429.943 572.077 429.943 572.295C429.943 572.514 429.86 572.701 429.695 572.857C429.532 573.013 429.337 573.091 429.108 573.091ZM431.834 582V574.364H432.967V575.557H433.067C433.226 575.149 433.483 574.833 433.837 574.607C434.192 574.379 434.618 574.264 435.115 574.264C435.619 574.264 436.038 574.379 436.373 574.607C436.711 574.833 436.974 575.149 437.163 575.557H437.243C437.438 575.162 437.732 574.849 438.123 574.617C438.514 574.382 438.983 574.264 439.53 574.264C440.212 574.264 440.771 574.478 441.205 574.906C441.639 575.33 441.856 575.991 441.856 576.889V582H440.683V576.889C440.683 576.326 440.529 575.923 440.221 575.681C439.912 575.439 439.55 575.318 439.132 575.318C438.595 575.318 438.179 575.481 437.884 575.805C437.589 576.127 437.442 576.535 437.442 577.028V582H436.248V576.77C436.248 576.336 436.108 575.986 435.826 575.721C435.544 575.452 435.181 575.318 434.737 575.318C434.432 575.318 434.147 575.399 433.882 575.562C433.62 575.724 433.408 575.95 433.246 576.238C433.086 576.523 433.007 576.853 433.007 577.227V582H431.834ZM446.249 582.179C445.765 582.179 445.326 582.088 444.931 581.906C444.537 581.72 444.224 581.453 443.992 581.105C443.76 580.754 443.644 580.33 443.644 579.832C443.644 579.395 443.73 579.04 443.902 578.768C444.075 578.493 444.305 578.278 444.593 578.122C444.882 577.966 445.2 577.85 445.548 577.774C445.899 577.695 446.252 577.632 446.607 577.585C447.071 577.526 447.447 577.481 447.735 577.451C448.027 577.418 448.239 577.363 448.372 577.287C448.508 577.211 448.575 577.078 448.575 576.889V576.849C448.575 576.359 448.441 575.978 448.173 575.706C447.908 575.434 447.505 575.298 446.965 575.298C446.405 575.298 445.965 575.421 445.647 575.666C445.329 575.911 445.105 576.173 444.976 576.452L443.862 576.054C444.061 575.59 444.326 575.229 444.658 574.97C444.993 574.708 445.357 574.526 445.752 574.423C446.149 574.317 446.54 574.264 446.925 574.264C447.17 574.264 447.452 574.294 447.77 574.354C448.092 574.41 448.401 574.528 448.7 574.707C449.001 574.886 449.252 575.156 449.45 575.517C449.649 575.878 449.749 576.362 449.749 576.969V582H448.575V580.966H448.516C448.436 581.132 448.304 581.309 448.118 581.498C447.932 581.687 447.686 581.848 447.377 581.98C447.069 582.113 446.693 582.179 446.249 582.179ZM446.428 581.125C446.892 581.125 447.283 581.034 447.601 580.852C447.923 580.669 448.164 580.434 448.327 580.146C448.493 579.857 448.575 579.554 448.575 579.236V578.162C448.526 578.222 448.416 578.276 448.247 578.326C448.082 578.372 447.889 578.414 447.671 578.45C447.455 578.483 447.245 578.513 447.039 578.54C446.837 578.563 446.673 578.583 446.547 578.599C446.242 578.639 445.957 578.704 445.692 578.793C445.43 578.879 445.218 579.01 445.056 579.186C444.896 579.358 444.817 579.594 444.817 579.892C444.817 580.3 444.968 580.608 445.269 580.817C445.574 581.022 445.96 581.125 446.428 581.125ZM453.064 577.406V582H451.89V574.364H453.024V575.557H453.123C453.302 575.169 453.574 574.857 453.939 574.622C454.303 574.384 454.774 574.264 455.35 574.264C455.868 574.264 456.32 574.37 456.708 574.582C457.096 574.791 457.397 575.109 457.613 575.537C457.828 575.961 457.936 576.498 457.936 577.148V582H456.762V577.227C456.762 576.627 456.607 576.16 456.295 575.825C455.984 575.487 455.556 575.318 455.012 575.318C454.638 575.318 454.303 575.399 454.008 575.562C453.717 575.724 453.486 575.961 453.317 576.273C453.148 576.584 453.064 576.962 453.064 577.406ZM464.176 582V571.818H467.617C468.412 571.818 469.065 571.954 469.575 572.226C470.086 572.494 470.464 572.864 470.709 573.335C470.954 573.805 471.077 574.34 471.077 574.94C471.077 575.54 470.954 576.072 470.709 576.536C470.464 577 470.088 577.365 469.58 577.63C469.073 577.892 468.425 578.023 467.637 578.023H464.852V576.909H467.597C468.14 576.909 468.578 576.83 468.909 576.67C469.244 576.511 469.486 576.286 469.635 575.994C469.788 575.699 469.864 575.348 469.864 574.94C469.864 574.533 469.788 574.176 469.635 573.871C469.483 573.567 469.239 573.331 468.904 573.165C468.57 572.996 468.127 572.912 467.577 572.912H465.409V582H464.176ZM468.969 577.426L471.475 582H470.043L467.577 577.426H468.969ZM477.785 578.878V574.364H478.958V582H477.785V580.707H477.705C477.526 581.095 477.248 581.425 476.87 581.697C476.492 581.965 476.015 582.099 475.438 582.099C474.961 582.099 474.537 581.995 474.165 581.786C473.794 581.574 473.503 581.256 473.29 580.832C473.078 580.404 472.972 579.866 472.972 579.216V574.364H474.146V579.136C474.146 579.693 474.301 580.137 474.613 580.469C474.928 580.8 475.329 580.966 475.816 580.966C476.108 580.966 476.404 580.891 476.706 580.742C477.011 580.593 477.266 580.364 477.472 580.056C477.68 579.748 477.785 579.355 477.785 578.878ZM481.107 574.364H482.28V582.557C482.28 583.027 482.199 583.435 482.037 583.78C481.878 584.125 481.636 584.391 481.311 584.58C480.989 584.769 480.583 584.864 480.093 584.864C480.053 584.864 480.013 584.864 479.974 584.864C479.934 584.864 479.894 584.864 479.854 584.864V583.77C479.894 583.77 479.93 583.77 479.964 583.77C479.997 583.77 480.033 583.77 480.073 583.77C480.431 583.77 480.693 583.664 480.858 583.452C481.024 583.243 481.107 582.945 481.107 582.557V574.364ZM481.684 573.091C481.455 573.091 481.258 573.013 481.092 572.857C480.93 572.701 480.849 572.514 480.849 572.295C480.849 572.077 480.93 571.889 481.092 571.734C481.258 571.578 481.455 571.5 481.684 571.5C481.912 571.5 482.108 571.578 482.27 571.734C482.436 571.889 482.519 572.077 482.519 572.295C482.519 572.514 482.436 572.701 482.27 572.857C482.108 573.013 481.912 573.091 481.684 573.091ZM489.242 578.878V574.364H490.415V582H489.242V580.707H489.162C488.983 581.095 488.705 581.425 488.327 581.697C487.949 581.965 487.472 582.099 486.895 582.099C486.418 582.099 485.994 581.995 485.623 581.786C485.251 581.574 484.96 581.256 484.748 580.832C484.535 580.404 484.429 579.866 484.429 579.216V574.364H485.603V579.136C485.603 579.693 485.758 580.137 486.07 580.469C486.385 580.8 486.786 580.966 487.273 580.966C487.565 580.966 487.861 580.891 488.163 580.742C488.468 580.593 488.723 580.364 488.929 580.056C489.137 579.748 489.242 579.355 489.242 578.878ZM493.658 579.216L493.638 577.764H493.877L497.218 574.364H498.669L495.11 577.963H495.01L493.658 579.216ZM492.564 582V571.818H493.737V582H492.564ZM497.416 582L494.433 578.222L495.269 577.406L498.908 582H497.416ZM502.426 582.179C501.943 582.179 501.503 582.088 501.109 581.906C500.715 581.72 500.401 581.453 500.169 581.105C499.937 580.754 499.821 580.33 499.821 579.832C499.821 579.395 499.908 579.04 500.08 578.768C500.252 578.493 500.483 578.278 500.771 578.122C501.059 577.966 501.377 577.85 501.725 577.774C502.077 577.695 502.43 577.632 502.784 577.585C503.248 577.526 503.625 577.481 503.913 577.451C504.205 577.418 504.417 577.363 504.549 577.287C504.685 577.211 504.753 577.078 504.753 576.889V576.849C504.753 576.359 504.619 575.978 504.35 575.706C504.085 575.434 503.683 575.298 503.142 575.298C502.582 575.298 502.143 575.421 501.825 575.666C501.507 575.911 501.283 576.173 501.154 576.452L500.04 576.054C500.239 575.59 500.504 575.229 500.836 574.97C501.17 574.708 501.535 574.526 501.929 574.423C502.327 574.317 502.718 574.264 503.103 574.264C503.348 574.264 503.63 574.294 503.948 574.354C504.269 574.41 504.579 574.528 504.877 574.707C505.179 574.886 505.429 575.156 505.628 575.517C505.827 575.878 505.926 576.362 505.926 576.969V582H504.753V580.966H504.694C504.614 581.132 504.481 581.309 504.296 581.498C504.11 581.687 503.863 581.848 503.555 581.98C503.247 582.113 502.871 582.179 502.426 582.179ZM502.605 581.125C503.069 581.125 503.461 581.034 503.779 580.852C504.1 580.669 504.342 580.434 504.505 580.146C504.67 579.857 504.753 579.554 504.753 579.236V578.162C504.703 578.222 504.594 578.276 504.425 578.326C504.259 578.372 504.067 578.414 503.848 578.45C503.633 578.483 503.422 578.513 503.217 578.54C503.015 578.563 502.851 578.583 502.725 578.599C502.42 578.639 502.135 578.704 501.87 578.793C501.608 578.879 501.396 579.01 501.233 579.186C501.074 579.358 500.995 579.594 500.995 579.892C500.995 580.3 501.145 580.608 501.447 580.817C501.752 581.022 502.138 581.125 502.605 581.125ZM509.241 577.406V582H508.068V574.364H509.202V575.557H509.301C509.48 575.169 509.752 574.857 510.116 574.622C510.481 574.384 510.952 574.264 511.528 574.264C512.045 574.264 512.498 574.37 512.885 574.582C513.273 574.791 513.575 575.109 513.79 575.537C514.006 575.961 514.113 576.498 514.113 577.148V582H512.94V577.227C512.94 576.627 512.784 576.16 512.473 575.825C512.161 575.487 511.734 575.318 511.19 575.318C510.816 575.318 510.481 575.399 510.186 575.562C509.894 575.724 509.664 575.961 509.495 576.273C509.326 576.584 509.241 576.962 509.241 577.406Z" fill="#454545"/>
<rect x="329.5" y="589.5" width="621" height="41" rx="3.5" fill="white"/>
<rect x="329.5" y="589.5" width="621" height="41" rx="3.5" stroke="#DFDFDF"/>
<g clip-path="url(#clip0_530_13172)">
<path d="M347.205 616V614.977L351.045 610.773C351.496 610.28 351.867 609.852 352.159 609.489C352.451 609.121 352.667 608.777 352.807 608.455C352.951 608.129 353.023 607.788 353.023 607.432C353.023 607.023 352.924 606.669 352.727 606.369C352.534 606.07 352.269 605.839 351.932 605.676C351.595 605.513 351.216 605.432 350.795 605.432C350.348 605.432 349.958 605.525 349.625 605.71C349.295 605.892 349.04 606.148 348.858 606.477C348.68 606.807 348.591 607.193 348.591 607.636H347.25C347.25 606.955 347.407 606.356 347.722 605.841C348.036 605.326 348.464 604.924 349.006 604.636C349.551 604.348 350.163 604.205 350.841 604.205C351.523 604.205 352.127 604.348 352.653 604.636C353.18 604.924 353.593 605.312 353.892 605.801C354.191 606.29 354.341 606.833 354.341 607.432C354.341 607.86 354.263 608.278 354.108 608.688C353.956 609.093 353.691 609.545 353.312 610.045C352.938 610.542 352.417 611.148 351.75 611.864L349.136 614.659V614.75H354.545V616H347.205ZM360.688 616.159C359.831 616.159 359.102 615.926 358.5 615.46C357.898 614.991 357.438 614.311 357.119 613.42C356.801 612.527 356.642 611.447 356.642 610.182C356.642 608.924 356.801 607.85 357.119 606.96C357.441 606.066 357.903 605.384 358.506 604.915C359.112 604.441 359.839 604.205 360.688 604.205C361.536 604.205 362.261 604.441 362.864 604.915C363.47 605.384 363.932 606.066 364.25 606.96C364.572 607.85 364.733 608.924 364.733 610.182C364.733 611.447 364.574 612.527 364.256 613.42C363.938 614.311 363.477 614.991 362.875 615.46C362.273 615.926 361.544 616.159 360.688 616.159ZM360.688 614.909C361.536 614.909 362.195 614.5 362.665 613.682C363.134 612.864 363.369 611.697 363.369 610.182C363.369 609.174 363.261 608.316 363.045 607.608C362.833 606.9 362.527 606.36 362.125 605.989C361.727 605.617 361.248 605.432 360.688 605.432C359.847 605.432 359.189 605.847 358.716 606.676C358.242 607.502 358.006 608.67 358.006 610.182C358.006 611.189 358.112 612.045 358.324 612.75C358.536 613.455 358.841 613.991 359.239 614.358C359.64 614.725 360.123 614.909 360.688 614.909ZM371.028 603.818L367.278 617.75H366.051L369.801 603.818H371.028ZM376.391 616.159C375.535 616.159 374.805 615.926 374.203 615.46C373.601 614.991 373.141 614.311 372.822 613.42C372.504 612.527 372.345 611.447 372.345 610.182C372.345 608.924 372.504 607.85 372.822 606.96C373.144 606.066 373.607 605.384 374.209 604.915C374.815 604.441 375.542 604.205 376.391 604.205C377.239 604.205 377.964 604.441 378.567 604.915C379.173 605.384 379.635 606.066 379.953 606.96C380.275 607.85 380.436 608.924 380.436 610.182C380.436 611.447 380.277 612.527 379.959 613.42C379.641 614.311 379.18 614.991 378.578 615.46C377.976 615.926 377.247 616.159 376.391 616.159ZM376.391 614.909C377.239 614.909 377.898 614.5 378.368 613.682C378.838 612.864 379.072 611.697 379.072 610.182C379.072 609.174 378.964 608.316 378.749 607.608C378.536 606.9 378.23 606.36 377.828 605.989C377.43 605.617 376.951 605.432 376.391 605.432C375.55 605.432 374.893 605.847 374.419 606.676C373.946 607.502 373.709 608.67 373.709 610.182C373.709 611.189 373.815 612.045 374.027 612.75C374.239 613.455 374.544 613.991 374.942 614.358C375.343 614.725 375.826 614.909 376.391 614.909ZM386.322 616.159C385.542 616.159 384.853 616.021 384.254 615.744C383.66 615.464 383.196 615.08 382.862 614.591C382.529 614.098 382.364 613.538 382.368 612.909C382.364 612.417 382.461 611.962 382.658 611.545C382.855 611.125 383.124 610.775 383.464 610.494C383.809 610.21 384.194 610.03 384.618 609.955V609.886C384.061 609.742 383.618 609.43 383.288 608.949C382.959 608.464 382.796 607.913 382.8 607.295C382.796 606.705 382.946 606.176 383.249 605.71C383.552 605.244 383.968 604.877 384.499 604.608C385.033 604.339 385.641 604.205 386.322 604.205C386.997 604.205 387.599 604.339 388.129 604.608C388.66 604.877 389.076 605.244 389.379 605.71C389.686 606.176 389.841 606.705 389.845 607.295C389.841 607.913 389.673 608.464 389.339 608.949C389.01 609.43 388.572 609.742 388.027 609.886V609.955C388.447 610.03 388.826 610.21 389.163 610.494C389.5 610.775 389.769 611.125 389.97 611.545C390.171 611.962 390.273 612.417 390.277 612.909C390.273 613.538 390.103 614.098 389.766 614.591C389.432 615.08 388.968 615.464 388.374 615.744C387.783 616.021 387.099 616.159 386.322 616.159ZM386.322 614.909C386.849 614.909 387.304 614.824 387.686 614.653C388.069 614.483 388.364 614.242 388.572 613.932C388.781 613.621 388.887 613.258 388.891 612.841C388.887 612.402 388.773 612.013 388.55 611.676C388.326 611.339 388.021 611.074 387.635 610.881C387.252 610.687 386.815 610.591 386.322 610.591C385.826 610.591 385.383 610.687 384.993 610.881C384.607 611.074 384.302 611.339 384.078 611.676C383.858 612.013 383.75 612.402 383.754 612.841C383.75 613.258 383.851 613.621 384.055 613.932C384.264 614.242 384.561 614.483 384.947 614.653C385.334 614.824 385.792 614.909 386.322 614.909ZM386.322 609.386C386.739 609.386 387.108 609.303 387.43 609.136C387.756 608.97 388.012 608.737 388.197 608.438C388.383 608.138 388.478 607.788 388.482 607.386C388.478 606.992 388.385 606.65 388.203 606.358C388.021 606.062 387.769 605.835 387.447 605.676C387.125 605.513 386.75 605.432 386.322 605.432C385.887 605.432 385.506 605.513 385.18 605.676C384.855 605.835 384.603 606.062 384.425 606.358C384.247 606.65 384.16 606.992 384.163 607.386C384.16 607.788 384.249 608.138 384.43 608.438C384.616 608.737 384.872 608.97 385.197 609.136C385.523 609.303 385.898 609.386 386.322 609.386ZM396.591 603.818L392.841 617.75H391.614L395.364 603.818H396.591ZM398.158 616V614.977L401.999 610.773C402.449 610.28 402.821 609.852 403.112 609.489C403.404 609.121 403.62 608.777 403.76 608.455C403.904 608.129 403.976 607.788 403.976 607.432C403.976 607.023 403.877 606.669 403.68 606.369C403.487 606.07 403.222 605.839 402.885 605.676C402.548 605.513 402.169 605.432 401.749 605.432C401.302 605.432 400.911 605.525 400.578 605.71C400.249 605.892 399.993 606.148 399.811 606.477C399.633 606.807 399.544 607.193 399.544 607.636H398.203C398.203 606.955 398.36 606.356 398.675 605.841C398.989 605.326 399.417 604.924 399.959 604.636C400.504 604.348 401.116 604.205 401.794 604.205C402.476 604.205 403.08 604.348 403.607 604.636C404.133 604.924 404.546 605.312 404.845 605.801C405.144 606.29 405.294 606.833 405.294 607.432C405.294 607.86 405.216 608.278 405.061 608.688C404.91 609.093 404.644 609.545 404.266 610.045C403.891 610.542 403.37 611.148 402.703 611.864L400.089 614.659V614.75H405.499V616H398.158ZM411.641 616.159C410.785 616.159 410.055 615.926 409.453 615.46C408.851 614.991 408.391 614.311 408.072 613.42C407.754 612.527 407.595 611.447 407.595 610.182C407.595 608.924 407.754 607.85 408.072 606.96C408.394 606.066 408.857 605.384 409.459 604.915C410.065 604.441 410.792 604.205 411.641 604.205C412.489 604.205 413.214 604.441 413.817 604.915C414.423 605.384 414.885 606.066 415.203 606.96C415.525 607.85 415.686 608.924 415.686 610.182C415.686 611.447 415.527 612.527 415.209 613.42C414.891 614.311 414.43 614.991 413.828 615.46C413.226 615.926 412.497 616.159 411.641 616.159ZM411.641 614.909C412.489 614.909 413.148 614.5 413.618 613.682C414.088 612.864 414.322 611.697 414.322 610.182C414.322 609.174 414.214 608.316 413.999 607.608C413.786 606.9 413.48 606.36 413.078 605.989C412.68 605.617 412.201 605.432 411.641 605.432C410.8 605.432 410.143 605.847 409.669 606.676C409.196 607.502 408.959 608.67 408.959 610.182C408.959 611.189 409.065 612.045 409.277 612.75C409.489 613.455 409.794 613.991 410.192 614.358C410.593 614.725 411.076 614.909 411.641 614.909ZM417.845 616V614.977L421.686 610.773C422.137 610.28 422.508 609.852 422.8 609.489C423.091 609.121 423.307 608.777 423.447 608.455C423.591 608.129 423.663 607.788 423.663 607.432C423.663 607.023 423.565 606.669 423.368 606.369C423.175 606.07 422.91 605.839 422.572 605.676C422.235 605.513 421.857 605.432 421.436 605.432C420.989 605.432 420.599 605.525 420.266 605.71C419.936 605.892 419.68 606.148 419.499 606.477C419.321 606.807 419.232 607.193 419.232 607.636H417.891C417.891 606.955 418.048 606.356 418.362 605.841C418.677 605.326 419.105 604.924 419.646 604.636C420.192 604.348 420.804 604.205 421.482 604.205C422.163 604.205 422.768 604.348 423.294 604.636C423.821 604.924 424.233 605.312 424.533 605.801C424.832 606.29 424.982 606.833 424.982 607.432C424.982 607.86 424.904 608.278 424.749 608.688C424.597 609.093 424.332 609.545 423.953 610.045C423.578 610.542 423.057 611.148 422.391 611.864L419.777 614.659V614.75H425.186V616H417.845ZM431.396 616.159C430.919 616.152 430.442 616.061 429.964 615.886C429.487 615.712 429.052 615.419 428.658 615.006C428.264 614.589 427.947 614.027 427.709 613.318C427.47 612.606 427.351 611.712 427.351 610.636C427.351 609.606 427.447 608.693 427.641 607.898C427.834 607.098 428.114 606.426 428.482 605.881C428.849 605.331 429.292 604.915 429.811 604.631C430.334 604.347 430.923 604.205 431.578 604.205C432.23 604.205 432.809 604.335 433.317 604.597C433.828 604.854 434.245 605.214 434.567 605.676C434.889 606.138 435.097 606.67 435.192 607.273H433.805C433.677 606.75 433.427 606.316 433.055 605.972C432.684 605.627 432.192 605.455 431.578 605.455C430.677 605.455 429.966 605.847 429.447 606.631C428.932 607.415 428.673 608.515 428.669 609.932H428.76C428.972 609.61 429.224 609.335 429.516 609.108C429.811 608.877 430.137 608.699 430.493 608.574C430.849 608.449 431.226 608.386 431.624 608.386C432.29 608.386 432.9 608.553 433.453 608.886C434.006 609.216 434.449 609.672 434.783 610.256C435.116 610.835 435.283 611.5 435.283 612.25C435.283 612.97 435.122 613.629 434.8 614.227C434.478 614.822 434.025 615.295 433.442 615.648C432.862 615.996 432.18 616.167 431.396 616.159ZM431.396 614.909C431.874 614.909 432.302 614.79 432.68 614.551C433.063 614.312 433.364 613.992 433.584 613.591C433.807 613.189 433.919 612.742 433.919 612.25C433.919 611.769 433.811 611.331 433.595 610.938C433.383 610.54 433.089 610.223 432.714 609.989C432.343 609.754 431.919 609.636 431.442 609.636C431.082 609.636 430.747 609.708 430.436 609.852C430.125 609.992 429.853 610.186 429.618 610.432C429.387 610.678 429.205 610.96 429.072 611.278C428.94 611.593 428.874 611.924 428.874 612.273C428.874 612.735 428.982 613.167 429.197 613.568C429.417 613.97 429.716 614.294 430.095 614.54C430.478 614.786 430.911 614.909 431.396 614.909Z" fill="#171717"/>
</g>
<path d="M919 618C918.45 618 917.979 617.804 917.587 617.413C917.196 617.021 917 616.55 917 616V602C917 601.45 917.196 600.979 917.587 600.588C917.979 600.196 918.45 600 919 600H920V598H922V600H930V598H932V600H933C933.55 600 934.021 600.196 934.413 600.588C934.804 600.979 935 601.45 935 602V616C935 616.55 934.804 617.021 934.413 617.413C934.021 617.804 933.55 618 933 618H919ZM919 616H933V606H919V616Z" fill="#737783"/>
<path d="M338.426 653H337.193C337.12 652.645 336.993 652.334 336.81 652.065C336.631 651.797 336.413 651.571 336.154 651.389C335.899 651.204 335.616 651.064 335.304 650.972C334.992 650.879 334.668 650.832 334.33 650.832C333.713 650.832 333.155 650.988 332.654 651.3C332.157 651.611 331.761 652.07 331.466 652.677C331.174 653.283 331.028 654.027 331.028 654.909C331.028 655.791 331.174 656.535 331.466 657.141C331.761 657.748 332.157 658.207 332.654 658.518C333.155 658.83 333.713 658.986 334.33 658.986C334.668 658.986 334.992 658.939 335.304 658.847C335.616 658.754 335.899 658.616 336.154 658.434C336.413 658.248 336.631 658.021 336.81 657.753C336.993 657.481 337.12 657.17 337.193 656.818H338.426C338.333 657.339 338.164 657.804 337.919 658.215C337.674 658.626 337.369 658.976 337.004 659.264C336.64 659.549 336.23 659.766 335.776 659.915C335.326 660.065 334.843 660.139 334.33 660.139C333.461 660.139 332.689 659.927 332.013 659.503C331.337 659.079 330.805 658.475 330.417 657.693C330.029 656.911 329.835 655.983 329.835 654.909C329.835 653.835 330.029 652.907 330.417 652.125C330.805 651.343 331.337 650.74 332.013 650.315C332.689 649.891 333.461 649.679 334.33 649.679C334.843 649.679 335.326 649.754 335.776 649.903C336.23 650.052 336.64 650.271 337.004 650.559C337.369 650.844 337.674 651.192 337.919 651.603C338.164 652.011 338.333 652.476 338.426 653ZM342.507 660.179C342.023 660.179 341.584 660.088 341.189 659.906C340.795 659.72 340.481 659.453 340.249 659.105C340.017 658.754 339.901 658.33 339.901 657.832C339.901 657.395 339.988 657.04 340.16 656.768C340.332 656.493 340.563 656.278 340.851 656.122C341.139 655.966 341.458 655.85 341.806 655.774C342.157 655.695 342.51 655.632 342.865 655.585C343.329 655.526 343.705 655.481 343.993 655.451C344.285 655.418 344.497 655.363 344.629 655.287C344.765 655.211 344.833 655.078 344.833 654.889V654.849C344.833 654.359 344.699 653.978 344.431 653.706C344.165 653.434 343.763 653.298 343.222 653.298C342.662 653.298 342.223 653.421 341.905 653.666C341.587 653.911 341.363 654.173 341.234 654.452L340.12 654.054C340.319 653.59 340.584 653.229 340.916 652.97C341.25 652.708 341.615 652.526 342.009 652.423C342.407 652.317 342.798 652.264 343.183 652.264C343.428 652.264 343.71 652.294 344.028 652.354C344.349 652.41 344.659 652.528 344.958 652.707C345.259 652.886 345.509 653.156 345.708 653.517C345.907 653.878 346.007 654.362 346.007 654.969V660H344.833V658.966H344.774C344.694 659.132 344.561 659.309 344.376 659.498C344.19 659.687 343.943 659.848 343.635 659.98C343.327 660.113 342.951 660.179 342.507 660.179ZM342.686 659.125C343.15 659.125 343.541 659.034 343.859 658.852C344.18 658.669 344.422 658.434 344.585 658.146C344.75 657.857 344.833 657.554 344.833 657.236V656.162C344.784 656.222 344.674 656.276 344.505 656.326C344.339 656.372 344.147 656.414 343.928 656.45C343.713 656.483 343.503 656.513 343.297 656.54C343.095 656.563 342.931 656.583 342.805 656.599C342.5 656.639 342.215 656.704 341.95 656.793C341.688 656.879 341.476 657.01 341.313 657.186C341.154 657.358 341.075 657.594 341.075 657.892C341.075 658.3 341.226 658.608 341.527 658.817C341.832 659.022 342.218 659.125 342.686 659.125ZM351.469 652.364V653.358H347.512V652.364H351.469ZM348.665 650.534H349.838V657.812C349.838 658.144 349.886 658.393 349.983 658.558C350.082 658.721 350.208 658.83 350.36 658.886C350.516 658.939 350.68 658.966 350.853 658.966C350.982 658.966 351.088 658.959 351.171 658.946C351.254 658.929 351.32 658.916 351.37 658.906L351.608 659.96C351.529 659.99 351.418 660.02 351.275 660.05C351.133 660.083 350.952 660.099 350.733 660.099C350.402 660.099 350.077 660.028 349.759 659.886C349.444 659.743 349.182 659.526 348.973 659.234C348.768 658.943 348.665 658.575 348.665 658.131V650.534ZM355.481 660.179C354.997 660.179 354.558 660.088 354.164 659.906C353.769 659.72 353.456 659.453 353.224 659.105C352.992 658.754 352.876 658.33 352.876 657.832C352.876 657.395 352.962 657.04 353.135 656.768C353.307 656.493 353.537 656.278 353.826 656.122C354.114 655.966 354.432 655.85 354.78 655.774C355.132 655.695 355.484 655.632 355.839 655.585C356.303 655.526 356.679 655.481 356.968 655.451C357.259 655.418 357.471 655.363 357.604 655.287C357.74 655.211 357.808 655.078 357.808 654.889V654.849C357.808 654.359 357.674 653.978 357.405 653.706C357.14 653.434 356.737 653.298 356.197 653.298C355.637 653.298 355.198 653.421 354.88 653.666C354.561 653.911 354.338 654.173 354.208 654.452L353.095 654.054C353.294 653.59 353.559 653.229 353.89 652.97C354.225 652.708 354.59 652.526 354.984 652.423C355.382 652.317 355.773 652.264 356.157 652.264C356.403 652.264 356.684 652.294 357.002 652.354C357.324 652.41 357.634 652.528 357.932 652.707C358.234 652.886 358.484 653.156 358.683 653.517C358.882 653.878 358.981 654.362 358.981 654.969V660H357.808V658.966H357.748C357.669 659.132 357.536 659.309 357.35 659.498C357.165 659.687 356.918 659.848 356.61 659.98C356.301 660.113 355.925 660.179 355.481 660.179ZM355.66 659.125C356.124 659.125 356.515 659.034 356.833 658.852C357.155 658.669 357.397 658.434 357.559 658.146C357.725 657.857 357.808 657.554 357.808 657.236V656.162C357.758 656.222 357.649 656.276 357.48 656.326C357.314 656.372 357.122 656.414 356.903 656.45C356.688 656.483 356.477 656.513 356.272 656.54C356.069 656.563 355.905 656.583 355.779 656.599C355.475 656.639 355.19 656.704 354.924 656.793C354.663 656.879 354.45 657.01 354.288 657.186C354.129 657.358 354.049 657.594 354.049 657.892C354.049 658.3 354.2 658.608 354.502 658.817C354.807 659.022 355.193 659.125 355.66 659.125ZM364.444 652.364V653.358H360.486V652.364H364.444ZM361.64 650.534H362.813V657.812C362.813 658.144 362.861 658.393 362.957 658.558C363.057 658.721 363.183 658.83 363.335 658.886C363.491 658.939 363.655 658.966 363.827 658.966C363.956 658.966 364.063 658.959 364.145 658.946C364.228 658.929 364.295 658.916 364.344 658.906L364.583 659.96C364.503 659.99 364.392 660.02 364.25 660.05C364.107 660.083 363.927 660.099 363.708 660.099C363.376 660.099 363.052 660.028 362.733 659.886C362.419 659.743 362.157 659.526 361.948 659.234C361.742 658.943 361.64 658.575 361.64 658.131V650.534ZM368.456 660.179C367.972 660.179 367.533 660.088 367.138 659.906C366.744 659.72 366.431 659.453 366.199 659.105C365.967 658.754 365.851 658.33 365.851 657.832C365.851 657.395 365.937 657.04 366.109 656.768C366.282 656.493 366.512 656.278 366.8 656.122C367.089 655.966 367.407 655.85 367.755 655.774C368.106 655.695 368.459 655.632 368.814 655.585C369.278 655.526 369.654 655.481 369.942 655.451C370.234 655.418 370.446 655.363 370.579 655.287C370.715 655.211 370.782 655.078 370.782 654.889V654.849C370.782 654.359 370.648 653.978 370.38 653.706C370.115 653.434 369.712 653.298 369.172 653.298C368.612 653.298 368.172 653.421 367.854 653.666C367.536 653.911 367.312 654.173 367.183 654.452L366.069 654.054C366.268 653.59 366.533 653.229 366.865 652.97C367.2 652.708 367.564 652.526 367.959 652.423C368.356 652.317 368.747 652.264 369.132 652.264C369.377 652.264 369.659 652.294 369.977 652.354C370.299 652.41 370.608 652.528 370.907 652.707C371.208 652.886 371.459 653.156 371.657 653.517C371.856 653.878 371.956 654.362 371.956 654.969V660H370.782V658.966H370.723C370.643 659.132 370.511 659.309 370.325 659.498C370.14 659.687 369.893 659.848 369.584 659.98C369.276 660.113 368.9 660.179 368.456 660.179ZM368.635 659.125C369.099 659.125 369.49 659.034 369.808 658.852C370.13 658.669 370.372 658.434 370.534 658.146C370.7 657.857 370.782 657.554 370.782 657.236V656.162C370.733 656.222 370.623 656.276 370.454 656.326C370.289 656.372 370.096 656.414 369.878 656.45C369.662 656.483 369.452 656.513 369.246 656.54C369.044 656.563 368.88 656.583 368.754 656.599C368.449 656.639 368.164 656.704 367.899 656.793C367.637 656.879 367.425 657.01 367.263 657.186C367.104 657.358 367.024 657.594 367.024 657.892C367.024 658.3 367.175 658.608 367.476 658.817C367.781 659.022 368.167 659.125 368.635 659.125ZM375.271 655.406V660H374.097V652.364H375.231V653.557H375.33C375.509 653.169 375.781 652.857 376.146 652.622C376.51 652.384 376.981 652.264 377.558 652.264C378.075 652.264 378.527 652.37 378.915 652.582C379.303 652.791 379.604 653.109 379.82 653.537C380.035 653.961 380.143 654.498 380.143 655.148V660H378.969V655.227C378.969 654.627 378.814 654.16 378.502 653.825C378.191 653.487 377.763 653.318 377.219 653.318C376.845 653.318 376.51 653.399 376.215 653.562C375.924 653.724 375.693 653.961 375.524 654.273C375.355 654.584 375.271 654.962 375.271 655.406ZM387.616 649.818V660H386.383V649.818H387.616ZM391.103 655.406V660H389.929V652.364H391.063V653.557H391.162C391.341 653.169 391.613 652.857 391.978 652.622C392.342 652.384 392.813 652.264 393.39 652.264C393.907 652.264 394.359 652.37 394.747 652.582C395.135 652.791 395.436 653.109 395.652 653.537C395.867 653.961 395.975 654.498 395.975 655.148V660H394.801V655.227C394.801 654.627 394.646 654.16 394.334 653.825C394.023 653.487 393.595 653.318 393.051 653.318C392.677 653.318 392.342 653.399 392.047 653.562C391.756 653.724 391.525 653.961 391.356 654.273C391.187 654.584 391.103 654.962 391.103 655.406ZM403.528 654.074L402.474 654.372C402.408 654.196 402.31 654.026 402.181 653.86C402.055 653.691 401.882 653.552 401.664 653.442C401.445 653.333 401.165 653.278 400.823 653.278C400.356 653.278 399.967 653.386 399.655 653.602C399.347 653.814 399.193 654.084 399.193 654.412C399.193 654.704 399.299 654.934 399.511 655.103C399.723 655.272 400.054 655.413 400.505 655.526L401.639 655.804C402.321 655.97 402.83 656.223 403.165 656.565C403.5 656.903 403.667 657.339 403.667 657.872C403.667 658.31 403.541 658.701 403.289 659.045C403.041 659.39 402.693 659.662 402.245 659.861C401.798 660.06 401.277 660.159 400.684 660.159C399.905 660.159 399.261 659.99 398.75 659.652C398.24 659.314 397.917 658.82 397.781 658.17L398.894 657.892C399 658.303 399.201 658.611 399.496 658.817C399.794 659.022 400.184 659.125 400.664 659.125C401.211 659.125 401.645 659.009 401.967 658.777C402.292 658.542 402.454 658.26 402.454 657.932C402.454 657.667 402.361 657.445 402.176 657.266C401.99 657.083 401.705 656.947 401.32 656.858L400.048 656.56C399.348 656.394 398.835 656.137 398.507 655.789C398.182 655.438 398.019 654.999 398.019 654.472C398.019 654.041 398.14 653.66 398.382 653.328C398.628 652.997 398.961 652.737 399.382 652.548C399.806 652.359 400.286 652.264 400.823 652.264C401.579 652.264 402.172 652.43 402.603 652.761C403.037 653.093 403.346 653.53 403.528 654.074ZM408.754 652.364V653.358H404.797V652.364H408.754ZM405.95 650.534H407.124V657.812C407.124 658.144 407.172 658.393 407.268 658.558C407.367 658.721 407.493 658.83 407.646 658.886C407.801 658.939 407.965 658.966 408.138 658.966C408.267 658.966 408.373 658.959 408.456 658.946C408.539 658.929 408.605 658.916 408.655 658.906L408.893 659.96C408.814 659.99 408.703 660.02 408.56 660.05C408.418 660.083 408.237 660.099 408.018 660.099C407.687 660.099 407.362 660.028 407.044 659.886C406.729 659.743 406.467 659.526 406.259 659.234C406.053 658.943 405.95 658.575 405.95 658.131V650.534ZM410.519 660V652.364H411.653V653.517H411.732C411.871 653.139 412.123 652.833 412.488 652.597C412.853 652.362 413.263 652.244 413.721 652.244C413.807 652.244 413.915 652.246 414.044 652.249C414.173 652.253 414.271 652.258 414.337 652.264V653.457C414.298 653.447 414.206 653.433 414.064 653.413C413.925 653.389 413.777 653.378 413.621 653.378C413.25 653.378 412.919 653.456 412.627 653.612C412.339 653.764 412.11 653.976 411.941 654.248C411.775 654.516 411.692 654.823 411.692 655.168V660H410.519ZM420.541 656.878V652.364H421.714V660H420.541V658.707H420.461C420.282 659.095 420.004 659.425 419.626 659.697C419.248 659.965 418.771 660.099 418.194 660.099C417.717 660.099 417.293 659.995 416.921 659.786C416.55 659.574 416.258 659.256 416.046 658.832C415.834 658.404 415.728 657.866 415.728 657.216V652.364H416.901V657.136C416.901 657.693 417.057 658.137 417.369 658.469C417.684 658.8 418.085 658.966 418.572 658.966C418.864 658.966 419.16 658.891 419.462 658.742C419.767 658.593 420.022 658.364 420.227 658.056C420.436 657.748 420.541 657.355 420.541 656.878ZM424.957 657.216L424.937 655.764H425.175L428.516 652.364H429.968L426.408 655.963H426.309L424.957 657.216ZM423.863 660V649.818H425.036V660H423.863ZM428.715 660L425.732 656.222L426.567 655.406L430.207 660H428.715ZM436.887 654.074L435.833 654.372C435.767 654.196 435.669 654.026 435.54 653.86C435.414 653.691 435.242 653.552 435.023 653.442C434.804 653.333 434.524 653.278 434.183 653.278C433.715 653.278 433.326 653.386 433.014 653.602C432.706 653.814 432.552 654.084 432.552 654.412C432.552 654.704 432.658 654.934 432.87 655.103C433.082 655.272 433.414 655.413 433.865 655.526L434.998 655.804C435.681 655.97 436.19 656.223 436.524 656.565C436.859 656.903 437.026 657.339 437.026 657.872C437.026 658.31 436.901 658.701 436.649 659.045C436.4 659.39 436.052 659.662 435.605 659.861C435.157 660.06 434.637 660.159 434.044 660.159C433.265 660.159 432.62 659.99 432.11 659.652C431.599 659.314 431.276 658.82 431.14 658.17L432.254 657.892C432.36 658.303 432.56 658.611 432.855 658.817C433.154 659.022 433.543 659.125 434.024 659.125C434.57 659.125 435.005 659.009 435.326 658.777C435.651 658.542 435.813 658.26 435.813 657.932C435.813 657.667 435.721 657.445 435.535 657.266C435.349 657.083 435.064 656.947 434.68 656.858L433.407 656.56C432.708 656.394 432.194 656.137 431.866 655.789C431.541 655.438 431.379 654.999 431.379 654.472C431.379 654.041 431.5 653.66 431.742 653.328C431.987 652.997 432.32 652.737 432.741 652.548C433.165 652.359 433.646 652.264 434.183 652.264C434.938 652.264 435.532 652.43 435.963 652.761C436.397 653.093 436.705 653.53 436.887 654.074ZM438.793 660V652.364H439.966V660H438.793ZM439.389 651.091C439.161 651.091 438.963 651.013 438.798 650.857C438.635 650.701 438.554 650.514 438.554 650.295C438.554 650.077 438.635 649.889 438.798 649.734C438.963 649.578 439.161 649.5 439.389 649.5C439.618 649.5 439.813 649.578 439.976 649.734C440.142 649.889 440.224 650.077 440.224 650.295C440.224 650.514 440.142 650.701 439.976 650.857C439.813 651.013 439.618 651.091 439.389 651.091ZM450.865 656.878V652.364H452.038V660H450.865V658.707H450.785C450.606 659.095 450.328 659.425 449.95 659.697C449.572 659.965 449.095 660.099 448.518 660.099C448.041 660.099 447.617 659.995 447.246 659.786C446.874 659.574 446.583 659.256 446.371 658.832C446.158 658.404 446.052 657.866 446.052 657.216V652.364H447.226V657.136C447.226 657.693 447.381 658.137 447.693 658.469C448.008 658.8 448.409 658.966 448.896 658.966C449.188 658.966 449.484 658.891 449.786 658.742C450.091 658.593 450.346 658.364 450.552 658.056C450.76 657.748 450.865 657.355 450.865 656.878ZM455.36 655.406V660H454.187V652.364H455.321V653.557H455.42C455.599 653.169 455.871 652.857 456.235 652.622C456.6 652.384 457.071 652.264 457.647 652.264C458.164 652.264 458.617 652.37 459.005 652.582C459.392 652.791 459.694 653.109 459.909 653.537C460.125 653.961 460.233 654.498 460.233 655.148V660H459.059V655.227C459.059 654.627 458.904 654.16 458.592 653.825C458.28 653.487 457.853 653.318 457.309 653.318C456.935 653.318 456.6 653.399 456.305 653.562C456.013 653.724 455.783 653.961 455.614 654.273C455.445 654.584 455.36 654.962 455.36 655.406ZM465.698 652.364V653.358H461.74V652.364H465.698ZM462.894 650.534H464.067V657.812C464.067 658.144 464.115 658.393 464.211 658.558C464.311 658.721 464.436 658.83 464.589 658.886C464.745 658.939 464.909 658.966 465.081 658.966C465.21 658.966 465.316 658.959 465.399 658.946C465.482 658.929 465.548 658.916 465.598 658.906L465.837 659.96C465.757 659.99 465.646 660.02 465.504 660.05C465.361 660.083 465.181 660.099 464.962 660.099C464.63 660.099 464.306 660.028 463.987 659.886C463.673 659.743 463.411 659.526 463.202 659.234C462.996 658.943 462.894 658.575 462.894 658.131V650.534ZM472.275 656.878V652.364H473.448V660H472.275V658.707H472.195C472.017 659.095 471.738 659.425 471.36 659.697C470.982 659.965 470.505 660.099 469.928 660.099C469.451 660.099 469.027 659.995 468.656 659.786C468.285 659.574 467.993 659.256 467.781 658.832C467.569 658.404 467.463 657.866 467.463 657.216V652.364H468.636V657.136C468.636 657.693 468.792 658.137 469.103 658.469C469.418 658.8 469.819 658.966 470.306 658.966C470.598 658.966 470.895 658.891 471.196 658.742C471.501 658.593 471.756 658.364 471.962 658.056C472.171 657.748 472.275 657.355 472.275 656.878ZM476.691 657.216L476.671 655.764H476.91L480.251 652.364H481.702L478.143 655.963H478.043L476.691 657.216ZM475.597 660V649.818H476.771V660H475.597ZM480.45 660L477.467 656.222L478.302 655.406L481.941 660H480.45ZM495.9 654.909C495.9 655.983 495.706 656.911 495.318 657.693C494.931 658.475 494.399 659.079 493.722 659.503C493.046 659.927 492.274 660.139 491.406 660.139C490.537 660.139 489.765 659.927 489.089 659.503C488.413 659.079 487.881 658.475 487.493 657.693C487.105 656.911 486.911 655.983 486.911 654.909C486.911 653.835 487.105 652.907 487.493 652.125C487.881 651.343 488.413 650.74 489.089 650.315C489.765 649.891 490.537 649.679 491.406 649.679C492.274 649.679 493.046 649.891 493.722 650.315C494.399 650.74 494.931 651.343 495.318 652.125C495.706 652.907 495.9 653.835 495.9 654.909ZM494.707 654.909C494.707 654.027 494.559 653.283 494.264 652.677C493.973 652.07 493.577 651.611 493.076 651.3C492.579 650.988 492.022 650.832 491.406 650.832C490.789 650.832 490.231 650.988 489.73 651.3C489.233 651.611 488.837 652.07 488.542 652.677C488.25 653.283 488.105 654.027 488.105 654.909C488.105 655.791 488.25 656.535 488.542 657.141C488.837 657.748 489.233 658.207 489.73 658.518C490.231 658.83 490.789 658.986 491.406 658.986C492.022 658.986 492.579 658.83 493.076 658.518C493.577 658.207 493.973 657.748 494.264 657.141C494.559 656.535 494.707 655.791 494.707 654.909ZM497.973 660V649.818H501.414C502.212 649.818 502.865 649.962 503.372 650.251C503.883 650.536 504.261 650.922 504.506 651.409C504.751 651.896 504.874 652.44 504.874 653.04C504.874 653.64 504.751 654.185 504.506 654.675C504.264 655.166 503.889 655.557 503.382 655.849C502.875 656.137 502.226 656.281 501.433 656.281H498.968V655.188H501.394C501.941 655.188 502.38 655.093 502.711 654.904C503.043 654.715 503.283 654.46 503.432 654.138C503.584 653.814 503.661 653.447 503.661 653.04C503.661 652.632 503.584 652.268 503.432 651.946C503.283 651.625 503.041 651.373 502.706 651.19C502.371 651.005 501.927 650.912 501.374 650.912H499.206V660H497.973ZM510.002 660H506.86V649.818H510.141C511.129 649.818 511.974 650.022 512.677 650.43C513.379 650.834 513.918 651.416 514.292 652.175C514.667 652.93 514.854 653.835 514.854 654.889C514.854 655.95 514.665 656.863 514.287 657.629C513.91 658.391 513.359 658.978 512.637 659.388C511.914 659.796 511.036 660 510.002 660ZM508.093 658.906H509.922C510.764 658.906 511.462 658.744 512.015 658.419C512.569 658.094 512.982 657.632 513.253 657.032C513.525 656.432 513.661 655.718 513.661 654.889C513.661 654.067 513.527 653.36 513.258 652.766C512.99 652.17 512.589 651.712 512.055 651.394C511.522 651.073 510.857 650.912 510.062 650.912H508.093V658.906Z" fill="#454545"/>
<rect x="329.5" y="667.5" width="621" height="113" rx="3.5" fill="white"/>
<rect x="329.5" y="667.5" width="621" height="113" rx="3.5" stroke="#DFDFDF"/>
<path d="M349.523 694L346.341 682.364H347.773L350.205 691.841H350.318L352.795 682.364H354.386L356.864 691.841H356.977L359.409 682.364H360.841L357.659 694H356.205L353.636 684.727H353.545L350.977 694H349.523ZM364.17 694.205C363.617 694.205 363.116 694.1 362.665 693.892C362.214 693.68 361.856 693.375 361.591 692.977C361.326 692.576 361.193 692.091 361.193 691.523C361.193 691.023 361.292 690.617 361.489 690.307C361.686 689.992 361.949 689.746 362.278 689.568C362.608 689.39 362.972 689.258 363.369 689.17C363.771 689.08 364.174 689.008 364.58 688.955C365.11 688.886 365.54 688.835 365.869 688.801C366.203 688.763 366.445 688.701 366.597 688.614C366.752 688.527 366.83 688.375 366.83 688.159V688.114C366.83 687.553 366.676 687.117 366.369 686.807C366.066 686.496 365.606 686.341 364.989 686.341C364.348 686.341 363.847 686.481 363.483 686.761C363.119 687.042 362.864 687.341 362.716 687.659L361.443 687.205C361.67 686.674 361.973 686.261 362.352 685.966C362.735 685.667 363.152 685.458 363.602 685.341C364.057 685.22 364.504 685.159 364.943 685.159C365.223 685.159 365.545 685.193 365.909 685.261C366.277 685.326 366.631 685.46 366.972 685.665C367.316 685.869 367.602 686.178 367.83 686.591C368.057 687.004 368.17 687.557 368.17 688.25V694H366.83V692.818H366.761C366.67 693.008 366.519 693.21 366.307 693.426C366.095 693.642 365.813 693.826 365.46 693.977C365.108 694.129 364.678 694.205 364.17 694.205ZM364.375 693C364.905 693 365.352 692.896 365.716 692.688C366.083 692.479 366.36 692.21 366.545 691.881C366.735 691.551 366.83 691.205 366.83 690.841V689.614C366.773 689.682 366.648 689.744 366.455 689.801C366.265 689.854 366.045 689.902 365.795 689.943C365.549 689.981 365.309 690.015 365.074 690.045C364.843 690.072 364.655 690.095 364.511 690.114C364.163 690.159 363.837 690.233 363.534 690.335C363.235 690.434 362.992 690.583 362.807 690.784C362.625 690.981 362.534 691.25 362.534 691.591C362.534 692.057 362.706 692.409 363.051 692.648C363.4 692.883 363.841 693 364.375 693ZM370.618 694V685.273H371.913V686.591H372.004C372.163 686.159 372.451 685.809 372.868 685.54C373.285 685.271 373.754 685.136 374.277 685.136C374.375 685.136 374.499 685.138 374.646 685.142C374.794 685.146 374.906 685.152 374.982 685.159V686.523C374.936 686.511 374.832 686.494 374.669 686.472C374.51 686.445 374.341 686.432 374.163 686.432C373.739 686.432 373.36 686.521 373.027 686.699C372.697 686.873 372.436 687.116 372.243 687.426C372.054 687.733 371.959 688.083 371.959 688.477V694H370.618ZM379.828 697.455C379.18 697.455 378.624 697.371 378.158 697.205C377.692 697.042 377.304 696.826 376.993 696.557C376.686 696.292 376.442 696.008 376.26 695.705L377.328 694.955C377.449 695.114 377.603 695.295 377.788 695.5C377.974 695.708 378.228 695.888 378.55 696.04C378.875 696.195 379.302 696.273 379.828 696.273C380.533 696.273 381.114 696.102 381.572 695.761C382.031 695.42 382.26 694.886 382.26 694.159V692.386H382.146C382.048 692.545 381.908 692.742 381.726 692.977C381.548 693.208 381.29 693.415 380.953 693.597C380.62 693.775 380.169 693.864 379.601 693.864C378.896 693.864 378.264 693.697 377.703 693.364C377.146 693.03 376.705 692.545 376.379 691.909C376.057 691.273 375.896 690.5 375.896 689.591C375.896 688.697 376.054 687.919 376.368 687.256C376.682 686.589 377.12 686.074 377.68 685.71C378.241 685.343 378.889 685.159 379.624 685.159C380.192 685.159 380.643 685.254 380.976 685.443C381.313 685.629 381.571 685.841 381.749 686.08C381.93 686.314 382.071 686.508 382.169 686.659H382.305V685.273H383.601V694.25C383.601 695 383.43 695.61 383.089 696.08C382.752 696.553 382.298 696.9 381.726 697.119C381.158 697.343 380.525 697.455 379.828 697.455ZM379.783 692.659C380.321 692.659 380.775 692.536 381.146 692.29C381.518 692.044 381.8 691.689 381.993 691.227C382.186 690.765 382.283 690.212 382.283 689.568C382.283 688.939 382.188 688.384 381.999 687.903C381.809 687.422 381.529 687.045 381.158 686.773C380.786 686.5 380.328 686.364 379.783 686.364C379.214 686.364 378.741 686.508 378.362 686.795C377.987 687.083 377.705 687.47 377.516 687.955C377.33 688.439 377.237 688.977 377.237 689.568C377.237 690.174 377.332 690.71 377.521 691.176C377.714 691.638 377.999 692.002 378.374 692.267C378.752 692.528 379.222 692.659 379.783 692.659ZM388.624 694.205C388.071 694.205 387.569 694.1 387.118 693.892C386.667 693.68 386.309 693.375 386.044 692.977C385.779 692.576 385.646 692.091 385.646 691.523C385.646 691.023 385.745 690.617 385.942 690.307C386.139 689.992 386.402 689.746 386.732 689.568C387.061 689.39 387.425 689.258 387.822 689.17C388.224 689.08 388.627 689.008 389.033 688.955C389.563 688.886 389.993 688.835 390.322 688.801C390.656 688.763 390.898 688.701 391.05 688.614C391.205 688.527 391.283 688.375 391.283 688.159V688.114C391.283 687.553 391.129 687.117 390.822 686.807C390.519 686.496 390.059 686.341 389.442 686.341C388.802 686.341 388.3 686.481 387.936 686.761C387.572 687.042 387.317 687.341 387.169 687.659L385.896 687.205C386.124 686.674 386.427 686.261 386.805 685.966C387.188 685.667 387.605 685.458 388.055 685.341C388.51 685.22 388.957 685.159 389.396 685.159C389.677 685.159 389.999 685.193 390.362 685.261C390.73 685.326 391.084 685.46 391.425 685.665C391.769 685.869 392.055 686.178 392.283 686.591C392.51 687.004 392.624 687.557 392.624 688.25V694H391.283V692.818H391.214C391.124 693.008 390.972 693.21 390.76 693.426C390.548 693.642 390.266 693.826 389.913 693.977C389.561 694.129 389.131 694.205 388.624 694.205ZM388.828 693C389.358 693 389.805 692.896 390.169 692.688C390.536 692.479 390.813 692.21 390.999 691.881C391.188 691.551 391.283 691.205 391.283 690.841V689.614C391.226 689.682 391.101 689.744 390.908 689.801C390.718 689.854 390.499 689.902 390.249 689.943C390.002 689.981 389.762 690.015 389.527 690.045C389.296 690.072 389.108 690.095 388.964 690.114C388.616 690.159 388.29 690.233 387.987 690.335C387.688 690.434 387.446 690.583 387.26 690.784C387.078 690.981 386.987 691.25 386.987 691.591C386.987 692.057 387.16 692.409 387.504 692.648C387.853 692.883 388.294 693 388.828 693ZM399.571 694V685.273H400.866V686.636H400.98C401.162 686.17 401.455 685.809 401.861 685.551C402.266 685.29 402.753 685.159 403.321 685.159C403.897 685.159 404.376 685.29 404.759 685.551C405.145 685.809 405.446 686.17 405.662 686.636H405.753C405.976 686.186 406.312 685.828 406.759 685.562C407.205 685.294 407.741 685.159 408.366 685.159C409.147 685.159 409.785 685.403 410.281 685.892C410.777 686.377 411.026 687.133 411.026 688.159V694H409.685V688.159C409.685 687.515 409.509 687.055 409.156 686.778C408.804 686.502 408.389 686.364 407.912 686.364C407.298 686.364 406.823 686.549 406.486 686.92C406.149 687.288 405.98 687.754 405.98 688.318V694H404.616V688.023C404.616 687.527 404.455 687.127 404.134 686.824C403.812 686.517 403.397 686.364 402.889 686.364C402.541 686.364 402.215 686.456 401.912 686.642C401.613 686.828 401.37 687.085 401.185 687.415C401.003 687.741 400.912 688.117 400.912 688.545V694H399.571ZM417.136 694.182C416.295 694.182 415.57 693.996 414.96 693.625C414.354 693.25 413.886 692.727 413.557 692.057C413.231 691.383 413.068 690.598 413.068 689.705C413.068 688.811 413.231 688.023 413.557 687.341C413.886 686.655 414.345 686.121 414.932 685.739C415.523 685.352 416.212 685.159 417 685.159C417.455 685.159 417.903 685.235 418.347 685.386C418.79 685.538 419.193 685.784 419.557 686.125C419.92 686.462 420.21 686.909 420.426 687.466C420.642 688.023 420.75 688.708 420.75 689.523V690.091H414.023V688.932H419.386C419.386 688.439 419.288 688 419.091 687.614C418.898 687.227 418.621 686.922 418.261 686.699C417.905 686.475 417.485 686.364 417 686.364C416.466 686.364 416.004 686.496 415.614 686.761C415.227 687.023 414.93 687.364 414.722 687.784C414.513 688.205 414.409 688.655 414.409 689.136V689.909C414.409 690.568 414.523 691.127 414.75 691.585C414.981 692.04 415.301 692.386 415.71 692.625C416.119 692.86 416.595 692.977 417.136 692.977C417.489 692.977 417.807 692.928 418.091 692.83C418.379 692.727 418.627 692.576 418.835 692.375C419.044 692.17 419.205 691.917 419.318 691.614L420.614 691.977C420.477 692.417 420.248 692.803 419.926 693.136C419.604 693.466 419.206 693.723 418.733 693.909C418.259 694.091 417.727 694.182 417.136 694.182ZM422.79 694V685.273H424.085V686.636H424.199C424.381 686.17 424.674 685.809 425.08 685.551C425.485 685.29 425.972 685.159 426.54 685.159C427.116 685.159 427.595 685.29 427.977 685.551C428.364 685.809 428.665 686.17 428.881 686.636H428.972C429.195 686.186 429.53 685.828 429.977 685.562C430.424 685.294 430.96 685.159 431.585 685.159C432.366 685.159 433.004 685.403 433.5 685.892C433.996 686.377 434.244 687.133 434.244 688.159V694H432.903V688.159C432.903 687.515 432.727 687.055 432.375 686.778C432.023 686.502 431.608 686.364 431.131 686.364C430.517 686.364 430.042 686.549 429.705 686.92C429.367 687.288 429.199 687.754 429.199 688.318V694H427.835V688.023C427.835 687.527 427.674 687.127 427.352 686.824C427.03 686.517 426.616 686.364 426.108 686.364C425.759 686.364 425.434 686.456 425.131 686.642C424.831 686.828 424.589 687.085 424.403 687.415C424.222 687.741 424.131 688.117 424.131 688.545V694H422.79ZM436.878 694V682.364H438.219V686.659H438.332C438.431 686.508 438.567 686.314 438.741 686.08C438.92 685.841 439.173 685.629 439.503 685.443C439.836 685.254 440.287 685.159 440.855 685.159C441.59 685.159 442.238 685.343 442.798 685.71C443.359 686.078 443.796 686.598 444.111 687.273C444.425 687.947 444.582 688.742 444.582 689.659C444.582 690.583 444.425 691.384 444.111 692.062C443.796 692.737 443.361 693.259 442.804 693.631C442.247 693.998 441.605 694.182 440.878 694.182C440.317 694.182 439.868 694.089 439.531 693.903C439.194 693.714 438.935 693.5 438.753 693.261C438.571 693.019 438.431 692.818 438.332 692.659H438.173V694H436.878ZM438.196 689.636C438.196 690.295 438.293 690.877 438.486 691.381C438.679 691.881 438.961 692.273 439.332 692.557C439.704 692.837 440.158 692.977 440.696 692.977C441.257 692.977 441.724 692.83 442.099 692.534C442.478 692.235 442.762 691.833 442.952 691.33C443.145 690.822 443.241 690.258 443.241 689.636C443.241 689.023 443.147 688.47 442.957 687.977C442.772 687.481 442.49 687.089 442.111 686.801C441.736 686.509 441.264 686.364 440.696 686.364C440.151 686.364 439.692 686.502 439.321 686.778C438.95 687.051 438.67 687.434 438.48 687.926C438.291 688.415 438.196 688.985 438.196 689.636ZM452.134 690.432V685.273H453.474V694H452.134V692.523H452.043C451.838 692.966 451.52 693.343 451.088 693.653C450.656 693.96 450.111 694.114 449.452 694.114C448.906 694.114 448.421 693.994 447.997 693.756C447.573 693.513 447.24 693.15 446.997 692.665C446.755 692.176 446.634 691.561 446.634 690.818V685.273H447.974V690.727C447.974 691.364 448.152 691.871 448.509 692.25C448.868 692.629 449.327 692.818 449.884 692.818C450.217 692.818 450.556 692.733 450.901 692.562C451.249 692.392 451.541 692.131 451.776 691.778C452.014 691.426 452.134 690.977 452.134 690.432ZM459.726 685.273V686.409H455.203V685.273H459.726ZM456.521 683.182H457.862V691.5C457.862 691.879 457.917 692.163 458.027 692.352C458.141 692.538 458.285 692.663 458.459 692.727C458.637 692.788 458.824 692.818 459.021 692.818C459.169 692.818 459.29 692.811 459.385 692.795C459.48 692.777 459.555 692.761 459.612 692.75L459.885 693.955C459.794 693.989 459.667 694.023 459.504 694.057C459.341 694.095 459.135 694.114 458.885 694.114C458.506 694.114 458.135 694.032 457.771 693.869C457.411 693.706 457.112 693.458 456.874 693.125C456.639 692.792 456.521 692.371 456.521 691.864V683.182ZM467.243 690.432V685.273H468.584V694H467.243V692.523H467.152C466.947 692.966 466.629 693.343 466.197 693.653C465.766 693.96 465.22 694.114 464.561 694.114C464.016 694.114 463.531 693.994 463.107 693.756C462.682 693.513 462.349 693.15 462.107 692.665C461.864 692.176 461.743 691.561 461.743 690.818V685.273H463.084V690.727C463.084 691.364 463.262 691.871 463.618 692.25C463.978 692.629 464.436 692.818 464.993 692.818C465.326 692.818 465.665 692.733 466.01 692.562C466.358 692.392 466.65 692.131 466.885 691.778C467.124 691.426 467.243 690.977 467.243 690.432ZM472.381 688.75V694H471.04V682.364H472.381V686.636H472.494C472.699 686.186 473.006 685.828 473.415 685.562C473.828 685.294 474.377 685.159 475.062 685.159C475.657 685.159 476.178 685.278 476.625 685.517C477.072 685.752 477.419 686.114 477.665 686.602C477.915 687.087 478.04 687.705 478.04 688.455V694H476.699V688.545C476.699 687.852 476.519 687.316 476.159 686.938C475.803 686.555 475.309 686.364 474.676 686.364C474.237 686.364 473.843 686.456 473.494 686.642C473.15 686.828 472.877 687.098 472.676 687.455C472.479 687.811 472.381 688.242 472.381 688.75ZM481.743 690.818L481.72 689.159H481.993L485.811 685.273H487.47L483.402 689.386H483.288L481.743 690.818ZM480.493 694V682.364H481.834V694H480.493ZM486.038 694L482.629 689.682L483.584 688.75L487.743 694H486.038ZM491.764 694.205C491.211 694.205 490.709 694.1 490.259 693.892C489.808 693.68 489.45 693.375 489.185 692.977C488.92 692.576 488.787 692.091 488.787 691.523C488.787 691.023 488.885 690.617 489.082 690.307C489.279 689.992 489.543 689.746 489.872 689.568C490.202 689.39 490.565 689.258 490.963 689.17C491.365 689.08 491.768 689.008 492.173 688.955C492.704 688.886 493.134 688.835 493.463 688.801C493.796 688.763 494.039 688.701 494.19 688.614C494.346 688.527 494.423 688.375 494.423 688.159V688.114C494.423 687.553 494.27 687.117 493.963 686.807C493.66 686.496 493.2 686.341 492.582 686.341C491.942 686.341 491.44 686.481 491.077 686.761C490.713 687.042 490.457 687.341 490.31 687.659L489.037 687.205C489.264 686.674 489.567 686.261 489.946 685.966C490.329 685.667 490.745 685.458 491.196 685.341C491.651 685.22 492.098 685.159 492.537 685.159C492.817 685.159 493.139 685.193 493.503 685.261C493.87 685.326 494.224 685.46 494.565 685.665C494.91 685.869 495.196 686.178 495.423 686.591C495.651 687.004 495.764 687.557 495.764 688.25V694H494.423V692.818H494.355C494.264 693.008 494.113 693.21 493.901 693.426C493.688 693.642 493.406 693.826 493.054 693.977C492.702 694.129 492.272 694.205 491.764 694.205ZM491.969 693C492.499 693 492.946 692.896 493.31 692.688C493.677 692.479 493.954 692.21 494.139 691.881C494.329 691.551 494.423 691.205 494.423 690.841V689.614C494.366 689.682 494.241 689.744 494.048 689.801C493.859 689.854 493.639 689.902 493.389 689.943C493.143 689.981 492.902 690.015 492.668 690.045C492.437 690.072 492.249 690.095 492.105 690.114C491.757 690.159 491.431 690.233 491.128 690.335C490.829 690.434 490.586 690.583 490.401 690.784C490.219 690.981 490.128 691.25 490.128 691.591C490.128 692.057 490.3 692.409 490.645 692.648C490.993 692.883 491.435 693 491.969 693ZM499.553 688.75V694H498.212V685.273H499.507V686.636H499.621C499.825 686.193 500.136 685.837 500.553 685.568C500.969 685.295 501.507 685.159 502.166 685.159C502.757 685.159 503.274 685.28 503.717 685.523C504.161 685.761 504.505 686.125 504.751 686.614C504.998 687.098 505.121 687.712 505.121 688.455V694H503.78V688.545C503.78 687.86 503.602 687.326 503.246 686.943C502.89 686.557 502.401 686.364 501.78 686.364C501.352 686.364 500.969 686.456 500.632 686.642C500.299 686.828 500.036 687.098 499.842 687.455C499.649 687.811 499.553 688.242 499.553 688.75ZM512.071 697.273V685.273H513.366V686.659H513.526C513.624 686.508 513.76 686.314 513.935 686.08C514.113 685.841 514.366 685.629 514.696 685.443C515.029 685.254 515.48 685.159 516.048 685.159C516.783 685.159 517.431 685.343 517.991 685.71C518.552 686.078 518.99 686.598 519.304 687.273C519.618 687.947 519.776 688.742 519.776 689.659C519.776 690.583 519.618 691.384 519.304 692.062C518.99 692.737 518.554 693.259 517.997 693.631C517.44 693.998 516.798 694.182 516.071 694.182C515.51 694.182 515.062 694.089 514.724 693.903C514.387 693.714 514.128 693.5 513.946 693.261C513.764 693.019 513.624 692.818 513.526 692.659H513.412V697.273H512.071ZM513.389 689.636C513.389 690.295 513.486 690.877 513.679 691.381C513.872 691.881 514.154 692.273 514.526 692.557C514.897 692.837 515.351 692.977 515.889 692.977C516.45 692.977 516.918 692.83 517.293 692.534C517.671 692.235 517.955 691.833 518.145 691.33C518.338 690.822 518.435 690.258 518.435 689.636C518.435 689.023 518.34 688.47 518.151 687.977C517.965 687.481 517.683 687.089 517.304 686.801C516.929 686.509 516.457 686.364 515.889 686.364C515.344 686.364 514.885 686.502 514.514 686.778C514.143 687.051 513.863 687.434 513.673 687.926C513.484 688.415 513.389 688.985 513.389 689.636ZM521.821 694V685.273H523.116V686.591H523.207C523.366 686.159 523.654 685.809 524.071 685.54C524.488 685.271 524.957 685.136 525.48 685.136C525.579 685.136 525.702 685.138 525.849 685.142C525.997 685.146 526.109 685.152 526.185 685.159V686.523C526.139 686.511 526.035 686.494 525.872 686.472C525.713 686.445 525.545 686.432 525.366 686.432C524.942 686.432 524.563 686.521 524.23 686.699C523.901 686.873 523.639 687.116 523.446 687.426C523.257 687.733 523.162 688.083 523.162 688.477V694H521.821ZM527.774 694V685.273H529.115V694H527.774ZM528.456 683.818C528.195 683.818 527.969 683.729 527.78 683.551C527.594 683.373 527.501 683.159 527.501 682.909C527.501 682.659 527.594 682.445 527.78 682.267C527.969 682.089 528.195 682 528.456 682C528.717 682 528.941 682.089 529.126 682.267C529.316 682.445 529.411 682.659 529.411 682.909C529.411 683.159 529.316 683.373 529.126 683.551C528.941 683.729 528.717 683.818 528.456 683.818ZM535.116 694.182C534.329 694.182 533.637 693.994 533.043 693.619C532.452 693.244 531.99 692.72 531.656 692.045C531.327 691.371 531.162 690.583 531.162 689.682C531.162 688.773 531.327 687.979 531.656 687.301C531.99 686.623 532.452 686.097 533.043 685.722C533.637 685.347 534.329 685.159 535.116 685.159C535.904 685.159 536.594 685.347 537.185 685.722C537.779 686.097 538.241 686.623 538.571 687.301C538.904 687.979 539.071 688.773 539.071 689.682C539.071 690.583 538.904 691.371 538.571 692.045C538.241 692.72 537.779 693.244 537.185 693.619C536.594 693.994 535.904 694.182 535.116 694.182ZM535.116 692.977C535.715 692.977 536.207 692.824 536.594 692.517C536.98 692.21 537.266 691.807 537.452 691.307C537.637 690.807 537.73 690.265 537.73 689.682C537.73 689.098 537.637 688.555 537.452 688.051C537.266 687.547 536.98 687.14 536.594 686.83C536.207 686.519 535.715 686.364 535.116 686.364C534.518 686.364 534.026 686.519 533.639 686.83C533.253 687.14 532.967 687.547 532.781 688.051C532.596 688.555 532.503 689.098 532.503 689.682C532.503 690.265 532.596 690.807 532.781 691.307C532.967 691.807 533.253 692.21 533.639 692.517C534.026 692.824 534.518 692.977 535.116 692.977ZM541.118 694V685.273H542.413V686.591H542.504C542.663 686.159 542.951 685.809 543.368 685.54C543.785 685.271 544.254 685.136 544.777 685.136C544.875 685.136 544.999 685.138 545.146 685.142C545.294 685.146 545.406 685.152 545.482 685.159V686.523C545.436 686.511 545.332 686.494 545.169 686.472C545.01 686.445 544.841 686.432 544.663 686.432C544.239 686.432 543.86 686.521 543.527 686.699C543.197 686.873 542.936 687.116 542.743 687.426C542.554 687.733 542.459 688.083 542.459 688.477V694H541.118ZM547.071 694V685.273H548.412V694H547.071ZM547.753 683.818C547.491 683.818 547.266 683.729 547.077 683.551C546.891 683.373 546.798 683.159 546.798 682.909C546.798 682.659 546.891 682.445 547.077 682.267C547.266 682.089 547.491 682 547.753 682C548.014 682 548.238 682.089 548.423 682.267C548.613 682.445 548.707 682.659 548.707 682.909C548.707 683.159 548.613 683.373 548.423 683.551C548.238 683.729 548.014 683.818 547.753 683.818ZM554.663 685.273V686.409H550.141V685.273H554.663ZM551.459 683.182H552.8V691.5C552.8 691.879 552.855 692.163 552.964 692.352C553.078 692.538 553.222 692.663 553.396 692.727C553.574 692.788 553.762 692.818 553.959 692.818C554.107 692.818 554.228 692.811 554.322 692.795C554.417 692.777 554.493 692.761 554.55 692.75L554.822 693.955C554.732 693.989 554.605 694.023 554.442 694.057C554.279 694.095 554.072 694.114 553.822 694.114C553.444 694.114 553.072 694.032 552.709 693.869C552.349 693.706 552.05 693.458 551.811 693.125C551.576 692.792 551.459 692.371 551.459 691.864V683.182ZM559.249 694.205C558.696 694.205 558.194 694.1 557.743 693.892C557.292 693.68 556.934 693.375 556.669 692.977C556.404 692.576 556.271 692.091 556.271 691.523C556.271 691.023 556.37 690.617 556.567 690.307C556.764 689.992 557.027 689.746 557.357 689.568C557.686 689.39 558.05 689.258 558.447 689.17C558.849 689.08 559.252 689.008 559.658 688.955C560.188 688.886 560.618 688.835 560.947 688.801C561.281 688.763 561.523 688.701 561.675 688.614C561.83 688.527 561.908 688.375 561.908 688.159V688.114C561.908 687.553 561.754 687.117 561.447 686.807C561.144 686.496 560.684 686.341 560.067 686.341C559.427 686.341 558.925 686.481 558.561 686.761C558.197 687.042 557.942 687.341 557.794 687.659L556.521 687.205C556.749 686.674 557.052 686.261 557.43 685.966C557.813 685.667 558.23 685.458 558.68 685.341C559.135 685.22 559.582 685.159 560.021 685.159C560.302 685.159 560.624 685.193 560.987 685.261C561.355 685.326 561.709 685.46 562.05 685.665C562.394 685.869 562.68 686.178 562.908 686.591C563.135 687.004 563.249 687.557 563.249 688.25V694H561.908V692.818H561.839C561.749 693.008 561.597 693.21 561.385 693.426C561.173 693.642 560.891 693.826 560.538 693.977C560.186 694.129 559.756 694.205 559.249 694.205ZM559.453 693C559.983 693 560.43 692.896 560.794 692.688C561.161 692.479 561.438 692.21 561.624 691.881C561.813 691.551 561.908 691.205 561.908 690.841V689.614C561.851 689.682 561.726 689.744 561.533 689.801C561.343 689.854 561.124 689.902 560.874 689.943C560.627 689.981 560.387 690.015 560.152 690.045C559.921 690.072 559.733 690.095 559.589 690.114C559.241 690.159 558.915 690.233 558.612 690.335C558.313 690.434 558.071 690.583 557.885 690.784C557.703 690.981 557.612 691.25 557.612 691.591C557.612 692.057 557.785 692.409 558.129 692.648C558.478 692.883 558.919 693 559.453 693ZM571.878 687.227L570.673 687.568C570.598 687.367 570.486 687.172 570.338 686.983C570.194 686.79 569.997 686.631 569.747 686.506C569.497 686.381 569.177 686.318 568.787 686.318C568.253 686.318 567.808 686.441 567.452 686.688C567.099 686.93 566.923 687.239 566.923 687.614C566.923 687.947 567.045 688.21 567.287 688.403C567.529 688.597 567.908 688.758 568.423 688.886L569.719 689.205C570.499 689.394 571.08 689.684 571.463 690.074C571.846 690.46 572.037 690.958 572.037 691.568C572.037 692.068 571.893 692.515 571.605 692.909C571.321 693.303 570.923 693.614 570.412 693.841C569.901 694.068 569.306 694.182 568.628 694.182C567.738 694.182 567.001 693.989 566.418 693.602C565.834 693.216 565.465 692.652 565.31 691.909L566.582 691.591C566.704 692.061 566.933 692.413 567.27 692.648C567.611 692.883 568.056 693 568.605 693C569.23 693 569.726 692.867 570.094 692.602C570.465 692.333 570.651 692.011 570.651 691.636C570.651 691.333 570.545 691.08 570.332 690.875C570.12 690.667 569.795 690.511 569.355 690.409L567.901 690.068C567.101 689.879 566.514 689.585 566.139 689.188C565.768 688.786 565.582 688.284 565.582 687.682C565.582 687.189 565.721 686.754 565.997 686.375C566.277 685.996 566.658 685.699 567.139 685.483C567.624 685.267 568.173 685.159 568.787 685.159C569.651 685.159 570.329 685.348 570.821 685.727C571.317 686.106 571.67 686.606 571.878 687.227ZM578.555 697.273V685.273H579.851V686.659H580.01C580.108 686.508 580.245 686.314 580.419 686.08C580.597 685.841 580.851 685.629 581.18 685.443C581.514 685.254 581.964 685.159 582.533 685.159C583.268 685.159 583.915 685.343 584.476 685.71C585.036 686.078 585.474 686.598 585.788 687.273C586.103 687.947 586.26 688.742 586.26 689.659C586.26 690.583 586.103 691.384 585.788 692.062C585.474 692.737 585.038 693.259 584.482 693.631C583.925 693.998 583.283 694.182 582.555 694.182C581.995 694.182 581.546 694.089 581.209 693.903C580.872 693.714 580.612 693.5 580.43 693.261C580.249 693.019 580.108 692.818 580.01 692.659H579.896V697.273H578.555ZM579.874 689.636C579.874 690.295 579.97 690.877 580.163 691.381C580.357 691.881 580.639 692.273 581.01 692.557C581.381 692.837 581.836 692.977 582.374 692.977C582.934 692.977 583.402 692.83 583.777 692.534C584.156 692.235 584.44 691.833 584.629 691.33C584.822 690.822 584.919 690.258 584.919 689.636C584.919 689.023 584.824 688.47 584.635 687.977C584.449 687.481 584.167 687.089 583.788 686.801C583.413 686.509 582.942 686.364 582.374 686.364C581.828 686.364 581.37 686.502 580.999 686.778C580.627 687.051 580.347 687.434 580.158 687.926C579.968 688.415 579.874 688.985 579.874 689.636ZM591.964 694.182C591.124 694.182 590.398 693.996 589.788 693.625C589.182 693.25 588.714 692.727 588.385 692.057C588.059 691.383 587.896 690.598 587.896 689.705C587.896 688.811 588.059 688.023 588.385 687.341C588.714 686.655 589.173 686.121 589.76 685.739C590.351 685.352 591.04 685.159 591.828 685.159C592.283 685.159 592.732 685.235 593.175 685.386C593.618 685.538 594.021 685.784 594.385 686.125C594.749 686.462 595.038 686.909 595.254 687.466C595.47 688.023 595.578 688.708 595.578 689.523V690.091H588.851V688.932H594.214C594.214 688.439 594.116 688 593.919 687.614C593.726 687.227 593.449 686.922 593.089 686.699C592.733 686.475 592.313 686.364 591.828 686.364C591.294 686.364 590.832 686.496 590.442 686.761C590.055 687.023 589.758 687.364 589.55 687.784C589.341 688.205 589.237 688.655 589.237 689.136V689.909C589.237 690.568 589.351 691.127 589.578 691.585C589.809 692.04 590.129 692.386 590.538 692.625C590.947 692.86 591.423 692.977 591.964 692.977C592.317 692.977 592.635 692.928 592.919 692.83C593.207 692.727 593.455 692.576 593.663 692.375C593.872 692.17 594.033 691.917 594.146 691.614L595.442 691.977C595.305 692.417 595.076 692.803 594.754 693.136C594.432 693.466 594.035 693.723 593.561 693.909C593.088 694.091 592.555 694.182 591.964 694.182ZM598.959 688.75V694H597.618V685.273H598.913V686.636H599.027C599.232 686.193 599.542 685.837 599.959 685.568C600.375 685.295 600.913 685.159 601.572 685.159C602.163 685.159 602.68 685.28 603.124 685.523C603.567 685.761 603.911 686.125 604.158 686.614C604.404 687.098 604.527 687.712 604.527 688.455V694H603.186V688.545C603.186 687.86 603.008 687.326 602.652 686.943C602.296 686.557 601.807 686.364 601.186 686.364C600.758 686.364 600.375 686.456 600.038 686.642C599.705 686.828 599.442 687.098 599.249 687.455C599.055 687.811 598.959 688.242 598.959 688.75ZM607.528 697.273C607.301 697.273 607.098 697.254 606.92 697.216C606.742 697.182 606.619 697.148 606.551 697.114L606.892 695.932C607.218 696.015 607.506 696.045 607.756 696.023C608.006 696 608.227 695.888 608.42 695.688C608.617 695.491 608.797 695.17 608.96 694.727L609.21 694.045L605.983 685.273H607.438L609.847 692.227H609.938L612.347 685.273H613.801L610.097 695.273C609.93 695.723 609.723 696.097 609.477 696.392C609.231 696.691 608.945 696.913 608.619 697.057C608.297 697.201 607.934 697.273 607.528 697.273ZM617.874 694.205C617.321 694.205 616.819 694.1 616.368 693.892C615.917 693.68 615.559 693.375 615.294 692.977C615.029 692.576 614.896 692.091 614.896 691.523C614.896 691.023 614.995 690.617 615.192 690.307C615.389 689.992 615.652 689.746 615.982 689.568C616.311 689.39 616.675 689.258 617.072 689.17C617.474 689.08 617.877 689.008 618.283 688.955C618.813 688.886 619.243 688.835 619.572 688.801C619.906 688.763 620.148 688.701 620.3 688.614C620.455 688.527 620.533 688.375 620.533 688.159V688.114C620.533 687.553 620.379 687.117 620.072 686.807C619.769 686.496 619.309 686.341 618.692 686.341C618.052 686.341 617.55 686.481 617.186 686.761C616.822 687.042 616.567 687.341 616.419 687.659L615.146 687.205C615.374 686.674 615.677 686.261 616.055 685.966C616.438 685.667 616.855 685.458 617.305 685.341C617.76 685.22 618.207 685.159 618.646 685.159C618.927 685.159 619.249 685.193 619.612 685.261C619.98 685.326 620.334 685.46 620.675 685.665C621.019 685.869 621.305 686.178 621.533 686.591C621.76 687.004 621.874 687.557 621.874 688.25V694H620.533V692.818H620.464C620.374 693.008 620.222 693.21 620.01 693.426C619.798 693.642 619.516 693.826 619.163 693.977C618.811 694.129 618.381 694.205 617.874 694.205ZM618.078 693C618.608 693 619.055 692.896 619.419 692.688C619.786 692.479 620.063 692.21 620.249 691.881C620.438 691.551 620.533 691.205 620.533 690.841V689.614C620.476 689.682 620.351 689.744 620.158 689.801C619.968 689.854 619.749 689.902 619.499 689.943C619.252 689.981 619.012 690.015 618.777 690.045C618.546 690.072 618.358 690.095 618.214 690.114C617.866 690.159 617.54 690.233 617.237 690.335C616.938 690.434 616.696 690.583 616.51 690.784C616.328 690.981 616.237 691.25 616.237 691.591C616.237 692.057 616.41 692.409 616.754 692.648C617.103 692.883 617.544 693 618.078 693ZM625.662 682.364V694H624.321V682.364H625.662ZM633.618 690.432V685.273H634.959V694H633.618V692.523H633.527C633.322 692.966 633.004 693.343 632.572 693.653C632.141 693.96 631.595 694.114 630.936 694.114C630.391 694.114 629.906 693.994 629.482 693.756C629.057 693.513 628.724 693.15 628.482 692.665C628.239 692.176 628.118 691.561 628.118 690.818V685.273H629.459V690.727C629.459 691.364 629.637 691.871 629.993 692.25C630.353 692.629 630.811 692.818 631.368 692.818C631.701 692.818 632.04 692.733 632.385 692.562C632.733 692.392 633.025 692.131 633.26 691.778C633.499 691.426 633.618 690.977 633.618 690.432ZM637.415 694V685.273H638.71V686.591H638.801C638.96 686.159 639.248 685.809 639.665 685.54C640.081 685.271 640.551 685.136 641.074 685.136C641.172 685.136 641.295 685.138 641.443 685.142C641.591 685.146 641.703 685.152 641.778 685.159V686.523C641.733 686.511 641.629 686.494 641.466 686.472C641.307 686.445 641.138 686.432 640.96 686.432C640.536 686.432 640.157 686.521 639.824 686.699C639.494 686.873 639.233 687.116 639.04 687.426C638.85 687.733 638.756 688.083 638.756 688.477V694H637.415ZM645.936 694.205C645.383 694.205 644.881 694.1 644.43 693.892C643.98 693.68 643.622 693.375 643.357 692.977C643.091 692.576 642.959 692.091 642.959 691.523C642.959 691.023 643.057 690.617 643.254 690.307C643.451 689.992 643.714 689.746 644.044 689.568C644.374 689.39 644.737 689.258 645.135 689.17C645.536 689.08 645.94 689.008 646.345 688.955C646.875 688.886 647.305 688.835 647.635 688.801C647.968 688.763 648.211 688.701 648.362 688.614C648.518 688.527 648.595 688.375 648.595 688.159V688.114C648.595 687.553 648.442 687.117 648.135 686.807C647.832 686.496 647.372 686.341 646.754 686.341C646.114 686.341 645.612 686.481 645.249 686.761C644.885 687.042 644.629 687.341 644.482 687.659L643.209 687.205C643.436 686.674 643.739 686.261 644.118 685.966C644.5 685.667 644.917 685.458 645.368 685.341C645.822 685.22 646.269 685.159 646.709 685.159C646.989 685.159 647.311 685.193 647.675 685.261C648.042 685.326 648.396 685.46 648.737 685.665C649.082 685.869 649.368 686.178 649.595 686.591C649.822 687.004 649.936 687.557 649.936 688.25V694H648.595V692.818H648.527C648.436 693.008 648.285 693.21 648.072 693.426C647.86 693.642 647.578 693.826 647.226 693.977C646.874 694.129 646.444 694.205 645.936 694.205ZM646.141 693C646.671 693 647.118 692.896 647.482 692.688C647.849 692.479 648.125 692.21 648.311 691.881C648.5 691.551 648.595 691.205 648.595 690.841V689.614C648.538 689.682 648.413 689.744 648.22 689.801C648.031 689.854 647.811 689.902 647.561 689.943C647.315 689.981 647.074 690.015 646.839 690.045C646.608 690.072 646.421 690.095 646.277 690.114C645.929 690.159 645.603 690.233 645.3 690.335C645 690.434 644.758 690.583 644.572 690.784C644.391 690.981 644.3 691.25 644.3 691.591C644.3 692.057 644.472 692.409 644.817 692.648C645.165 692.883 645.607 693 646.141 693ZM653.724 688.75V694H652.384V685.273H653.679V686.636H653.793C653.997 686.193 654.308 685.837 654.724 685.568C655.141 685.295 655.679 685.159 656.338 685.159C656.929 685.159 657.446 685.28 657.889 685.523C658.332 685.761 658.677 686.125 658.923 686.614C659.17 687.098 659.293 687.712 659.293 688.455V694H657.952V688.545C657.952 687.86 657.774 687.326 657.418 686.943C657.062 686.557 656.573 686.364 655.952 686.364C655.524 686.364 655.141 686.456 654.804 686.642C654.471 686.828 654.207 687.098 654.014 687.455C653.821 687.811 653.724 688.242 653.724 688.75ZM666.425 694V682.364H667.766V686.659H667.879C667.978 686.508 668.114 686.314 668.288 686.08C668.466 685.841 668.72 685.629 669.05 685.443C669.383 685.254 669.834 685.159 670.402 685.159C671.137 685.159 671.785 685.343 672.345 685.71C672.906 686.078 673.343 686.598 673.658 687.273C673.972 687.947 674.129 688.742 674.129 689.659C674.129 690.583 673.972 691.384 673.658 692.062C673.343 692.737 672.908 693.259 672.351 693.631C671.794 693.998 671.152 694.182 670.425 694.182C669.864 694.182 669.415 694.089 669.078 693.903C668.741 693.714 668.482 693.5 668.3 693.261C668.118 693.019 667.978 692.818 667.879 692.659H667.72V694H666.425ZM667.743 689.636C667.743 690.295 667.839 690.877 668.033 691.381C668.226 691.881 668.508 692.273 668.879 692.557C669.25 692.837 669.705 692.977 670.243 692.977C670.804 692.977 671.271 692.83 671.646 692.534C672.025 692.235 672.309 691.833 672.499 691.33C672.692 690.822 672.788 690.258 672.788 689.636C672.788 689.023 672.694 688.47 672.504 687.977C672.319 687.481 672.036 687.089 671.658 686.801C671.283 686.509 670.811 686.364 670.243 686.364C669.697 686.364 669.239 686.502 668.868 686.778C668.497 687.051 668.216 687.434 668.027 687.926C667.838 688.415 667.743 688.985 667.743 689.636ZM678.749 694.205C678.196 694.205 677.694 694.1 677.243 693.892C676.792 693.68 676.434 693.375 676.169 692.977C675.904 692.576 675.771 692.091 675.771 691.523C675.771 691.023 675.87 690.617 676.067 690.307C676.264 689.992 676.527 689.746 676.857 689.568C677.186 689.39 677.55 689.258 677.947 689.17C678.349 689.08 678.752 689.008 679.158 688.955C679.688 688.886 680.118 688.835 680.447 688.801C680.781 688.763 681.023 688.701 681.175 688.614C681.33 688.527 681.408 688.375 681.408 688.159V688.114C681.408 687.553 681.254 687.117 680.947 686.807C680.644 686.496 680.184 686.341 679.567 686.341C678.927 686.341 678.425 686.481 678.061 686.761C677.697 687.042 677.442 687.341 677.294 687.659L676.021 687.205C676.249 686.674 676.552 686.261 676.93 685.966C677.313 685.667 677.73 685.458 678.18 685.341C678.635 685.22 679.082 685.159 679.521 685.159C679.802 685.159 680.124 685.193 680.487 685.261C680.855 685.326 681.209 685.46 681.55 685.665C681.894 685.869 682.18 686.178 682.408 686.591C682.635 687.004 682.749 687.557 682.749 688.25V694H681.408V692.818H681.339C681.249 693.008 681.097 693.21 680.885 693.426C680.673 693.642 680.391 693.826 680.038 693.977C679.686 694.129 679.256 694.205 678.749 694.205ZM678.953 693C679.483 693 679.93 692.896 680.294 692.688C680.661 692.479 680.938 692.21 681.124 691.881C681.313 691.551 681.408 691.205 681.408 690.841V689.614C681.351 689.682 681.226 689.744 681.033 689.801C680.843 689.854 680.624 689.902 680.374 689.943C680.127 689.981 679.887 690.015 679.652 690.045C679.421 690.072 679.233 690.095 679.089 690.114C678.741 690.159 678.415 690.233 678.112 690.335C677.813 690.434 677.571 690.583 677.385 690.784C677.203 690.981 677.112 691.25 677.112 691.591C677.112 692.057 677.285 692.409 677.629 692.648C677.978 692.883 678.419 693 678.953 693ZM686.537 688.75V694H685.196V685.273H686.491V686.636H686.605C686.81 686.193 687.12 685.837 687.537 685.568C687.954 685.295 688.491 685.159 689.151 685.159C689.741 685.159 690.259 685.28 690.702 685.523C691.145 685.761 691.49 686.125 691.736 686.614C691.982 687.098 692.105 687.712 692.105 688.455V694H690.764V688.545C690.764 687.86 690.586 687.326 690.23 686.943C689.874 686.557 689.385 686.364 688.764 686.364C688.336 686.364 687.954 686.456 687.616 686.642C687.283 686.828 687.02 687.098 686.827 687.455C686.634 687.811 686.537 688.242 686.537 688.75ZM698.351 685.273V686.409H693.828V685.273H698.351ZM695.146 683.182H696.487V691.5C696.487 691.879 696.542 692.163 696.652 692.352C696.766 692.538 696.91 692.663 697.084 692.727C697.262 692.788 697.449 692.818 697.646 692.818C697.794 692.818 697.915 692.811 698.01 692.795C698.105 692.777 698.18 692.761 698.237 692.75L698.51 693.955C698.419 693.989 698.292 694.023 698.129 694.057C697.966 694.095 697.76 694.114 697.51 694.114C697.131 694.114 696.76 694.032 696.396 693.869C696.036 693.706 695.737 693.458 695.499 693.125C695.264 692.792 695.146 692.371 695.146 691.864V683.182ZM705.868 690.432V685.273H707.209V694H705.868V692.523H705.777C705.572 692.966 705.254 693.343 704.822 693.653C704.391 693.96 703.845 694.114 703.186 694.114C702.641 694.114 702.156 693.994 701.732 693.756C701.307 693.513 700.974 693.15 700.732 692.665C700.489 692.176 700.368 691.561 700.368 690.818V685.273H701.709V690.727C701.709 691.364 701.887 691.871 702.243 692.25C702.603 692.629 703.061 692.818 703.618 692.818C703.951 692.818 704.29 692.733 704.635 692.562C704.983 692.392 705.275 692.131 705.51 691.778C705.749 691.426 705.868 690.977 705.868 690.432ZM712.233 694.205C711.68 694.205 711.178 694.1 710.727 693.892C710.277 693.68 709.919 693.375 709.653 692.977C709.388 692.576 709.256 692.091 709.256 691.523C709.256 691.023 709.354 690.617 709.551 690.307C709.748 689.992 710.011 689.746 710.341 689.568C710.67 689.39 711.034 689.258 711.432 689.17C711.833 689.08 712.237 689.008 712.642 688.955C713.172 688.886 713.602 688.835 713.932 688.801C714.265 688.763 714.508 688.701 714.659 688.614C714.814 688.527 714.892 688.375 714.892 688.159V688.114C714.892 687.553 714.739 687.117 714.432 686.807C714.129 686.496 713.669 686.341 713.051 686.341C712.411 686.341 711.909 686.481 711.545 686.761C711.182 687.042 710.926 687.341 710.778 687.659L709.506 687.205C709.733 686.674 710.036 686.261 710.415 685.966C710.797 685.667 711.214 685.458 711.665 685.341C712.119 685.22 712.566 685.159 713.006 685.159C713.286 685.159 713.608 685.193 713.972 685.261C714.339 685.326 714.693 685.46 715.034 685.665C715.379 685.869 715.665 686.178 715.892 686.591C716.119 687.004 716.233 687.557 716.233 688.25V694H714.892V692.818H714.824C714.733 693.008 714.581 693.21 714.369 693.426C714.157 693.642 713.875 693.826 713.523 693.977C713.17 694.129 712.741 694.205 712.233 694.205ZM712.438 693C712.968 693 713.415 692.896 713.778 692.688C714.146 692.479 714.422 692.21 714.608 691.881C714.797 691.551 714.892 691.205 714.892 690.841V689.614C714.835 689.682 714.71 689.744 714.517 689.801C714.328 689.854 714.108 689.902 713.858 689.943C713.612 689.981 713.371 690.015 713.136 690.045C712.905 690.072 712.718 690.095 712.574 690.114C712.225 690.159 711.9 690.233 711.597 690.335C711.297 690.434 711.055 690.583 710.869 690.784C710.688 690.981 710.597 691.25 710.597 691.591C710.597 692.057 710.769 692.409 711.114 692.648C711.462 692.883 711.903 693 712.438 693ZM720.021 688.75V694H718.68V685.273H719.976V686.636H720.089C720.294 686.193 720.605 685.837 721.021 685.568C721.438 685.295 721.976 685.159 722.635 685.159C723.226 685.159 723.743 685.28 724.186 685.523C724.629 685.761 724.974 686.125 725.22 686.614C725.466 687.098 725.589 687.712 725.589 688.455V694H724.249V688.545C724.249 687.86 724.071 687.326 723.714 686.943C723.358 686.557 722.87 686.364 722.249 686.364C721.821 686.364 721.438 686.456 721.101 686.642C720.768 686.828 720.504 687.098 720.311 687.455C720.118 687.811 720.021 688.242 720.021 688.75ZM738.722 687.227L737.517 687.568C737.441 687.367 737.33 687.172 737.182 686.983C737.038 686.79 736.841 686.631 736.591 686.506C736.341 686.381 736.021 686.318 735.631 686.318C735.097 686.318 734.652 686.441 734.295 686.688C733.943 686.93 733.767 687.239 733.767 687.614C733.767 687.947 733.888 688.21 734.131 688.403C734.373 688.597 734.752 688.758 735.267 688.886L736.562 689.205C737.343 689.394 737.924 689.684 738.307 690.074C738.689 690.46 738.881 690.958 738.881 691.568C738.881 692.068 738.737 692.515 738.449 692.909C738.165 693.303 737.767 693.614 737.256 693.841C736.744 694.068 736.15 694.182 735.472 694.182C734.581 694.182 733.845 693.989 733.261 693.602C732.678 693.216 732.309 692.652 732.153 691.909L733.426 691.591C733.547 692.061 733.777 692.413 734.114 692.648C734.455 692.883 734.9 693 735.449 693C736.074 693 736.57 692.867 736.938 692.602C737.309 692.333 737.494 692.011 737.494 691.636C737.494 691.333 737.388 691.08 737.176 690.875C736.964 690.667 736.638 690.511 736.199 690.409L734.744 690.068C733.945 689.879 733.358 689.585 732.983 689.188C732.612 688.786 732.426 688.284 732.426 687.682C732.426 687.189 732.564 686.754 732.841 686.375C733.121 685.996 733.502 685.699 733.983 685.483C734.468 685.267 735.017 685.159 735.631 685.159C736.494 685.159 737.172 685.348 737.665 685.727C738.161 686.106 738.513 686.606 738.722 687.227ZM744.558 694.182C743.717 694.182 742.992 693.996 742.382 693.625C741.776 693.25 741.308 692.727 740.979 692.057C740.653 691.383 740.49 690.598 740.49 689.705C740.49 688.811 740.653 688.023 740.979 687.341C741.308 686.655 741.767 686.121 742.354 685.739C742.945 685.352 743.634 685.159 744.422 685.159C744.876 685.159 745.325 685.235 745.768 685.386C746.212 685.538 746.615 685.784 746.979 686.125C747.342 686.462 747.632 686.909 747.848 687.466C748.064 688.023 748.172 688.708 748.172 689.523V690.091H741.445V688.932H746.808C746.808 688.439 746.71 688 746.513 687.614C746.32 687.227 746.043 686.922 745.683 686.699C745.327 686.475 744.907 686.364 744.422 686.364C743.888 686.364 743.426 686.496 743.036 686.761C742.649 687.023 742.352 687.364 742.143 687.784C741.935 688.205 741.831 688.655 741.831 689.136V689.909C741.831 690.568 741.945 691.127 742.172 691.585C742.403 692.04 742.723 692.386 743.132 692.625C743.541 692.86 744.017 692.977 744.558 692.977C744.911 692.977 745.229 692.928 745.513 692.83C745.801 692.727 746.049 692.576 746.257 692.375C746.465 692.17 746.626 691.917 746.74 691.614L748.036 691.977C747.899 692.417 747.67 692.803 747.348 693.136C747.026 693.466 746.628 693.723 746.155 693.909C745.681 694.091 745.149 694.182 744.558 694.182ZM750.212 694V685.273H751.507V686.636H751.621C751.803 686.17 752.096 685.809 752.501 685.551C752.907 685.29 753.393 685.159 753.962 685.159C754.537 685.159 755.017 685.29 755.399 685.551C755.786 685.809 756.087 686.17 756.303 686.636H756.393C756.617 686.186 756.952 685.828 757.399 685.562C757.846 685.294 758.382 685.159 759.007 685.159C759.787 685.159 760.426 685.403 760.922 685.892C761.418 686.377 761.666 687.133 761.666 688.159V694H760.325V688.159C760.325 687.515 760.149 687.055 759.797 686.778C759.445 686.502 759.03 686.364 758.553 686.364C757.939 686.364 757.464 686.549 757.126 686.92C756.789 687.288 756.621 687.754 756.621 688.318V694H755.257V688.023C755.257 687.527 755.096 687.127 754.774 686.824C754.452 686.517 754.037 686.364 753.53 686.364C753.181 686.364 752.856 686.456 752.553 686.642C752.253 686.828 752.011 687.085 751.825 687.415C751.643 687.741 751.553 688.117 751.553 688.545V694H750.212ZM764.3 694V682.364H765.641V686.659H765.754C765.853 686.508 765.989 686.314 766.163 686.08C766.341 685.841 766.595 685.629 766.925 685.443C767.258 685.254 767.709 685.159 768.277 685.159C769.012 685.159 769.66 685.343 770.22 685.71C770.781 686.078 771.218 686.598 771.533 687.273C771.847 687.947 772.004 688.742 772.004 689.659C772.004 690.583 771.847 691.384 771.533 692.062C771.218 692.737 770.783 693.259 770.226 693.631C769.669 693.998 769.027 694.182 768.3 694.182C767.739 694.182 767.29 694.089 766.953 693.903C766.616 693.714 766.357 693.5 766.175 693.261C765.993 693.019 765.853 692.818 765.754 692.659H765.595V694H764.3ZM765.618 689.636C765.618 690.295 765.714 690.877 765.908 691.381C766.101 691.881 766.383 692.273 766.754 692.557C767.125 692.837 767.58 692.977 768.118 692.977C768.679 692.977 769.146 692.83 769.521 692.534C769.9 692.235 770.184 691.833 770.374 691.33C770.567 690.822 770.663 690.258 770.663 689.636C770.663 689.023 770.569 688.47 770.379 687.977C770.194 687.481 769.911 687.089 769.533 686.801C769.158 686.509 768.686 686.364 768.118 686.364C767.572 686.364 767.114 686.502 766.743 686.778C766.372 687.051 766.091 687.434 765.902 687.926C765.713 688.415 765.618 688.985 765.618 689.636ZM776.624 694.205C776.071 694.205 775.569 694.1 775.118 693.892C774.667 693.68 774.309 693.375 774.044 692.977C773.779 692.576 773.646 692.091 773.646 691.523C773.646 691.023 773.745 690.617 773.942 690.307C774.139 689.992 774.402 689.746 774.732 689.568C775.061 689.39 775.425 689.258 775.822 689.17C776.224 689.08 776.627 689.008 777.033 688.955C777.563 688.886 777.993 688.835 778.322 688.801C778.656 688.763 778.898 688.701 779.05 688.614C779.205 688.527 779.283 688.375 779.283 688.159V688.114C779.283 687.553 779.129 687.117 778.822 686.807C778.519 686.496 778.059 686.341 777.442 686.341C776.802 686.341 776.3 686.481 775.936 686.761C775.572 687.042 775.317 687.341 775.169 687.659L773.896 687.205C774.124 686.674 774.427 686.261 774.805 685.966C775.188 685.667 775.605 685.458 776.055 685.341C776.51 685.22 776.957 685.159 777.396 685.159C777.677 685.159 777.999 685.193 778.362 685.261C778.73 685.326 779.084 685.46 779.425 685.665C779.769 685.869 780.055 686.178 780.283 686.591C780.51 687.004 780.624 687.557 780.624 688.25V694H779.283V692.818H779.214C779.124 693.008 778.972 693.21 778.76 693.426C778.548 693.642 778.266 693.826 777.913 693.977C777.561 694.129 777.131 694.205 776.624 694.205ZM776.828 693C777.358 693 777.805 692.896 778.169 692.688C778.536 692.479 778.813 692.21 778.999 691.881C779.188 691.551 779.283 691.205 779.283 690.841V689.614C779.226 689.682 779.101 689.744 778.908 689.801C778.718 689.854 778.499 689.902 778.249 689.943C778.002 689.981 777.762 690.015 777.527 690.045C777.296 690.072 777.108 690.095 776.964 690.114C776.616 690.159 776.29 690.233 775.987 690.335C775.688 690.434 775.446 690.583 775.26 690.784C775.078 690.981 774.987 691.25 774.987 691.591C774.987 692.057 775.16 692.409 775.504 692.648C775.853 692.883 776.294 693 776.828 693ZM784.321 690.818L784.298 689.159H784.571L788.389 685.273H790.048L785.98 689.386H785.866L784.321 690.818ZM783.071 694V682.364H784.412V694H783.071ZM788.616 694L785.207 689.682L786.162 688.75L790.321 694H788.616ZM794.96 694.182C794.172 694.182 793.481 693.994 792.886 693.619C792.295 693.244 791.833 692.72 791.5 692.045C791.17 691.371 791.006 690.583 791.006 689.682C791.006 688.773 791.17 687.979 791.5 687.301C791.833 686.623 792.295 686.097 792.886 685.722C793.481 685.347 794.172 685.159 794.96 685.159C795.748 685.159 796.438 685.347 797.028 685.722C797.623 686.097 798.085 686.623 798.415 687.301C798.748 687.979 798.915 688.773 798.915 689.682C798.915 690.583 798.748 691.371 798.415 692.045C798.085 692.72 797.623 693.244 797.028 693.619C796.438 693.994 795.748 694.182 794.96 694.182ZM794.96 692.977C795.559 692.977 796.051 692.824 796.438 692.517C796.824 692.21 797.11 691.807 797.295 691.307C797.481 690.807 797.574 690.265 797.574 689.682C797.574 689.098 797.481 688.555 797.295 688.051C797.11 687.547 796.824 687.14 796.438 686.83C796.051 686.519 795.559 686.364 794.96 686.364C794.362 686.364 793.869 686.519 793.483 686.83C793.097 687.14 792.811 687.547 792.625 688.051C792.439 688.555 792.347 689.098 792.347 689.682C792.347 690.265 792.439 690.807 792.625 691.307C792.811 691.807 793.097 692.21 793.483 692.517C793.869 692.824 794.362 692.977 794.96 692.977ZM808.757 694.182C808.03 694.182 807.388 693.998 806.831 693.631C806.274 693.259 805.839 692.737 805.524 692.062C805.21 691.384 805.053 690.583 805.053 689.659C805.053 688.742 805.21 687.947 805.524 687.273C805.839 686.598 806.276 686.078 806.837 685.71C807.397 685.343 808.045 685.159 808.78 685.159C809.348 685.159 809.797 685.254 810.126 685.443C810.46 685.629 810.714 685.841 810.888 686.08C811.066 686.314 811.204 686.508 811.303 686.659H811.416V682.364H812.757V694H811.462V692.659H811.303C811.204 692.818 811.064 693.019 810.882 693.261C810.7 693.5 810.441 693.714 810.104 693.903C809.767 694.089 809.318 694.182 808.757 694.182ZM808.939 692.977C809.477 692.977 809.931 692.837 810.303 692.557C810.674 692.273 810.956 691.881 811.149 691.381C811.342 690.877 811.439 690.295 811.439 689.636C811.439 688.985 811.344 688.415 811.155 687.926C810.965 687.434 810.685 687.051 810.314 686.778C809.943 686.502 809.484 686.364 808.939 686.364C808.371 686.364 807.897 686.509 807.518 686.801C807.143 687.089 806.861 687.481 806.672 687.977C806.486 688.47 806.393 689.023 806.393 689.636C806.393 690.258 806.488 690.822 806.678 691.33C806.871 691.833 807.155 692.235 807.53 692.534C807.909 692.83 808.378 692.977 808.939 692.977ZM817.967 694.205C817.414 694.205 816.912 694.1 816.462 693.892C816.011 693.68 815.653 693.375 815.388 692.977C815.123 692.576 814.99 692.091 814.99 691.523C814.99 691.023 815.089 690.617 815.286 690.307C815.482 689.992 815.746 689.746 816.075 689.568C816.405 689.39 816.768 689.258 817.166 689.17C817.568 689.08 817.971 689.008 818.376 688.955C818.907 688.886 819.337 688.835 819.666 688.801C820 688.763 820.242 688.701 820.393 688.614C820.549 688.527 820.626 688.375 820.626 688.159V688.114C820.626 687.553 820.473 687.117 820.166 686.807C819.863 686.496 819.403 686.341 818.786 686.341C818.145 686.341 817.643 686.481 817.28 686.761C816.916 687.042 816.661 687.341 816.513 687.659L815.24 687.205C815.467 686.674 815.77 686.261 816.149 685.966C816.532 685.667 816.948 685.458 817.399 685.341C817.854 685.22 818.301 685.159 818.74 685.159C819.02 685.159 819.342 685.193 819.706 685.261C820.073 685.326 820.428 685.46 820.768 685.665C821.113 685.869 821.399 686.178 821.626 686.591C821.854 687.004 821.967 687.557 821.967 688.25V694H820.626V692.818H820.558C820.467 693.008 820.316 693.21 820.104 693.426C819.892 693.642 819.609 693.826 819.257 693.977C818.905 694.129 818.475 694.205 817.967 694.205ZM818.172 693C818.702 693 819.149 692.896 819.513 692.688C819.88 692.479 820.157 692.21 820.342 691.881C820.532 691.551 820.626 691.205 820.626 690.841V689.614C820.57 689.682 820.445 689.744 820.251 689.801C820.062 689.854 819.842 689.902 819.592 689.943C819.346 689.981 819.106 690.015 818.871 690.045C818.64 690.072 818.452 690.095 818.308 690.114C817.96 690.159 817.634 690.233 817.331 690.335C817.032 690.434 816.789 690.583 816.604 690.784C816.422 690.981 816.331 691.25 816.331 691.591C816.331 692.057 816.503 692.409 816.848 692.648C817.196 692.883 817.638 693 818.172 693ZM825.756 688.75V694H824.415V685.273H825.71V686.636H825.824C826.028 686.193 826.339 685.837 826.756 685.568C827.172 685.295 827.71 685.159 828.369 685.159C828.96 685.159 829.477 685.28 829.92 685.523C830.364 685.761 830.708 686.125 830.955 686.614C831.201 687.098 831.324 687.712 831.324 688.455V694H829.983V688.545C829.983 687.86 829.805 687.326 829.449 686.943C829.093 686.557 828.604 686.364 827.983 686.364C827.555 686.364 827.172 686.456 826.835 686.642C826.502 686.828 826.239 687.098 826.045 687.455C825.852 687.811 825.756 688.242 825.756 688.75ZM838.274 697.273V685.273H839.57V686.659H839.729C839.827 686.508 839.964 686.314 840.138 686.08C840.316 685.841 840.57 685.629 840.899 685.443C841.232 685.254 841.683 685.159 842.251 685.159C842.986 685.159 843.634 685.343 844.195 685.71C844.755 686.078 845.193 686.598 845.507 687.273C845.821 687.947 845.979 688.742 845.979 689.659C845.979 690.583 845.821 691.384 845.507 692.062C845.193 692.737 844.757 693.259 844.2 693.631C843.643 693.998 843.001 694.182 842.274 694.182C841.714 694.182 841.265 694.089 840.928 693.903C840.59 693.714 840.331 693.5 840.149 693.261C839.967 693.019 839.827 692.818 839.729 692.659H839.615V697.273H838.274ZM839.592 689.636C839.592 690.295 839.689 690.877 839.882 691.381C840.075 691.881 840.357 692.273 840.729 692.557C841.1 692.837 841.554 692.977 842.092 692.977C842.653 692.977 843.121 692.83 843.496 692.534C843.875 692.235 844.159 691.833 844.348 691.33C844.541 690.822 844.638 690.258 844.638 689.636C844.638 689.023 844.543 688.47 844.354 687.977C844.168 687.481 843.886 687.089 843.507 686.801C843.132 686.509 842.661 686.364 842.092 686.364C841.547 686.364 841.089 686.502 840.717 686.778C840.346 687.051 840.066 687.434 839.876 687.926C839.687 688.415 839.592 688.985 839.592 689.636ZM851.683 694.182C850.842 694.182 850.117 693.996 849.507 693.625C848.901 693.25 848.433 692.727 848.104 692.057C847.778 691.383 847.615 690.598 847.615 689.705C847.615 688.811 847.778 688.023 848.104 687.341C848.433 686.655 848.892 686.121 849.479 685.739C850.07 685.352 850.759 685.159 851.547 685.159C852.001 685.159 852.45 685.235 852.893 685.386C853.337 685.538 853.74 685.784 854.104 686.125C854.467 686.462 854.757 686.909 854.973 687.466C855.189 688.023 855.297 688.708 855.297 689.523V690.091H848.57V688.932H853.933C853.933 688.439 853.835 688 853.638 687.614C853.445 687.227 853.168 686.922 852.808 686.699C852.452 686.475 852.032 686.364 851.547 686.364C851.013 686.364 850.551 686.496 850.161 686.761C849.774 687.023 849.477 687.364 849.268 687.784C849.06 688.205 848.956 688.655 848.956 689.136V689.909C848.956 690.568 849.07 691.127 849.297 691.585C849.528 692.04 849.848 692.386 850.257 692.625C850.666 692.86 851.142 692.977 851.683 692.977C852.036 692.977 852.354 692.928 852.638 692.83C852.926 692.727 853.174 692.576 853.382 692.375C853.59 692.17 853.751 691.917 853.865 691.614L855.161 691.977C855.024 692.417 854.795 692.803 854.473 693.136C854.151 693.466 853.753 693.723 853.28 693.909C852.806 694.091 852.274 694.182 851.683 694.182ZM858.678 688.75V694H857.337V685.273H858.632V686.636H858.746C858.95 686.193 859.261 685.837 859.678 685.568C860.094 685.295 860.632 685.159 861.291 685.159C861.882 685.159 862.399 685.28 862.842 685.523C863.286 685.761 863.63 686.125 863.876 686.614C864.123 687.098 864.246 687.712 864.246 688.455V694H862.905V688.545C862.905 687.86 862.727 687.326 862.371 686.943C862.015 686.557 861.526 686.364 860.905 686.364C860.477 686.364 860.094 686.456 859.757 686.642C859.424 686.828 859.161 687.098 858.967 687.455C858.774 687.811 858.678 688.242 858.678 688.75ZM870.219 697.455C869.571 697.455 869.014 697.371 868.548 697.205C868.082 697.042 867.694 696.826 867.384 696.557C867.077 696.292 866.832 696.008 866.651 695.705L867.719 694.955C867.84 695.114 867.993 695.295 868.179 695.5C868.365 695.708 868.618 695.888 868.94 696.04C869.266 696.195 869.692 696.273 870.219 696.273C870.923 696.273 871.505 696.102 871.963 695.761C872.421 695.42 872.651 694.886 872.651 694.159V692.386H872.537C872.438 692.545 872.298 692.742 872.116 692.977C871.938 693.208 871.681 693.415 871.344 693.597C871.01 693.775 870.56 693.864 869.991 693.864C869.287 693.864 868.654 693.697 868.094 693.364C867.537 693.03 867.096 692.545 866.77 691.909C866.448 691.273 866.287 690.5 866.287 689.591C866.287 688.697 866.444 687.919 866.759 687.256C867.073 686.589 867.51 686.074 868.071 685.71C868.632 685.343 869.279 685.159 870.014 685.159C870.582 685.159 871.033 685.254 871.366 685.443C871.704 685.629 871.961 685.841 872.139 686.08C872.321 686.314 872.461 686.508 872.56 686.659H872.696V685.273H873.991V694.25C873.991 695 873.821 695.61 873.48 696.08C873.143 696.553 872.688 696.9 872.116 697.119C871.548 697.343 870.916 697.455 870.219 697.455ZM870.173 692.659C870.711 692.659 871.166 692.536 871.537 692.29C871.908 692.044 872.19 691.689 872.384 691.227C872.577 690.765 872.673 690.212 872.673 689.568C872.673 688.939 872.579 688.384 872.389 687.903C872.2 687.422 871.92 687.045 871.548 686.773C871.177 686.5 870.719 686.364 870.173 686.364C869.605 686.364 869.132 686.508 868.753 686.795C868.378 687.083 868.096 687.47 867.906 687.955C867.721 688.439 867.628 688.977 867.628 689.568C867.628 690.174 867.723 690.71 867.912 691.176C868.105 691.638 868.389 692.002 868.764 692.267C869.143 692.528 869.613 692.659 870.173 692.659ZM879.014 694.205C878.461 694.205 877.959 694.1 877.509 693.892C877.058 693.68 876.7 693.375 876.435 692.977C876.17 692.576 876.037 692.091 876.037 691.523C876.037 691.023 876.135 690.617 876.332 690.307C876.529 689.992 876.793 689.746 877.122 689.568C877.452 689.39 877.815 689.258 878.213 689.17C878.615 689.08 879.018 689.008 879.423 688.955C879.954 688.886 880.384 688.835 880.713 688.801C881.046 688.763 881.289 688.701 881.44 688.614C881.596 688.527 881.673 688.375 881.673 688.159V688.114C881.673 687.553 881.52 687.117 881.213 686.807C880.91 686.496 880.45 686.341 879.832 686.341C879.192 686.341 878.69 686.481 878.327 686.761C877.963 687.042 877.707 687.341 877.56 687.659L876.287 687.205C876.514 686.674 876.817 686.261 877.196 685.966C877.579 685.667 877.995 685.458 878.446 685.341C878.901 685.22 879.348 685.159 879.787 685.159C880.067 685.159 880.389 685.193 880.753 685.261C881.12 685.326 881.474 685.46 881.815 685.665C882.16 685.869 882.446 686.178 882.673 686.591C882.901 687.004 883.014 687.557 883.014 688.25V694H881.673V692.818H881.605C881.514 693.008 881.363 693.21 881.151 693.426C880.938 693.642 880.656 693.826 880.304 693.977C879.952 694.129 879.522 694.205 879.014 694.205ZM879.219 693C879.749 693 880.196 692.896 880.56 692.688C880.927 692.479 881.204 692.21 881.389 691.881C881.579 691.551 881.673 691.205 881.673 690.841V689.614C881.616 689.682 881.491 689.744 881.298 689.801C881.109 689.854 880.889 689.902 880.639 689.943C880.393 689.981 880.152 690.015 879.918 690.045C879.687 690.072 879.499 690.095 879.355 690.114C879.007 690.159 878.681 690.233 878.378 690.335C878.079 690.434 877.836 690.583 877.651 690.784C877.469 690.981 877.378 691.25 877.378 691.591C877.378 692.057 877.55 692.409 877.895 692.648C878.243 692.883 878.685 693 879.219 693ZM886.712 690.818L886.689 689.159H886.962L890.78 685.273H892.439L888.371 689.386H888.257L886.712 690.818ZM885.462 694V682.364H886.803V694H885.462ZM891.007 694L887.598 689.682L888.553 688.75L892.712 694H891.007ZM897.96 685.273V686.409H893.438V685.273H897.96ZM894.756 683.182H896.097V691.5C896.097 691.879 896.152 692.163 896.261 692.352C896.375 692.538 896.519 692.663 896.693 692.727C896.871 692.788 897.059 692.818 897.256 692.818C897.403 692.818 897.525 692.811 897.619 692.795C897.714 692.777 897.79 692.761 897.847 692.75L898.119 693.955C898.028 693.989 897.902 694.023 897.739 694.057C897.576 694.095 897.369 694.114 897.119 694.114C896.741 694.114 896.369 694.032 896.006 693.869C895.646 693.706 895.347 693.458 895.108 693.125C894.873 692.792 894.756 692.371 894.756 691.864V683.182ZM899.977 694V685.273H901.318V694H899.977ZM900.659 683.818C900.398 683.818 900.172 683.729 899.983 683.551C899.797 683.373 899.705 683.159 899.705 682.909C899.705 682.659 899.797 682.445 899.983 682.267C900.172 682.089 900.398 682 900.659 682C900.92 682 901.144 682.089 901.33 682.267C901.519 682.445 901.614 682.659 901.614 682.909C901.614 683.159 901.519 683.373 901.33 683.551C901.144 683.729 900.92 683.818 900.659 683.818ZM907.661 685.273V686.409H902.956V685.273H907.661ZM904.365 694V684.068C904.365 683.568 904.482 683.152 904.717 682.818C904.952 682.485 905.257 682.235 905.632 682.068C906.007 681.902 906.403 681.818 906.82 681.818C907.149 681.818 907.418 681.845 907.626 681.898C907.835 681.951 907.99 682 908.092 682.045L907.706 683.205C907.638 683.182 907.543 683.153 907.422 683.119C907.304 683.085 907.149 683.068 906.956 683.068C906.513 683.068 906.193 683.18 905.996 683.403C905.803 683.627 905.706 683.955 905.706 684.386V694H904.365ZM911.858 694.205C911.305 694.205 910.803 694.1 910.352 693.892C909.902 693.68 909.544 693.375 909.278 692.977C909.013 692.576 908.881 692.091 908.881 691.523C908.881 691.023 908.979 690.617 909.176 690.307C909.373 689.992 909.636 689.746 909.966 689.568C910.295 689.39 910.659 689.258 911.057 689.17C911.458 689.08 911.862 689.008 912.267 688.955C912.797 688.886 913.227 688.835 913.557 688.801C913.89 688.763 914.133 688.701 914.284 688.614C914.439 688.527 914.517 688.375 914.517 688.159V688.114C914.517 687.553 914.364 687.117 914.057 686.807C913.754 686.496 913.294 686.341 912.676 686.341C912.036 686.341 911.534 686.481 911.17 686.761C910.807 687.042 910.551 687.341 910.403 687.659L909.131 687.205C909.358 686.674 909.661 686.261 910.04 685.966C910.422 685.667 910.839 685.458 911.29 685.341C911.744 685.22 912.191 685.159 912.631 685.159C912.911 685.159 913.233 685.193 913.597 685.261C913.964 685.326 914.318 685.46 914.659 685.665C915.004 685.869 915.29 686.178 915.517 686.591C915.744 687.004 915.858 687.557 915.858 688.25V694H914.517V692.818H914.449C914.358 693.008 914.206 693.21 913.994 693.426C913.782 693.642 913.5 693.826 913.148 693.977C912.795 694.129 912.366 694.205 911.858 694.205ZM912.062 693C912.593 693 913.04 692.896 913.403 692.688C913.771 692.479 914.047 692.21 914.233 691.881C914.422 691.551 914.517 691.205 914.517 690.841V689.614C914.46 689.682 914.335 689.744 914.142 689.801C913.953 689.854 913.733 689.902 913.483 689.943C913.237 689.981 912.996 690.015 912.761 690.045C912.53 690.072 912.343 690.095 912.199 690.114C911.85 690.159 911.525 690.233 911.222 690.335C910.922 690.434 910.68 690.583 910.494 690.784C910.313 690.981 910.222 691.25 910.222 691.591C910.222 692.057 910.394 692.409 910.739 692.648C911.087 692.883 911.528 693 912.062 693ZM919.646 688.75V694H918.305V685.273H919.601V686.636H919.714C919.919 686.193 920.23 685.837 920.646 685.568C921.063 685.295 921.601 685.159 922.26 685.159C922.851 685.159 923.368 685.28 923.811 685.523C924.254 685.761 924.599 686.125 924.845 686.614C925.091 687.098 925.214 687.712 925.214 688.455V694H923.874V688.545C923.874 687.86 923.696 687.326 923.339 686.943C922.983 686.557 922.495 686.364 921.874 686.364C921.446 686.364 921.063 686.456 920.726 686.642C920.393 686.828 920.129 687.098 919.936 687.455C919.743 687.811 919.646 688.242 919.646 688.75ZM347.409 718V706.364H348.818V712.136H348.955L354.182 706.364H356.023L351.136 711.614L356.023 718H354.318L350.273 712.591L348.818 714.227V718H347.409ZM359.256 706.364V718H357.847V706.364H359.256ZM368.445 709.273C368.376 708.697 368.1 708.25 367.615 707.932C367.13 707.614 366.536 707.455 365.831 707.455C365.316 707.455 364.865 707.538 364.479 707.705C364.096 707.871 363.797 708.1 363.581 708.392C363.369 708.684 363.263 709.015 363.263 709.386C363.263 709.697 363.337 709.964 363.484 710.188C363.636 710.407 363.829 710.591 364.064 710.739C364.299 710.883 364.545 711.002 364.803 711.097C365.06 711.187 365.297 711.261 365.513 711.318L366.695 711.636C366.998 711.716 367.335 711.826 367.706 711.966C368.081 712.106 368.439 712.297 368.78 712.54C369.125 712.778 369.409 713.085 369.632 713.46C369.856 713.835 369.967 714.295 369.967 714.841C369.967 715.47 369.803 716.038 369.473 716.545C369.147 717.053 368.67 717.456 368.041 717.756C367.416 718.055 366.657 718.205 365.763 718.205C364.929 718.205 364.208 718.07 363.598 717.801C362.992 717.532 362.515 717.157 362.166 716.676C361.821 716.195 361.626 715.636 361.581 715H363.036C363.073 715.439 363.221 715.803 363.479 716.091C363.74 716.375 364.07 716.587 364.467 716.727C364.869 716.864 365.301 716.932 365.763 716.932C366.301 716.932 366.784 716.845 367.212 716.67C367.64 716.492 367.979 716.246 368.229 715.932C368.479 715.614 368.604 715.242 368.604 714.818C368.604 714.432 368.496 714.117 368.28 713.875C368.064 713.633 367.78 713.436 367.428 713.284C367.075 713.133 366.695 713 366.286 712.886L364.854 712.477C363.945 712.216 363.225 711.843 362.695 711.358C362.164 710.873 361.899 710.239 361.899 709.455C361.899 708.803 362.075 708.235 362.428 707.75C362.784 707.261 363.261 706.883 363.859 706.614C364.462 706.341 365.134 706.205 365.876 706.205C366.626 706.205 367.293 706.339 367.876 706.608C368.46 706.873 368.922 707.237 369.263 707.699C369.607 708.161 369.789 708.686 369.808 709.273H368.445ZM376.784 718V706.364H380.716C381.629 706.364 382.375 706.528 382.955 706.858C383.538 707.184 383.97 707.625 384.25 708.182C384.53 708.739 384.67 709.36 384.67 710.045C384.67 710.731 384.53 711.354 384.25 711.915C383.973 712.475 383.545 712.922 382.966 713.256C382.386 713.585 381.644 713.75 380.739 713.75H377.92V712.5H380.693C381.318 712.5 381.82 712.392 382.199 712.176C382.578 711.96 382.852 711.669 383.023 711.301C383.197 710.93 383.284 710.511 383.284 710.045C383.284 709.58 383.197 709.163 383.023 708.795C382.852 708.428 382.576 708.14 382.193 707.932C381.811 707.72 381.303 707.614 380.67 707.614H378.193V718H376.784ZM386.94 718V706.364H391.009C391.819 706.364 392.488 706.504 393.014 706.784C393.541 707.061 393.933 707.434 394.19 707.903C394.448 708.369 394.577 708.886 394.577 709.455C394.577 709.955 394.488 710.367 394.31 710.693C394.135 711.019 393.904 711.277 393.616 711.466C393.332 711.655 393.024 711.795 392.69 711.886V712C393.046 712.023 393.404 712.148 393.764 712.375C394.124 712.602 394.425 712.928 394.668 713.352C394.91 713.777 395.031 714.295 395.031 714.909C395.031 715.492 394.899 716.017 394.634 716.483C394.368 716.949 393.95 717.318 393.378 717.591C392.806 717.864 392.062 718 391.145 718H386.94ZM388.349 716.75H391.145C392.065 716.75 392.719 716.572 393.105 716.216C393.495 715.856 393.69 715.42 393.69 714.909C393.69 714.515 393.59 714.152 393.389 713.818C393.188 713.481 392.902 713.212 392.531 713.011C392.16 712.807 391.721 712.705 391.213 712.705H388.349V716.75ZM388.349 711.477H390.963C391.387 711.477 391.77 711.394 392.111 711.227C392.455 711.061 392.728 710.826 392.929 710.523C393.134 710.22 393.236 709.864 393.236 709.455C393.236 708.943 393.058 708.509 392.702 708.153C392.346 707.794 391.781 707.614 391.009 707.614H388.349V711.477ZM398.756 706.364V718H397.347V706.364H398.756ZM408.467 718.205C407.914 718.205 407.412 718.1 406.962 717.892C406.511 717.68 406.153 717.375 405.888 716.977C405.623 716.576 405.49 716.091 405.49 715.523C405.49 715.023 405.589 714.617 405.786 714.307C405.982 713.992 406.246 713.746 406.575 713.568C406.905 713.39 407.268 713.258 407.666 713.17C408.068 713.08 408.471 713.008 408.876 712.955C409.407 712.886 409.837 712.835 410.166 712.801C410.5 712.763 410.742 712.701 410.893 712.614C411.049 712.527 411.126 712.375 411.126 712.159V712.114C411.126 711.553 410.973 711.117 410.666 710.807C410.363 710.496 409.903 710.341 409.286 710.341C408.645 710.341 408.143 710.481 407.78 710.761C407.416 711.042 407.161 711.341 407.013 711.659L405.74 711.205C405.967 710.674 406.27 710.261 406.649 709.966C407.032 709.667 407.448 709.458 407.899 709.341C408.354 709.22 408.801 709.159 409.24 709.159C409.52 709.159 409.842 709.193 410.206 709.261C410.573 709.326 410.928 709.46 411.268 709.665C411.613 709.869 411.899 710.178 412.126 710.591C412.354 711.004 412.467 711.557 412.467 712.25V718H411.126V716.818H411.058C410.967 717.008 410.816 717.21 410.604 717.426C410.392 717.642 410.109 717.826 409.757 717.977C409.405 718.129 408.975 718.205 408.467 718.205ZM408.672 717C409.202 717 409.649 716.896 410.013 716.688C410.38 716.479 410.657 716.21 410.842 715.881C411.032 715.551 411.126 715.205 411.126 714.841V713.614C411.07 713.682 410.945 713.744 410.751 713.801C410.562 713.854 410.342 713.902 410.092 713.943C409.846 713.981 409.606 714.015 409.371 714.045C409.14 714.072 408.952 714.095 408.808 714.114C408.46 714.159 408.134 714.233 407.831 714.335C407.532 714.434 407.289 714.583 407.104 714.784C406.922 714.981 406.831 715.25 406.831 715.591C406.831 716.057 407.003 716.409 407.348 716.648C407.696 716.883 408.138 717 408.672 717ZM416.165 714.818L416.142 713.159H416.415L420.233 709.273H421.892L417.824 713.386H417.71L416.165 714.818ZM414.915 718V706.364H416.256V718H414.915ZM420.46 718L417.051 713.682L418.006 712.75L422.165 718H420.46ZM427.413 709.273V710.409H422.891V709.273H427.413ZM424.209 707.182H425.55V715.5C425.55 715.879 425.605 716.163 425.714 716.352C425.828 716.538 425.972 716.663 426.146 716.727C426.324 716.788 426.512 716.818 426.709 716.818C426.857 716.818 426.978 716.811 427.072 716.795C427.167 716.777 427.243 716.761 427.3 716.75L427.572 717.955C427.482 717.989 427.355 718.023 427.192 718.057C427.029 718.095 426.822 718.114 426.572 718.114C426.194 718.114 425.822 718.032 425.459 717.869C425.099 717.706 424.8 717.458 424.561 717.125C424.326 716.792 424.209 716.371 424.209 715.864V707.182ZM429.43 718V709.273H430.771V718H429.43ZM430.112 707.818C429.851 707.818 429.625 707.729 429.436 707.551C429.25 707.373 429.158 707.159 429.158 706.909C429.158 706.659 429.25 706.445 429.436 706.267C429.625 706.089 429.851 706 430.112 706C430.374 706 430.597 706.089 430.783 706.267C430.972 706.445 431.067 706.659 431.067 706.909C431.067 707.159 430.972 707.373 430.783 707.551C430.597 707.729 430.374 707.818 430.112 707.818ZM437.114 709.273V710.409H432.409V709.273H437.114ZM433.818 718V708.068C433.818 707.568 433.936 707.152 434.17 706.818C434.405 706.485 434.71 706.235 435.085 706.068C435.46 705.902 435.856 705.818 436.273 705.818C436.602 705.818 436.871 705.845 437.08 705.898C437.288 705.951 437.443 706 437.545 706.045L437.159 707.205C437.091 707.182 436.996 707.153 436.875 707.119C436.758 707.085 436.602 707.068 436.409 707.068C435.966 707.068 435.646 707.18 435.449 707.403C435.256 707.627 435.159 707.955 435.159 708.386V718H433.818ZM439.064 718.091C438.784 718.091 438.543 717.991 438.342 717.79C438.142 717.589 438.041 717.348 438.041 717.068C438.041 716.788 438.142 716.547 438.342 716.347C438.543 716.146 438.784 716.045 439.064 716.045C439.344 716.045 439.585 716.146 439.786 716.347C439.986 716.547 440.087 716.788 440.087 717.068C440.087 717.254 440.039 717.424 439.945 717.58C439.854 717.735 439.731 717.86 439.575 717.955C439.424 718.045 439.253 718.091 439.064 718.091Z" fill="#171717"/>
<mask id="path-38-inside-2_530_13172" fill="white">
<path d="M305 812H975V871C975 875.418 971.418 879 967 879H313C308.582 879 305 875.418 305 871V812Z"/>
</mask>
<path d="M305 812H975V871C975 875.418 971.418 879 967 879H313C308.582 879 305 875.418 305 871V812Z" fill="#FAFAFA"/>
<path d="M305 811H975V813H305V811ZM305 813M975 879H305H975M975 879M305 879V812V879M305 879M975 812V879V812" fill="#DFDFDF" mask="url(#path-38-inside-2_530_13172)"/>
<rect x="674.25" y="829.5" width="67" height="33" rx="3.5" fill="white"/>
<rect x="674.25" y="829.5" width="67" height="33" rx="3.5" stroke="#DFDFDF"/>
<path d="M692.337 851V840.818H695.897C696.606 840.818 697.191 840.941 697.652 841.186C698.113 841.428 698.456 841.754 698.681 842.165C698.907 842.573 699.019 843.026 699.019 843.523C699.019 843.96 698.941 844.321 698.786 844.607C698.633 844.892 698.431 845.117 698.179 845.283C697.93 845.448 697.66 845.571 697.369 845.651V845.75C697.68 845.77 697.993 845.879 698.308 846.078C698.623 846.277 698.887 846.562 699.099 846.933C699.311 847.304 699.417 847.759 699.417 848.295C699.417 848.806 699.301 849.265 699.069 849.673C698.837 850.08 698.471 850.403 697.97 850.642C697.47 850.881 696.819 851 696.016 851H692.337ZM693.57 849.906H696.016C696.822 849.906 697.394 849.75 697.732 849.439C698.073 849.124 698.244 848.743 698.244 848.295C698.244 847.951 698.156 847.633 697.98 847.341C697.805 847.046 697.554 846.811 697.229 846.635C696.905 846.456 696.52 846.366 696.076 846.366H693.57V849.906ZM693.57 845.293H695.857C696.229 845.293 696.563 845.22 696.862 845.074C697.163 844.928 697.402 844.723 697.578 844.457C697.756 844.192 697.846 843.881 697.846 843.523C697.846 843.075 697.69 842.696 697.379 842.384C697.067 842.069 696.573 841.912 695.897 841.912H693.57V845.293ZM703.531 851.179C703.047 851.179 702.608 851.088 702.214 850.906C701.819 850.72 701.506 850.453 701.274 850.105C701.042 849.754 700.926 849.33 700.926 848.832C700.926 848.395 701.012 848.04 701.184 847.768C701.357 847.493 701.587 847.278 701.875 847.122C702.164 846.966 702.482 846.85 702.83 846.774C703.181 846.695 703.534 846.632 703.889 846.585C704.353 846.526 704.729 846.481 705.017 846.451C705.309 846.418 705.521 846.363 705.654 846.287C705.79 846.211 705.858 846.078 705.858 845.889V845.849C705.858 845.359 705.723 844.978 705.455 844.706C705.19 844.434 704.787 844.298 704.247 844.298C703.687 844.298 703.248 844.421 702.929 844.666C702.611 844.911 702.388 845.173 702.258 845.452L701.145 845.054C701.343 844.59 701.609 844.229 701.94 843.97C702.275 843.708 702.639 843.526 703.034 843.423C703.432 843.317 703.823 843.264 704.207 843.264C704.452 843.264 704.734 843.294 705.052 843.354C705.374 843.41 705.684 843.528 705.982 843.707C706.284 843.886 706.534 844.156 706.733 844.517C706.932 844.878 707.031 845.362 707.031 845.969V851H705.858V849.966H705.798C705.718 850.132 705.586 850.309 705.4 850.498C705.215 850.687 704.968 850.848 704.66 850.98C704.351 851.113 703.975 851.179 703.531 851.179ZM703.71 850.125C704.174 850.125 704.565 850.034 704.883 849.852C705.205 849.669 705.447 849.434 705.609 849.146C705.775 848.857 705.858 848.554 705.858 848.236V847.162C705.808 847.222 705.699 847.276 705.53 847.326C705.364 847.372 705.172 847.414 704.953 847.45C704.737 847.483 704.527 847.513 704.321 847.54C704.119 847.563 703.955 847.583 703.829 847.599C703.524 847.639 703.239 847.704 702.974 847.793C702.712 847.879 702.5 848.01 702.338 848.186C702.179 848.358 702.099 848.594 702.099 848.892C702.099 849.3 702.25 849.608 702.552 849.817C702.857 850.022 703.243 850.125 703.71 850.125ZM712.494 843.364V844.358H708.536V843.364H712.494ZM709.69 841.534H710.863V848.812C710.863 849.144 710.911 849.393 711.007 849.558C711.106 849.721 711.232 849.83 711.385 849.886C711.541 849.939 711.705 849.966 711.877 849.966C712.006 849.966 712.112 849.959 712.195 849.946C712.278 849.929 712.344 849.916 712.394 849.906L712.633 850.96C712.553 850.99 712.442 851.02 712.3 851.05C712.157 851.083 711.976 851.099 711.758 851.099C711.426 851.099 711.101 851.028 710.783 850.886C710.468 850.743 710.207 850.526 709.998 850.234C709.792 849.943 709.69 849.575 709.69 849.131V841.534ZM716.506 851.179C716.022 851.179 715.583 851.088 715.188 850.906C714.794 850.72 714.48 850.453 714.248 850.105C714.016 849.754 713.9 849.33 713.9 848.832C713.9 848.395 713.987 848.04 714.159 847.768C714.331 847.493 714.562 847.278 714.85 847.122C715.138 846.966 715.457 846.85 715.805 846.774C716.156 846.695 716.509 846.632 716.864 846.585C717.328 846.526 717.704 846.481 717.992 846.451C718.284 846.418 718.496 846.363 718.628 846.287C718.764 846.211 718.832 846.078 718.832 845.889V845.849C718.832 845.359 718.698 844.978 718.43 844.706C718.164 844.434 717.762 844.298 717.222 844.298C716.661 844.298 716.222 844.421 715.904 844.666C715.586 844.911 715.362 845.173 715.233 845.452L714.119 845.054C714.318 844.59 714.583 844.229 714.915 843.97C715.249 843.708 715.614 843.526 716.008 843.423C716.406 843.317 716.797 843.264 717.182 843.264C717.427 843.264 717.709 843.294 718.027 843.354C718.348 843.41 718.658 843.528 718.957 843.707C719.258 843.886 719.508 844.156 719.707 844.517C719.906 844.878 720.006 845.362 720.006 845.969V851H718.832V849.966H718.773C718.693 850.132 718.561 850.309 718.375 850.498C718.189 850.687 717.942 850.848 717.634 850.98C717.326 851.113 716.95 851.179 716.506 851.179ZM716.685 850.125C717.149 850.125 717.54 850.034 717.858 849.852C718.179 849.669 718.421 849.434 718.584 849.146C718.749 848.857 718.832 848.554 718.832 848.236V847.162C718.783 847.222 718.673 847.276 718.504 847.326C718.338 847.372 718.146 847.414 717.927 847.45C717.712 847.483 717.502 847.513 717.296 847.54C717.094 847.563 716.93 847.583 716.804 847.599C716.499 847.639 716.214 847.704 715.949 847.793C715.687 847.879 715.475 848.01 715.312 848.186C715.153 848.358 715.074 848.594 715.074 848.892C715.074 849.3 715.225 849.608 715.526 849.817C715.831 850.022 716.217 850.125 716.685 850.125ZM723.32 840.818V851H722.147V840.818H723.32Z" fill="#171717"/>
<rect x="757.75" y="829" width="193.25" height="32" rx="4" fill="#134B9E"/>
<path d="M773.75 851V846.5L779.75 845L773.75 843.5V839L788 845L773.75 851Z" fill="white"/>
<path d="M793.359 850V839.818H794.592V844.869H794.711L799.285 839.818H800.896L796.62 844.412L800.896 850H799.404L795.865 845.267L794.592 846.699V850H793.359ZM802.811 850V842.364H803.984V850H802.811ZM803.408 841.091C803.179 841.091 802.982 841.013 802.816 840.857C802.654 840.701 802.573 840.514 802.573 840.295C802.573 840.077 802.654 839.889 802.816 839.734C802.982 839.578 803.179 839.5 803.408 839.5C803.636 839.5 803.832 839.578 803.994 839.734C804.16 839.889 804.243 840.077 804.243 840.295C804.243 840.514 804.16 840.701 803.994 840.857C803.832 841.013 803.636 841.091 803.408 841.091ZM806.133 850V842.364H807.267V843.517H807.347C807.486 843.139 807.738 842.833 808.102 842.597C808.467 842.362 808.878 842.244 809.335 842.244C809.421 842.244 809.529 842.246 809.658 842.249C809.788 842.253 809.885 842.258 809.952 842.264V843.457C809.912 843.447 809.821 843.433 809.678 843.413C809.539 843.389 809.391 843.378 809.236 843.378C808.864 843.378 808.533 843.456 808.241 843.612C807.953 843.764 807.724 843.976 807.555 844.248C807.39 844.516 807.307 844.823 807.307 845.168V850H806.133ZM811.342 850V842.364H812.516V850H811.342ZM811.939 841.091C811.71 841.091 811.513 841.013 811.347 840.857C811.185 840.701 811.104 840.514 811.104 840.295C811.104 840.077 811.185 839.889 811.347 839.734C811.513 839.578 811.71 839.5 811.939 839.5C812.168 839.5 812.363 839.578 812.526 839.734C812.691 839.889 812.774 840.077 812.774 840.295C812.774 840.514 812.691 840.701 812.526 840.857C812.363 841.013 812.168 841.091 811.939 841.091ZM814.665 850V842.364H815.798V843.557H815.898C816.057 843.149 816.314 842.833 816.668 842.607C817.023 842.379 817.449 842.264 817.946 842.264C818.45 842.264 818.869 842.379 819.204 842.607C819.542 842.833 819.805 843.149 819.994 843.557H820.074C820.269 843.162 820.563 842.849 820.954 842.617C821.345 842.382 821.814 842.264 822.361 842.264C823.043 842.264 823.602 842.478 824.036 842.906C824.47 843.33 824.687 843.991 824.687 844.889V850H823.514V844.889C823.514 844.326 823.36 843.923 823.052 843.681C822.744 843.439 822.381 843.318 821.963 843.318C821.426 843.318 821.01 843.481 820.715 843.805C820.42 844.127 820.273 844.535 820.273 845.028V850H819.079V844.77C819.079 844.336 818.939 843.986 818.657 843.721C818.375 843.452 818.012 843.318 817.568 843.318C817.263 843.318 816.978 843.399 816.713 843.562C816.451 843.724 816.239 843.95 816.077 844.238C815.918 844.523 815.838 844.853 815.838 845.227V850H814.665ZM830.929 850V839.818H834.37C835.165 839.818 835.818 839.954 836.328 840.226C836.839 840.494 837.217 840.864 837.462 841.335C837.707 841.805 837.83 842.34 837.83 842.94C837.83 843.54 837.707 844.072 837.462 844.536C837.217 845 836.84 845.365 836.333 845.63C835.826 845.892 835.178 846.023 834.389 846.023H831.605V844.909H834.35C834.893 844.909 835.331 844.83 835.662 844.67C835.997 844.511 836.239 844.286 836.388 843.994C836.541 843.699 836.617 843.348 836.617 842.94C836.617 842.533 836.541 842.176 836.388 841.871C836.236 841.567 835.992 841.331 835.657 841.165C835.322 840.996 834.88 840.912 834.33 840.912H832.162V850H830.929ZM835.722 845.426L838.228 850H836.796L834.33 845.426H835.722ZM844.538 846.878V842.364H845.711V850H844.538V848.707H844.458C844.279 849.095 844.001 849.425 843.623 849.697C843.245 849.965 842.768 850.099 842.191 850.099C841.714 850.099 841.29 849.995 840.918 849.786C840.547 849.574 840.256 849.256 840.043 848.832C839.831 848.404 839.725 847.866 839.725 847.216V842.364H840.899V847.136C840.899 847.693 841.054 848.137 841.366 848.469C841.681 848.8 842.082 848.966 842.569 848.966C842.861 848.966 843.157 848.891 843.459 848.742C843.764 848.593 844.019 848.364 844.225 848.056C844.433 847.748 844.538 847.355 844.538 846.878ZM847.86 842.364H849.033V850.557C849.033 851.027 848.952 851.435 848.79 851.78C848.631 852.125 848.389 852.391 848.064 852.58C847.742 852.769 847.336 852.864 846.846 852.864C846.806 852.864 846.766 852.864 846.726 852.864C846.687 852.864 846.647 852.864 846.607 852.864V851.77C846.647 851.77 846.683 851.77 846.717 851.77C846.75 851.77 846.786 851.77 846.826 851.77C847.184 851.77 847.446 851.664 847.611 851.452C847.777 851.243 847.86 850.945 847.86 850.557V842.364ZM848.437 841.091C848.208 841.091 848.011 841.013 847.845 840.857C847.683 840.701 847.601 840.514 847.601 840.295C847.601 840.077 847.683 839.889 847.845 839.734C848.011 839.578 848.208 839.5 848.437 839.5C848.665 839.5 848.861 839.578 849.023 839.734C849.189 839.889 849.272 840.077 849.272 840.295C849.272 840.514 849.189 840.701 849.023 840.857C848.861 841.013 848.665 841.091 848.437 841.091ZM855.995 846.878V842.364H857.168V850H855.995V848.707H855.915C855.736 849.095 855.458 849.425 855.08 849.697C854.702 849.965 854.225 850.099 853.648 850.099C853.171 850.099 852.747 849.995 852.375 849.786C852.004 849.574 851.713 849.256 851.5 848.832C851.288 848.404 851.182 847.866 851.182 847.216V842.364H852.356V847.136C852.356 847.693 852.511 848.137 852.823 848.469C853.138 848.8 853.539 848.966 854.026 848.966C854.318 848.966 854.614 848.891 854.916 848.742C855.221 848.593 855.476 848.364 855.682 848.056C855.89 847.748 855.995 847.355 855.995 846.878ZM860.411 847.216L860.391 845.764H860.63L863.97 842.364H865.422L861.862 845.963H861.763L860.411 847.216ZM859.317 850V839.818H860.49V850H859.317ZM864.169 850L861.186 846.222L862.022 845.406L865.661 850H864.169ZM869.179 850.179C868.696 850.179 868.256 850.088 867.862 849.906C867.468 849.72 867.154 849.453 866.922 849.105C866.69 848.754 866.574 848.33 866.574 847.832C866.574 847.395 866.66 847.04 866.833 846.768C867.005 846.493 867.236 846.278 867.524 846.122C867.812 845.966 868.13 845.85 868.478 845.774C868.83 845.695 869.183 845.632 869.537 845.585C870.001 845.526 870.378 845.481 870.666 845.451C870.958 845.418 871.17 845.363 871.302 845.287C871.438 845.211 871.506 845.078 871.506 844.889V844.849C871.506 844.359 871.372 843.978 871.103 843.706C870.838 843.434 870.436 843.298 869.895 843.298C869.335 843.298 868.896 843.421 868.578 843.666C868.26 843.911 868.036 844.173 867.907 844.452L866.793 844.054C866.992 843.59 867.257 843.229 867.589 842.97C867.923 842.708 868.288 842.526 868.682 842.423C869.08 842.317 869.471 842.264 869.856 842.264C870.101 842.264 870.383 842.294 870.701 842.354C871.022 842.41 871.332 842.528 871.63 842.707C871.932 842.886 872.182 843.156 872.381 843.517C872.58 843.878 872.679 844.362 872.679 844.969V850H871.506V848.966H871.446C871.367 849.132 871.234 849.309 871.049 849.498C870.863 849.687 870.616 849.848 870.308 849.98C870 850.113 869.624 850.179 869.179 850.179ZM869.358 849.125C869.822 849.125 870.214 849.034 870.532 848.852C870.853 848.669 871.095 848.434 871.258 848.146C871.423 847.857 871.506 847.554 871.506 847.236V846.162C871.456 846.222 871.347 846.276 871.178 846.326C871.012 846.372 870.82 846.414 870.601 846.45C870.386 846.483 870.175 846.513 869.97 846.54C869.768 846.563 869.604 846.583 869.478 846.599C869.173 846.639 868.888 846.704 868.623 846.793C868.361 846.879 868.149 847.01 867.986 847.186C867.827 847.358 867.748 847.594 867.748 847.892C867.748 848.3 867.898 848.608 868.2 848.817C868.505 849.022 868.891 849.125 869.358 849.125ZM875.994 845.406V850H874.821V842.364H875.954V843.557H876.054C876.233 843.169 876.505 842.857 876.869 842.622C877.234 842.384 877.704 842.264 878.281 842.264C878.798 842.264 879.251 842.37 879.638 842.582C880.026 842.791 880.328 843.109 880.543 843.537C880.759 843.961 880.866 844.498 880.866 845.148V850H879.693V845.227C879.693 844.627 879.537 844.16 879.226 843.825C878.914 843.487 878.487 843.318 877.943 843.318C877.569 843.318 877.234 843.399 876.939 843.562C876.647 843.724 876.417 843.961 876.248 844.273C876.079 844.584 875.994 844.962 875.994 845.406ZM888.042 847.216L888.022 845.764H888.26L891.601 842.364H893.053L889.493 845.963H889.394L888.042 847.216ZM886.948 850V839.818H888.121V850H886.948ZM891.8 850L888.817 846.222L889.652 845.406L893.292 850H891.8ZM897.45 850.159C896.715 850.159 896.08 849.997 895.546 849.672C895.016 849.344 894.607 848.886 894.318 848.3C894.033 847.71 893.891 847.024 893.891 846.241C893.891 845.459 894.033 844.77 894.318 844.173C894.607 843.573 895.008 843.106 895.521 842.771C896.038 842.433 896.642 842.264 897.331 842.264C897.729 842.264 898.122 842.33 898.509 842.463C898.897 842.596 899.25 842.811 899.568 843.109C899.886 843.404 900.14 843.795 900.329 844.283C900.518 844.77 900.612 845.37 900.612 846.082V846.58H894.726V845.565H899.419C899.419 845.134 899.333 844.75 899.161 844.412C898.992 844.074 898.75 843.807 898.435 843.612C898.123 843.416 897.755 843.318 897.331 843.318C896.864 843.318 896.459 843.434 896.118 843.666C895.78 843.895 895.52 844.193 895.337 844.561C895.155 844.929 895.064 845.323 895.064 845.744V846.42C895.064 846.997 895.163 847.486 895.362 847.887C895.564 848.285 895.845 848.588 896.203 848.797C896.56 849.002 896.976 849.105 897.45 849.105C897.759 849.105 898.037 849.062 898.286 848.976C898.537 848.886 898.755 848.754 898.937 848.578C899.119 848.399 899.26 848.177 899.359 847.912L900.493 848.23C900.374 848.615 900.173 848.953 899.891 849.244C899.61 849.533 899.262 849.758 898.847 849.92C898.433 850.08 897.967 850.159 897.45 850.159ZM915.085 844.909C915.085 845.983 914.891 846.911 914.503 847.693C914.115 848.475 913.583 849.079 912.907 849.503C912.231 849.927 911.459 850.139 910.59 850.139C909.722 850.139 908.95 849.927 908.274 849.503C907.597 849.079 907.065 848.475 906.678 847.693C906.29 846.911 906.096 845.983 906.096 844.909C906.096 843.835 906.29 842.907 906.678 842.125C907.065 841.343 907.597 840.74 908.274 840.315C908.95 839.891 909.722 839.679 910.59 839.679C911.459 839.679 912.231 839.891 912.907 840.315C913.583 840.74 914.115 841.343 914.503 842.125C914.891 842.907 915.085 843.835 915.085 844.909ZM913.891 844.909C913.891 844.027 913.744 843.283 913.449 842.677C913.157 842.07 912.761 841.611 912.261 841.3C911.764 840.988 911.207 840.832 910.59 840.832C909.974 840.832 909.415 840.988 908.915 841.3C908.418 841.611 908.022 842.07 907.727 842.677C907.435 843.283 907.289 844.027 907.289 844.909C907.289 845.791 907.435 846.535 907.727 847.141C908.022 847.748 908.418 848.207 908.915 848.518C909.415 848.83 909.974 848.986 910.59 848.986C911.207 848.986 911.764 848.83 912.261 848.518C912.761 848.207 913.157 847.748 913.449 847.141C913.744 846.535 913.891 845.791 913.891 844.909ZM917.158 850V839.818H920.598C921.397 839.818 922.05 839.962 922.557 840.251C923.067 840.536 923.445 840.922 923.69 841.409C923.936 841.896 924.058 842.44 924.058 843.04C924.058 843.64 923.936 844.185 923.69 844.675C923.448 845.166 923.074 845.557 922.567 845.849C922.06 846.137 921.41 846.281 920.618 846.281H918.152V845.188H920.578C921.125 845.188 921.564 845.093 921.896 844.904C922.227 844.715 922.467 844.46 922.617 844.138C922.769 843.814 922.845 843.447 922.845 843.04C922.845 842.632 922.769 842.268 922.617 841.946C922.467 841.625 922.225 841.373 921.891 841.19C921.556 841.005 921.112 840.912 920.558 840.912H918.391V850H917.158ZM929.187 850H926.044V839.818H929.326C930.313 839.818 931.159 840.022 931.861 840.43C932.564 840.834 933.102 841.416 933.477 842.175C933.852 842.93 934.039 843.835 934.039 844.889C934.039 845.95 933.85 846.863 933.472 847.629C933.094 848.391 932.544 848.978 931.821 849.388C931.099 849.796 930.221 850 929.187 850ZM927.277 848.906H929.107C929.949 848.906 930.647 848.744 931.2 848.419C931.754 848.094 932.166 847.632 932.438 847.032C932.71 846.432 932.846 845.718 932.846 844.889C932.846 844.067 932.711 843.36 932.443 842.766C932.174 842.17 931.773 841.712 931.24 841.394C930.706 841.073 930.042 840.912 929.246 840.912H927.277V848.906Z" fill="white"/>
</g>
<defs>
<filter id="filter0_d_530_13172" x="272" y="123" width="736" height="801" filterUnits="userSpaceOnUse" color-interpolation-filters="sRGB">
<feFlood flood-opacity="0" result="BackgroundImageFix"/>
<feColorMatrix in="SourceAlpha" type="matrix" values="0 0 0 0 0 0 0 0 0 0 0 0 0 0 0 0 0 0 127 0" result="hardAlpha"/>
<feOffset dy="12"/>
<feGaussianBlur stdDeviation="16"/>
<feComposite in2="hardAlpha" operator="out"/>
<feColorMatrix type="matrix" values="0 0 0 0 0 0 0 0 0 0 0 0 0 0 0 0 0 0 0.12 0"/>
<feBlend mode="normal" in2="BackgroundImageFix" result="effect1_dropShadow_530_13172"/>
<feBlend mode="normal" in="SourceGraphic" in2="effect1_dropShadow_530_13172" result="shape"/>
</filter>
<clipPath id="clip0_530_13172">
<rect width="564" height="24" fill="white" transform="translate(346 598)"/>
</clipPath>
</defs>
</svg>
