<svg width="1280" height="1145" viewBox="0 0 1280 1145" fill="none" xmlns="http://www.w3.org/2000/svg">
<rect width="1280" height="1145" fill="#171717" fill-opacity="0.6"/>
<g filter="url(#filter0_d_520_6477)">
<rect x="340" y="250.5" width="600" height="644" rx="4" fill="white" shape-rendering="crispEdges"/>
<rect x="340.5" y="251" width="599" height="643" rx="3.5" stroke="#DFDFDF" shape-rendering="crispEdges"/>
<mask id="path-3-inside-1_520_6477" fill="white">
<path d="M341 255.5C341 253.291 342.791 251.5 345 251.5H935C937.209 251.5 939 253.291 939 255.5V316.5H341V255.5Z"/>
</mask>
<path d="M341 255.5C341 253.291 342.791 251.5 345 251.5H935C937.209 251.5 939 253.291 939 255.5V316.5H341V255.5Z" fill="#FAFAFA"/>
<path d="M341 251.5H939H341M939 317.5H341V315.5H939V317.5ZM939 315.5M341 316.5V251.5V316.5M341 316.5M939 251.5V316.5V251.5" fill="#DFDFDF" mask="url(#path-3-inside-1_520_6477)"/>
<path d="M366.932 292.5V275.039H377.923V277.341H369.61V282.543H377.334V284.828H369.61V290.198H378.001V292.5H366.932ZM386.076 292.76C385.018 292.76 384.076 292.489 383.249 291.946C382.422 291.403 381.775 290.626 381.306 289.615C380.837 288.603 380.603 287.392 380.603 285.98C380.603 284.561 380.841 283.347 381.317 282.34C381.793 281.332 382.444 280.563 383.27 280.031C384.097 279.5 385.032 279.234 386.077 279.234C386.892 279.234 387.549 279.37 388.047 279.64C388.545 279.911 388.934 280.226 389.215 280.585C389.495 280.944 389.708 281.26 389.853 281.532H390V275.039H392.578V292.5H390.066V290.449H389.853C389.705 290.728 389.488 291.048 389.2 291.408C388.912 291.769 388.518 292.084 388.02 292.355C387.521 292.625 386.873 292.76 386.076 292.76ZM386.648 290.563C387.379 290.563 387.996 290.369 388.501 289.981C389.006 289.592 389.388 289.052 389.649 288.361C389.91 287.669 390.041 286.869 390.041 285.961C390.041 285.05 389.912 284.256 389.654 283.58C389.396 282.904 389.015 282.376 388.511 281.998C388.006 281.62 387.385 281.431 386.648 281.431C385.891 281.431 385.26 281.63 384.753 282.027C384.247 282.425 383.867 282.965 383.614 283.647C383.361 284.33 383.235 285.101 383.235 285.961C383.235 286.826 383.363 287.606 383.619 288.301C383.875 288.997 384.258 289.548 384.768 289.954C385.278 290.36 385.904 290.563 386.648 290.563ZM396.042 292.5V279.398H398.62V292.5H396.042ZM397.338 277.399C396.896 277.399 396.516 277.249 396.197 276.949C395.879 276.649 395.72 276.289 395.72 275.868C395.72 275.439 395.879 275.077 396.197 274.781C396.516 274.484 396.896 274.336 397.338 274.336C397.786 274.336 398.17 274.484 398.489 274.78C398.807 275.076 398.967 275.439 398.967 275.868C398.967 276.289 398.807 276.649 398.489 276.949C398.17 277.249 397.786 277.399 397.338 277.399ZM407.697 279.398V281.494H400.59V279.398H407.697ZM402.504 276.281H405.081V288.956C405.081 289.486 405.192 289.873 405.412 290.119C405.633 290.365 405.999 290.487 406.51 290.487C406.644 290.487 406.821 290.471 407.039 290.44C407.257 290.408 407.445 290.376 407.601 290.345L408.058 292.411C407.781 292.501 407.487 292.567 407.173 292.609C406.86 292.65 406.553 292.67 406.253 292.67C405.06 292.67 404.137 292.365 403.484 291.754C402.83 291.143 402.504 290.281 402.504 289.169V276.281ZM422.533 292.5H418.213V290.16H422.384C423.706 290.16 424.805 289.913 425.681 289.418C426.557 288.924 427.213 288.199 427.648 287.243C428.084 286.287 428.302 285.12 428.302 283.743C428.302 282.377 428.085 281.221 427.651 280.274C427.217 279.328 426.574 278.609 425.721 278.117C424.868 277.625 423.805 277.379 422.532 277.379H418.124V275.039H422.703C424.423 275.039 425.895 275.387 427.12 276.083C428.345 276.779 429.285 277.778 429.942 279.079C430.598 280.381 430.926 281.935 430.926 283.743C430.926 285.562 430.597 287.125 429.938 288.433C429.279 289.741 428.323 290.746 427.071 291.447C425.819 292.149 424.307 292.5 422.533 292.5ZM419.532 275.039V292.5H416.854V275.039H419.532ZM437.641 292.788C436.812 292.788 436.062 292.635 435.392 292.329C434.722 292.022 434.191 291.572 433.8 290.977C433.408 290.383 433.213 289.655 433.213 288.795C433.213 288.05 433.356 287.44 433.643 286.964C433.93 286.489 434.316 286.111 434.802 285.832C435.287 285.552 435.829 285.342 436.427 285.202C437.025 285.061 437.635 284.955 438.257 284.882C439.03 284.789 439.658 284.713 440.141 284.654C440.624 284.595 440.981 284.498 441.213 284.361C441.444 284.225 441.56 284.003 441.56 283.695V283.629C441.56 283.14 441.465 282.726 441.277 282.387C441.089 282.048 440.808 281.788 440.436 281.607C440.063 281.425 439.6 281.335 439.045 281.335C438.479 281.335 437.992 281.423 437.583 281.598C437.174 281.774 436.842 281.997 436.586 282.268C436.329 282.54 436.139 282.824 436.014 283.122L433.588 282.498C433.885 281.712 434.312 281.081 434.867 280.605C435.422 280.128 436.058 279.78 436.776 279.562C437.493 279.344 438.238 279.234 439.01 279.234C439.536 279.234 440.096 279.297 440.69 279.423C441.283 279.549 441.841 279.775 442.364 280.102C442.886 280.428 443.312 280.89 443.642 281.486C443.972 282.083 444.137 282.855 444.137 283.802V292.5H441.643V290.706H441.511C441.341 291.045 441.089 291.374 440.753 291.694C440.417 292.014 439.992 292.276 439.479 292.481C438.965 292.685 438.353 292.788 437.641 292.788ZM438.214 290.724C438.919 290.724 439.521 290.586 440.02 290.309C440.519 290.033 440.902 289.669 441.168 289.219C441.435 288.769 441.568 288.29 441.568 287.782V286.099C441.475 286.191 441.297 286.274 441.035 286.35C440.773 286.426 440.475 286.493 440.142 286.551C439.809 286.609 439.484 286.659 439.169 286.7C438.854 286.741 438.596 286.774 438.396 286.798C437.913 286.859 437.47 286.964 437.067 287.112C436.663 287.26 436.343 287.471 436.105 287.744C435.868 288.018 435.749 288.38 435.749 288.83C435.749 289.246 435.856 289.593 436.069 289.873C436.282 290.153 436.574 290.365 436.944 290.509C437.313 290.652 437.737 290.724 438.214 290.724ZM453.212 279.398V281.494H446.105V279.398H453.212ZM448.019 276.281H450.597V288.956C450.597 289.486 450.707 289.873 450.928 290.119C451.149 290.365 451.515 290.487 452.026 290.487C452.16 290.487 452.336 290.471 452.555 290.44C452.773 290.408 452.96 290.376 453.117 290.345L453.573 292.411C453.297 292.501 453.002 292.567 452.689 292.609C452.376 292.65 452.069 292.67 451.769 292.67C450.576 292.67 449.652 292.365 448.999 291.754C448.346 291.143 448.019 290.281 448.019 289.169V276.281ZM459.556 292.788C458.726 292.788 457.976 292.635 457.306 292.329C456.636 292.022 456.105 291.572 455.714 290.977C455.322 290.383 455.127 289.655 455.127 288.795C455.127 288.05 455.27 287.44 455.557 286.964C455.844 286.489 456.23 286.111 456.716 285.832C457.202 285.552 457.743 285.342 458.341 285.202C458.939 285.061 459.549 284.955 460.171 284.882C460.944 284.789 461.572 284.713 462.055 284.654C462.538 284.595 462.895 284.498 463.127 284.361C463.358 284.225 463.474 284.003 463.474 283.695V283.629C463.474 283.14 463.379 282.726 463.191 282.387C463.003 282.048 462.722 281.788 462.35 281.607C461.977 281.425 461.514 281.335 460.959 281.335C460.393 281.335 459.906 281.423 459.497 281.598C459.088 281.774 458.756 281.997 458.5 282.268C458.243 282.54 458.053 282.824 457.928 283.122L455.502 282.498C455.8 281.712 456.226 281.081 456.781 280.605C457.336 280.128 457.972 279.78 458.69 279.562C459.407 279.344 460.152 279.234 460.924 279.234C461.45 279.234 462.01 279.297 462.604 279.423C463.197 279.549 463.755 279.775 464.278 280.102C464.8 280.428 465.226 280.89 465.556 281.486C465.886 282.083 466.051 282.855 466.051 283.802V292.5H463.557V290.706H463.425C463.256 291.045 463.003 291.374 462.667 291.694C462.331 292.014 461.906 292.276 461.393 292.481C460.879 292.685 460.267 292.788 459.556 292.788ZM460.128 290.724C460.833 290.724 461.435 290.586 461.934 290.309C462.433 290.033 462.816 289.669 463.082 289.219C463.349 288.769 463.482 288.29 463.482 287.782V286.099C463.389 286.191 463.211 286.274 462.949 286.35C462.687 286.426 462.389 286.493 462.056 286.551C461.723 286.609 461.399 286.659 461.083 286.7C460.768 286.741 460.51 286.774 460.31 286.798C459.827 286.859 459.384 286.964 458.981 287.112C458.577 287.26 458.257 287.471 458.019 287.744C457.782 288.018 457.663 288.38 457.663 288.83C457.663 289.246 457.77 289.593 457.983 289.873C458.196 290.153 458.488 290.365 458.858 290.509C459.227 290.652 459.651 290.724 460.128 290.724ZM479.515 292.5L474.78 275.039H477.598L480.117 285.041C480.271 285.662 480.415 286.306 480.549 286.971C480.683 287.637 480.814 288.309 480.941 288.987C481.068 289.665 481.189 290.344 481.304 291.024H480.915C481.04 290.344 481.168 289.665 481.297 288.987C481.426 288.309 481.563 287.637 481.707 286.971C481.851 286.306 482.002 285.662 482.158 285.041L484.753 275.039H487.681L490.256 285.041C490.419 285.662 490.571 286.306 490.712 286.971C490.853 287.637 490.991 288.309 491.127 288.987C491.262 289.665 491.393 290.344 491.519 291.024H491.098C491.221 290.344 491.345 289.665 491.472 288.987C491.598 288.309 491.732 287.637 491.873 286.971C492.015 286.306 492.159 285.662 492.305 285.041L494.816 275.039H497.653L492.899 292.5H489.811L487.039 282.148C486.826 281.338 486.629 280.458 486.45 279.507C486.271 278.556 486.089 277.507 485.903 276.361H486.511C486.317 277.456 486.139 278.468 485.979 279.399C485.818 280.329 485.617 281.246 485.377 282.148L482.612 292.5H479.515ZM502.376 292.788C501.546 292.788 500.796 292.635 500.126 292.329C499.456 292.022 498.925 291.572 498.534 290.977C498.143 290.383 497.947 289.655 497.947 288.795C497.947 288.05 498.09 287.44 498.377 286.964C498.664 286.489 499.051 286.111 499.536 285.832C500.022 285.552 500.564 285.342 501.162 285.202C501.76 285.061 502.37 284.955 502.992 284.882C503.765 284.789 504.393 284.713 504.876 284.654C505.359 284.595 505.716 284.498 505.947 284.361C506.178 284.225 506.294 284.003 506.294 283.695V283.629C506.294 283.14 506.2 282.726 506.011 282.387C505.823 282.048 505.543 281.788 505.17 281.607C504.798 281.425 504.334 281.335 503.78 281.335C503.214 281.335 502.726 281.423 502.317 281.598C501.909 281.774 501.576 281.997 501.32 282.268C501.064 282.54 500.873 282.824 500.748 283.122L498.322 282.498C498.62 281.712 499.046 281.081 499.601 280.605C500.156 280.128 500.792 279.78 501.51 279.562C502.228 279.344 502.972 279.234 503.744 279.234C504.27 279.234 504.83 279.297 505.424 279.423C506.018 279.549 506.576 279.775 507.098 280.102C507.62 280.428 508.047 280.89 508.377 281.486C508.707 282.083 508.872 282.855 508.872 283.802V292.5H506.378V290.706H506.245C506.076 291.045 505.823 291.374 505.487 291.694C505.151 292.014 504.727 292.276 504.213 292.481C503.7 292.685 503.087 292.788 502.376 292.788ZM502.948 290.724C503.653 290.724 504.255 290.586 504.754 290.309C505.253 290.033 505.636 289.669 505.903 289.219C506.169 288.769 506.302 288.29 506.302 287.782V286.099C506.209 286.191 506.032 286.274 505.769 286.35C505.507 286.426 505.209 286.493 504.876 286.551C504.543 286.609 504.219 286.659 503.904 286.7C503.588 286.741 503.33 286.774 503.13 286.798C502.648 286.859 502.205 286.964 501.801 287.112C501.398 287.26 501.077 287.471 500.84 287.744C500.602 288.018 500.484 288.38 500.484 288.83C500.484 289.246 500.59 289.593 500.803 289.873C501.017 290.153 501.308 290.365 501.678 290.509C502.048 290.652 502.471 290.724 502.948 290.724ZM512.339 292.5V279.398H514.834V281.503H514.974C515.215 280.791 515.637 280.232 516.24 279.825C516.842 279.418 517.527 279.215 518.292 279.215C518.457 279.215 518.646 279.221 518.859 279.233C519.071 279.245 519.246 279.26 519.382 279.278V281.738C519.289 281.71 519.109 281.68 518.843 281.648C518.577 281.616 518.306 281.6 518.032 281.6C517.437 281.6 516.902 281.726 516.43 281.978C515.957 282.23 515.586 282.577 515.318 283.018C515.05 283.46 514.917 283.969 514.917 284.546V292.5H512.339ZM526.643 297.68C525.633 297.68 524.758 297.552 524.016 297.296C523.275 297.04 522.663 296.696 522.181 296.263C521.699 295.831 521.334 295.352 521.087 294.826L523.235 293.813C523.397 294.061 523.609 294.324 523.87 294.604C524.131 294.884 524.483 295.121 524.925 295.313C525.368 295.505 525.939 295.601 526.638 295.601C527.635 295.601 528.444 295.366 529.065 294.896C529.687 294.425 529.998 293.686 529.998 292.678V290.125H529.773C529.622 290.409 529.407 290.72 529.128 291.058C528.85 291.396 528.462 291.687 527.966 291.931C527.47 292.175 526.822 292.297 526.024 292.297C524.998 292.297 524.072 292.055 523.246 291.57C522.42 291.085 521.766 290.368 521.283 289.417C520.801 288.467 520.56 287.296 520.56 285.903C520.56 284.51 520.8 283.315 521.28 282.321C521.76 281.326 522.415 280.563 523.244 280.031C524.073 279.5 525.011 279.234 526.058 279.234C526.866 279.234 527.522 279.368 528.023 279.636C528.525 279.903 528.919 280.218 529.204 280.58C529.49 280.942 529.709 281.26 529.861 281.532H530.041V279.398H532.563V292.69C532.563 293.833 532.303 294.774 531.783 295.512C531.263 296.25 530.557 296.796 529.663 297.149C528.77 297.503 527.763 297.68 526.643 297.68ZM526.624 290.157C527.356 290.157 527.974 289.986 528.478 289.646C528.982 289.305 529.365 288.813 529.626 288.171C529.886 287.529 530.017 286.76 530.017 285.865C530.017 284.986 529.888 284.215 529.63 283.551C529.373 282.888 528.992 282.368 528.488 281.994C527.984 281.619 527.363 281.431 526.624 281.431C525.868 281.431 525.235 281.628 524.725 282.022C524.215 282.417 523.832 282.947 523.576 283.614C523.32 284.28 523.192 285.031 523.192 285.865C523.192 286.717 523.321 287.466 523.581 288.111C523.84 288.756 524.225 289.258 524.735 289.618C525.244 289.977 525.874 290.157 526.624 290.157ZM539.7 292.788C538.871 292.788 538.121 292.635 537.451 292.329C536.78 292.022 536.25 291.572 535.858 290.977C535.467 290.383 535.271 289.655 535.271 288.795C535.271 288.05 535.415 287.44 535.702 286.964C535.989 286.489 536.375 286.111 536.861 285.832C537.346 285.552 537.888 285.342 538.486 285.202C539.084 285.061 539.694 284.955 540.316 284.882C541.089 284.789 541.717 284.713 542.2 284.654C542.683 284.595 543.04 284.498 543.271 284.361C543.503 284.225 543.618 284.003 543.618 283.695V283.629C543.618 283.14 543.524 282.726 543.336 282.387C543.147 282.048 542.867 281.788 542.494 281.607C542.122 281.425 541.658 281.335 541.104 281.335C540.538 281.335 540.05 281.423 539.642 281.598C539.233 281.774 538.9 281.997 538.644 282.268C538.388 282.54 538.197 282.824 538.072 283.122L535.646 282.498C535.944 281.712 536.37 281.081 536.925 280.605C537.48 280.128 538.116 279.78 538.834 279.562C539.552 279.344 540.297 279.234 541.068 279.234C541.594 279.234 542.154 279.297 542.748 279.423C543.342 279.549 543.9 279.775 544.422 280.102C544.945 280.428 545.371 280.89 545.701 281.486C546.031 282.083 546.196 282.855 546.196 283.802V292.5H543.702V290.706H543.57C543.4 291.045 543.147 291.374 542.812 291.694C542.476 292.014 542.051 292.276 541.537 292.481C541.024 292.685 540.411 292.788 539.7 292.788ZM540.272 290.724C540.977 290.724 541.58 290.586 542.079 290.309C542.578 290.033 542.96 289.669 543.227 289.219C543.493 288.769 543.627 288.29 543.627 287.782V286.099C543.534 286.191 543.356 286.274 543.094 286.35C542.831 286.426 542.534 286.493 542.2 286.551C541.867 286.609 541.543 286.659 541.228 286.7C540.912 286.741 540.655 286.774 540.454 286.798C539.972 286.859 539.529 286.964 539.125 287.112C538.722 287.26 538.401 287.471 538.164 287.744C537.926 288.018 537.808 288.38 537.808 288.83C537.808 289.246 537.914 289.593 538.128 289.873C538.341 290.153 538.632 290.365 539.002 290.509C539.372 290.652 539.795 290.724 540.272 290.724Z" fill="#171717"/>
<path d="M898.4 287.5L897 286.1L902.6 280.5L897 274.9L898.4 273.5L904 279.1L909.6 273.5L911 274.9L905.4 280.5L911 286.1L909.6 287.5L904 281.9L898.4 287.5Z" fill="#454545"/>
<path d="M374.337 343.318V353.5H372.925L367.749 346.033H367.655V353.5H366.119V343.318H367.54L372.721 350.795H372.815V343.318H374.337ZM379.675 353.654C378.959 353.654 378.334 353.49 377.801 353.162C377.267 352.834 376.853 352.375 376.558 351.785C376.263 351.195 376.115 350.505 376.115 349.717C376.115 348.924 376.263 348.232 376.558 347.638C376.853 347.045 377.267 346.585 377.801 346.256C378.334 345.928 378.959 345.764 379.675 345.764C380.391 345.764 381.016 345.928 381.549 346.256C382.083 346.585 382.497 347.045 382.792 347.638C383.087 348.232 383.235 348.924 383.235 349.717C383.235 350.505 383.087 351.195 382.792 351.785C382.497 352.375 382.083 352.834 381.549 353.162C381.016 353.49 380.391 353.654 379.675 353.654ZM379.68 352.406C380.144 352.406 380.528 352.284 380.833 352.038C381.138 351.793 381.364 351.467 381.509 351.059C381.659 350.651 381.733 350.202 381.733 349.712C381.733 349.224 381.659 348.777 381.509 348.369C381.364 347.958 381.138 347.629 380.833 347.38C380.528 347.131 380.144 347.007 379.68 347.007C379.213 347.007 378.825 347.131 378.517 347.38C378.212 347.629 377.985 347.958 377.835 348.369C377.69 348.777 377.617 349.224 377.617 349.712C377.617 350.202 377.69 350.651 377.835 351.059C377.985 351.467 378.212 351.793 378.517 352.038C378.825 352.284 379.213 352.406 379.68 352.406ZM384.894 353.5V345.864H386.321V347.107H386.415C386.574 346.686 386.834 346.357 387.196 346.122C387.557 345.884 387.989 345.764 388.493 345.764C389.004 345.764 389.431 345.884 389.776 346.122C390.124 346.361 390.381 346.689 390.547 347.107H390.626C390.808 346.699 391.098 346.374 391.496 346.132C391.894 345.887 392.368 345.764 392.918 345.764C393.611 345.764 394.176 345.981 394.613 346.415C395.054 346.85 395.275 347.504 395.275 348.379V353.5H393.788V348.518C393.788 348.001 393.647 347.627 393.365 347.395C393.084 347.163 392.747 347.047 392.356 347.047C391.872 347.047 391.496 347.196 391.228 347.494C390.959 347.789 390.825 348.169 390.825 348.633V353.5H389.343V348.424C389.343 348.01 389.214 347.677 388.956 347.425C388.697 347.173 388.361 347.047 387.946 347.047C387.665 347.047 387.404 347.121 387.166 347.271C386.931 347.416 386.74 347.62 386.594 347.882C386.452 348.144 386.38 348.447 386.38 348.792V353.5H384.894ZM400.483 353.654C399.768 353.654 399.143 353.49 398.609 353.162C398.076 352.834 397.661 352.375 397.366 351.785C397.071 351.195 396.924 350.505 396.924 349.717C396.924 348.924 397.071 348.232 397.366 347.638C397.661 347.045 398.076 346.585 398.609 346.256C399.143 345.928 399.768 345.764 400.483 345.764C401.199 345.764 401.824 345.928 402.358 346.256C402.891 346.585 403.306 347.045 403.601 347.638C403.896 348.232 404.043 348.924 404.043 349.717C404.043 350.505 403.896 351.195 403.601 351.785C403.306 352.375 402.891 352.834 402.358 353.162C401.824 353.49 401.199 353.654 400.483 353.654ZM400.488 352.406C400.952 352.406 401.337 352.284 401.642 352.038C401.947 351.793 402.172 351.467 402.318 351.059C402.467 350.651 402.542 350.202 402.542 349.712C402.542 349.224 402.467 348.777 402.318 348.369C402.172 347.958 401.947 347.629 401.642 347.38C401.337 347.131 400.952 347.007 400.488 347.007C400.021 347.007 399.633 347.131 399.325 347.38C399.02 347.629 398.793 347.958 398.644 348.369C398.498 348.777 398.425 349.224 398.425 349.712C398.425 350.202 398.498 350.651 398.644 351.059C398.793 351.467 399.02 351.793 399.325 352.038C399.633 352.284 400.021 352.406 400.488 352.406ZM405.702 353.5V345.864H407.139V347.077H407.219C407.358 346.666 407.603 346.343 407.955 346.107C408.309 345.869 408.71 345.749 409.158 345.749C409.25 345.749 409.36 345.753 409.486 345.759C409.615 345.766 409.716 345.774 409.789 345.784V347.206C409.729 347.189 409.623 347.171 409.471 347.151C409.318 347.128 409.166 347.116 409.013 347.116C408.662 347.116 408.349 347.191 408.074 347.34C407.802 347.486 407.587 347.69 407.428 347.952C407.268 348.21 407.189 348.505 407.189 348.837V353.5H405.702ZM416.436 343.318V353.5H414.9V343.318H416.436ZM420.04 348.966V353.5H418.554V345.864H419.981V347.107H420.075C420.251 346.702 420.526 346.377 420.901 346.132C421.278 345.887 421.754 345.764 422.327 345.764C422.848 345.764 423.304 345.874 423.695 346.092C424.086 346.308 424.389 346.629 424.604 347.057C424.82 347.484 424.928 348.013 424.928 348.643V353.5H423.441V348.822C423.441 348.268 423.297 347.836 423.009 347.524C422.72 347.209 422.324 347.052 421.82 347.052C421.476 347.052 421.169 347.126 420.901 347.276C420.635 347.425 420.425 347.643 420.269 347.932C420.117 348.217 420.04 348.562 420.04 348.966ZM429.78 353.649C429.163 353.649 428.613 353.492 428.129 353.177C427.649 352.859 427.271 352.406 426.996 351.82C426.724 351.23 426.588 350.522 426.588 349.697C426.588 348.871 426.726 348.165 427.001 347.579C427.279 346.992 427.66 346.543 428.144 346.232C428.628 345.92 429.177 345.764 429.79 345.764C430.264 345.764 430.645 345.844 430.933 346.003C431.225 346.159 431.45 346.341 431.609 346.55C431.772 346.759 431.898 346.942 431.987 347.102H432.077V343.318H433.563V353.5H432.112V352.312H431.987C431.898 352.474 431.768 352.66 431.599 352.869C431.434 353.077 431.205 353.26 430.913 353.415C430.622 353.571 430.244 353.649 429.78 353.649ZM430.108 352.381C430.536 352.381 430.897 352.269 431.192 352.043C431.49 351.815 431.715 351.498 431.868 351.094C432.024 350.689 432.102 350.219 432.102 349.682C432.102 349.152 432.025 348.687 431.873 348.29C431.72 347.892 431.497 347.582 431.202 347.36C430.907 347.138 430.542 347.027 430.108 347.027C429.661 347.027 429.288 347.143 428.989 347.375C428.691 347.607 428.466 347.924 428.313 348.325C428.164 348.726 428.089 349.178 428.089 349.682C428.089 350.192 428.166 350.651 428.318 351.059C428.471 351.467 428.696 351.79 428.994 352.028C429.296 352.264 429.667 352.381 430.108 352.381ZM440.522 350.333V345.864H442.014V353.5H440.552V352.178H440.472C440.297 352.585 440.015 352.925 439.627 353.197C439.243 353.465 438.764 353.599 438.191 353.599C437.7 353.599 437.266 353.492 436.888 353.276C436.513 353.058 436.218 352.734 436.003 352.307C435.791 351.879 435.685 351.351 435.685 350.721V345.864H437.171V350.542C437.171 351.062 437.316 351.477 437.604 351.785C437.892 352.093 438.267 352.247 438.727 352.247C439.006 352.247 439.283 352.178 439.558 352.038C439.836 351.899 440.066 351.689 440.249 351.407C440.434 351.125 440.526 350.767 440.522 350.333ZM445.378 350.91L445.368 349.095H445.627L448.669 345.864H450.449L446.979 349.543H446.745L445.378 350.91ZM444.011 353.5V343.318H445.498V353.5H444.011ZM448.833 353.5L446.099 349.871L447.123 348.832L450.658 353.5H448.833ZM455.628 353.5V343.318H457.165V348.18H457.289L461.559 343.318H463.493L459.387 347.902L463.508 353.5H461.659L458.368 348.951L457.165 350.333V353.5H455.628ZM467.537 353.654C466.784 353.654 466.136 353.493 465.593 353.172C465.052 352.847 464.635 352.391 464.34 351.805C464.048 351.215 463.902 350.524 463.902 349.732C463.902 348.949 464.048 348.26 464.34 347.663C464.635 347.067 465.046 346.601 465.573 346.266C466.103 345.932 466.723 345.764 467.432 345.764C467.863 345.764 468.281 345.835 468.685 345.978C469.089 346.121 469.452 346.344 469.774 346.649C470.095 346.954 470.349 347.35 470.534 347.837C470.72 348.321 470.813 348.91 470.813 349.602V350.129H464.743V349.016H469.356C469.356 348.625 469.277 348.278 469.118 347.977C468.958 347.672 468.735 347.431 468.446 347.256C468.161 347.08 467.827 346.992 467.442 346.992C467.025 346.992 466.66 347.095 466.348 347.3C466.04 347.503 465.801 347.768 465.632 348.096C465.467 348.421 465.384 348.774 465.384 349.155V350.025C465.384 350.535 465.473 350.969 465.652 351.327C465.835 351.685 466.088 351.959 466.413 352.148C466.738 352.333 467.117 352.426 467.551 352.426C467.833 352.426 468.09 352.386 468.322 352.307C468.554 352.224 468.755 352.101 468.924 351.939C469.093 351.777 469.222 351.576 469.311 351.337L470.718 351.591C470.606 352.005 470.404 352.368 470.112 352.68C469.824 352.988 469.461 353.228 469.023 353.401C468.589 353.57 468.093 353.654 467.537 353.654ZM472.462 356.364V345.864H473.914V347.102H474.038C474.124 346.942 474.249 346.759 474.411 346.55C474.573 346.341 474.799 346.159 475.087 346.003C475.376 345.844 475.757 345.764 476.231 345.764C476.847 345.764 477.397 345.92 477.881 346.232C478.365 346.543 478.745 346.992 479.02 347.579C479.298 348.165 479.437 348.871 479.437 349.697C479.437 350.522 479.3 351.23 479.025 351.82C478.75 352.406 478.372 352.859 477.891 353.177C477.411 353.492 476.862 353.649 476.246 353.649C475.782 353.649 475.402 353.571 475.107 353.415C474.815 353.26 474.587 353.077 474.421 352.869C474.255 352.66 474.128 352.474 474.038 352.312H473.949V356.364H472.462ZM473.919 349.682C473.919 350.219 473.997 350.689 474.153 351.094C474.308 351.498 474.534 351.815 474.829 352.043C475.124 352.269 475.485 352.381 475.912 352.381C476.357 352.381 476.728 352.264 477.026 352.028C477.324 351.79 477.55 351.467 477.702 351.059C477.858 350.651 477.936 350.192 477.936 349.682C477.936 349.178 477.86 348.726 477.707 348.325C477.558 347.924 477.333 347.607 477.031 347.375C476.733 347.143 476.36 347.027 475.912 347.027C475.482 347.027 475.117 347.138 474.819 347.36C474.524 347.582 474.3 347.892 474.148 348.29C473.995 348.687 473.919 349.152 473.919 349.682ZM484.394 353.654C483.642 353.654 482.994 353.493 482.45 353.172C481.91 352.847 481.492 352.391 481.197 351.805C480.906 351.215 480.76 350.524 480.76 349.732C480.76 348.949 480.906 348.26 481.197 347.663C481.492 347.067 481.903 346.601 482.43 346.266C482.961 345.932 483.58 345.764 484.29 345.764C484.72 345.764 485.138 345.835 485.542 345.978C485.947 346.121 486.31 346.344 486.631 346.649C486.953 346.954 487.206 347.35 487.392 347.837C487.577 348.321 487.67 348.91 487.67 349.602V350.129H481.6V349.016H486.214C486.214 348.625 486.134 348.278 485.975 347.977C485.816 347.672 485.592 347.431 485.304 347.256C485.019 347.08 484.684 346.992 484.3 346.992C483.882 346.992 483.517 347.095 483.206 347.3C482.898 347.503 482.659 347.768 482.49 348.096C482.324 348.421 482.241 348.774 482.241 349.155V350.025C482.241 350.535 482.331 350.969 482.51 351.327C482.692 351.685 482.946 351.959 483.27 352.148C483.595 352.333 483.975 352.426 484.409 352.426C484.691 352.426 484.948 352.386 485.18 352.307C485.412 352.224 485.612 352.101 485.781 351.939C485.95 351.777 486.079 351.576 486.169 351.337L487.576 351.591C487.463 352.005 487.261 352.368 486.969 352.68C486.681 352.988 486.318 353.228 485.881 353.401C485.446 353.57 484.951 353.654 484.394 353.654ZM490.806 348.966V353.5H489.32V345.864H490.746V347.107H490.841C491.017 346.702 491.292 346.377 491.666 346.132C492.044 345.887 492.52 345.764 493.093 345.764C493.613 345.764 494.069 345.874 494.46 346.092C494.851 346.308 495.155 346.629 495.37 347.057C495.585 347.484 495.693 348.013 495.693 348.643V353.5H494.207V348.822C494.207 348.268 494.063 347.836 493.774 347.524C493.486 347.209 493.09 347.052 492.586 347.052C492.241 347.052 491.935 347.126 491.666 347.276C491.401 347.425 491.191 347.643 491.035 347.932C490.882 348.217 490.806 348.562 490.806 348.966ZM500.545 353.649C499.929 353.649 499.379 353.492 498.895 353.177C498.414 352.859 498.036 352.406 497.761 351.82C497.49 351.23 497.354 350.522 497.354 349.697C497.354 348.871 497.491 348.165 497.766 347.579C498.045 346.992 498.426 346.543 498.91 346.232C499.394 345.92 499.942 345.764 500.555 345.764C501.029 345.764 501.411 345.844 501.699 346.003C501.991 346.159 502.216 346.341 502.375 346.55C502.537 346.759 502.663 346.942 502.753 347.102H502.842V343.318H504.329V353.5H502.877V352.312H502.753C502.663 352.474 502.534 352.66 502.365 352.869C502.199 353.077 501.971 353.26 501.679 353.415C501.387 353.571 501.009 353.649 500.545 353.649ZM500.874 352.381C501.301 352.381 501.662 352.269 501.957 352.043C502.256 351.815 502.481 351.498 502.634 351.094C502.789 350.689 502.867 350.219 502.867 349.682C502.867 349.152 502.791 348.687 502.638 348.29C502.486 347.892 502.262 347.582 501.967 347.36C501.672 347.138 501.308 347.027 500.874 347.027C500.426 347.027 500.053 347.143 499.755 347.375C499.457 347.607 499.231 347.924 499.079 348.325C498.93 348.726 498.855 349.178 498.855 349.682C498.855 350.192 498.931 350.651 499.084 351.059C499.236 351.467 499.462 351.79 499.76 352.028C500.062 352.264 500.433 352.381 500.874 352.381ZM511.288 350.333V345.864H512.779V353.5H511.318V352.178H511.238C511.062 352.585 510.781 352.925 510.393 353.197C510.008 353.465 509.53 353.599 508.956 353.599C508.466 353.599 508.031 353.492 507.654 353.276C507.279 353.058 506.984 352.734 506.769 352.307C506.557 351.879 506.45 351.351 506.45 350.721V345.864H507.937V350.542C507.937 351.062 508.081 351.477 508.369 351.785C508.658 352.093 509.032 352.247 509.493 352.247C509.771 352.247 510.048 352.178 510.323 352.038C510.602 351.899 510.832 351.689 511.014 351.407C511.2 351.125 511.291 350.767 511.288 350.333ZM517.635 353.649C517.019 353.649 516.469 353.492 515.985 353.177C515.504 352.859 515.126 352.406 514.851 351.82C514.579 351.23 514.444 350.522 514.444 349.697C514.444 348.871 514.581 348.165 514.856 347.579C515.135 346.992 515.516 346.543 516 346.232C516.484 345.92 517.032 345.764 517.645 345.764C518.119 345.764 518.5 345.844 518.789 346.003C519.08 346.159 519.306 346.341 519.465 346.55C519.627 346.759 519.753 346.942 519.843 347.102H519.932V343.318H521.419V353.5H519.967V352.312H519.843C519.753 352.474 519.624 352.66 519.455 352.869C519.289 353.077 519.06 353.26 518.769 353.415C518.477 353.571 518.099 353.649 517.635 353.649ZM517.963 352.381C518.391 352.381 518.752 352.269 519.047 352.043C519.346 351.815 519.571 351.498 519.723 351.094C519.879 350.689 519.957 350.219 519.957 349.682C519.957 349.152 519.881 348.687 519.728 348.29C519.576 347.892 519.352 347.582 519.057 347.36C518.762 347.138 518.398 347.027 517.963 347.027C517.516 347.027 517.143 347.143 516.845 347.375C516.547 347.607 516.321 347.924 516.169 348.325C516.02 348.726 515.945 349.178 515.945 349.682C515.945 350.192 516.021 350.651 516.174 351.059C516.326 351.467 516.551 351.79 516.85 352.028C517.151 352.264 517.523 352.381 517.963 352.381ZM528.378 350.333V345.864H529.869V353.5H528.407V352.178H528.328C528.152 352.585 527.871 352.925 527.483 353.197C527.098 353.465 526.619 353.599 526.046 353.599C525.555 353.599 525.121 353.492 524.743 353.276C524.369 353.058 524.074 352.734 523.858 352.307C523.646 351.879 523.54 351.351 523.54 350.721V345.864H525.027V350.542C525.027 351.062 525.171 351.477 525.459 351.785C525.748 352.093 526.122 352.247 526.583 352.247C526.861 352.247 527.138 352.178 527.413 352.038C527.692 351.899 527.922 351.689 528.104 351.407C528.29 351.125 528.381 350.767 528.378 350.333ZM533.234 350.91L533.224 349.095H533.482L536.525 345.864H538.305L534.835 349.543H534.601L533.234 350.91ZM531.866 353.5V343.318H533.353V353.5H531.866ZM536.689 353.5L533.955 349.871L534.979 348.832L538.513 353.5H536.689ZM541.882 353.669C541.398 353.669 540.96 353.58 540.569 353.401C540.178 353.218 539.868 352.955 539.64 352.61C539.414 352.265 539.301 351.843 539.301 351.342C539.301 350.911 539.384 350.557 539.55 350.278C539.716 350 539.94 349.78 540.221 349.617C540.503 349.455 540.818 349.332 541.166 349.249C541.514 349.166 541.868 349.103 542.23 349.06C542.687 349.007 543.058 348.964 543.343 348.931C543.628 348.895 543.836 348.837 543.965 348.757C544.094 348.678 544.159 348.548 544.159 348.369V348.335C544.159 347.9 544.036 347.564 543.791 347.325C543.549 347.087 543.188 346.967 542.707 346.967C542.207 346.967 541.812 347.078 541.524 347.3C541.239 347.519 541.042 347.763 540.932 348.031L539.535 347.713C539.701 347.249 539.943 346.875 540.261 346.589C540.583 346.301 540.952 346.092 541.37 345.963C541.787 345.83 542.226 345.764 542.687 345.764C542.992 345.764 543.315 345.801 543.657 345.874C544.001 345.943 544.323 346.072 544.621 346.261C544.923 346.45 545.17 346.72 545.362 347.072C545.554 347.42 545.65 347.872 545.65 348.429V353.5H544.199V352.456H544.139C544.043 352.648 543.899 352.837 543.706 353.023C543.514 353.208 543.267 353.362 542.966 353.485C542.664 353.608 542.303 353.669 541.882 353.669ZM542.205 352.476C542.616 352.476 542.967 352.395 543.259 352.232C543.554 352.07 543.778 351.858 543.93 351.596C544.086 351.331 544.164 351.047 544.164 350.746V349.761C544.111 349.814 544.008 349.864 543.855 349.911C543.706 349.954 543.536 349.992 543.343 350.025C543.151 350.055 542.964 350.083 542.782 350.109C542.599 350.133 542.447 350.152 542.324 350.169C542.036 350.205 541.772 350.267 541.534 350.353C541.298 350.439 541.109 350.563 540.967 350.726C540.828 350.885 540.758 351.097 540.758 351.362C540.758 351.73 540.894 352.009 541.166 352.197C541.438 352.383 541.784 352.476 542.205 352.476ZM549.117 348.966V353.5H547.63V345.864H549.057V347.107H549.151C549.327 346.702 549.602 346.377 549.977 346.132C550.355 345.887 550.83 345.764 551.404 345.764C551.924 345.764 552.38 345.874 552.771 346.092C553.162 346.308 553.465 346.629 553.681 347.057C553.896 347.484 554.004 348.013 554.004 348.643V353.5H552.517V348.822C552.517 348.268 552.373 347.836 552.085 347.524C551.796 347.209 551.4 347.052 550.896 347.052C550.552 347.052 550.245 347.126 549.977 347.276C549.712 347.425 549.501 347.643 549.345 347.932C549.193 348.217 549.117 348.562 549.117 348.966ZM560.135 348.409C560.135 347.163 560.299 346.016 560.627 344.969C560.955 343.921 561.434 342.955 562.064 342.07H563.426C563.181 342.398 562.952 342.801 562.74 343.278C562.528 343.756 562.342 344.279 562.183 344.849C562.024 345.416 561.9 346.004 561.81 346.614C561.721 347.221 561.676 347.819 561.676 348.409C561.676 349.198 561.754 349.997 561.91 350.805C562.066 351.614 562.276 352.365 562.541 353.058C562.806 353.75 563.101 354.315 563.426 354.753H562.064C561.434 353.868 560.955 352.902 560.627 351.854C560.299 350.807 560.135 349.659 560.135 348.409ZM573.331 343.318V353.5H571.919L566.743 346.033H566.649V353.5H565.113V343.318H566.535L571.715 350.795H571.809V343.318H573.331ZM577.108 343.318V353.5H575.572V343.318H577.108ZM579.345 353.5V343.318H580.881V348.18H581.006L585.276 343.318H587.21L583.104 347.902L587.225 353.5H585.376L582.085 348.951L580.881 350.333V353.5H579.345ZM591.381 348.409C591.381 349.659 591.217 350.807 590.889 351.854C590.561 352.902 590.082 353.868 589.452 354.753H588.09C588.335 354.425 588.564 354.022 588.776 353.545C588.988 353.067 589.174 352.545 589.333 351.979C589.492 351.409 589.616 350.819 589.706 350.209C589.795 349.599 589.84 348.999 589.84 348.409C589.84 347.624 589.762 346.826 589.607 346.018C589.451 345.209 589.24 344.458 588.975 343.766C588.71 343.073 588.415 342.508 588.09 342.07H589.452C590.082 342.955 590.561 343.921 590.889 344.969C591.217 346.016 591.381 347.163 591.381 348.409Z" fill="#454545"/>
<rect x="365.5" y="361" width="549" height="41" fill="#F5F3F3"/>
<rect x="365.5" y="361" width="549" height="41" stroke="#6B7280"/>
<g clip-path="url(#clip0_520_6477)">
<path d="M383.136 387.659C382.386 387.659 381.718 387.53 381.131 387.273C380.547 387.015 380.083 386.657 379.739 386.199C379.398 385.737 379.212 385.201 379.182 384.591H380.614C380.644 384.966 380.773 385.29 381 385.562C381.227 385.831 381.525 386.04 381.892 386.188C382.259 386.335 382.667 386.409 383.114 386.409C383.614 386.409 384.057 386.322 384.443 386.148C384.83 385.973 385.133 385.731 385.352 385.42C385.572 385.11 385.682 384.75 385.682 384.341C385.682 383.913 385.576 383.536 385.364 383.21C385.152 382.881 384.841 382.623 384.432 382.438C384.023 382.252 383.523 382.159 382.932 382.159H382V380.909H382.932C383.394 380.909 383.799 380.826 384.148 380.659C384.5 380.492 384.775 380.258 384.972 379.955C385.172 379.652 385.273 379.295 385.273 378.886C385.273 378.492 385.186 378.15 385.011 377.858C384.837 377.566 384.591 377.339 384.273 377.176C383.958 377.013 383.587 376.932 383.159 376.932C382.758 376.932 382.379 377.006 382.023 377.153C381.67 377.297 381.383 377.508 381.159 377.784C380.936 378.057 380.814 378.386 380.795 378.773H379.432C379.455 378.163 379.638 377.629 379.983 377.17C380.328 376.708 380.778 376.348 381.335 376.091C381.896 375.833 382.511 375.705 383.182 375.705C383.902 375.705 384.519 375.85 385.034 376.142C385.549 376.43 385.945 376.811 386.222 377.284C386.498 377.758 386.636 378.269 386.636 378.818C386.636 379.473 386.464 380.032 386.119 380.494C385.778 380.956 385.314 381.277 384.727 381.455V381.545C385.462 381.667 386.036 381.979 386.449 382.483C386.862 382.983 387.068 383.602 387.068 384.341C387.068 384.973 386.896 385.542 386.551 386.045C386.21 386.545 385.744 386.939 385.153 387.227C384.563 387.515 383.89 387.659 383.136 387.659ZM389.392 387.5V386.477L393.233 382.273C393.684 381.78 394.055 381.352 394.347 380.989C394.638 380.621 394.854 380.277 394.994 379.955C395.138 379.629 395.21 379.288 395.21 378.932C395.21 378.523 395.112 378.169 394.915 377.869C394.722 377.57 394.456 377.339 394.119 377.176C393.782 377.013 393.403 376.932 392.983 376.932C392.536 376.932 392.146 377.025 391.812 377.21C391.483 377.392 391.227 377.648 391.045 377.977C390.867 378.307 390.778 378.693 390.778 379.136H389.438C389.438 378.455 389.595 377.856 389.909 377.341C390.223 376.826 390.652 376.424 391.193 376.136C391.739 375.848 392.35 375.705 393.028 375.705C393.71 375.705 394.314 375.848 394.841 376.136C395.367 376.424 395.78 376.812 396.08 377.301C396.379 377.79 396.528 378.333 396.528 378.932C396.528 379.36 396.451 379.778 396.295 380.188C396.144 380.593 395.879 381.045 395.5 381.545C395.125 382.042 394.604 382.648 393.938 383.364L391.324 386.159V386.25H396.733V387.5H389.392ZM399.443 387.5L404.648 377.205V377.114H398.648V375.864H406.102V377.182L400.92 387.5H399.443ZM411.886 387.659C411.136 387.659 410.468 387.53 409.881 387.273C409.297 387.015 408.833 386.657 408.489 386.199C408.148 385.737 407.962 385.201 407.932 384.591H409.364C409.394 384.966 409.523 385.29 409.75 385.562C409.977 385.831 410.275 386.04 410.642 386.188C411.009 386.335 411.417 386.409 411.864 386.409C412.364 386.409 412.807 386.322 413.193 386.148C413.58 385.973 413.883 385.731 414.102 385.42C414.322 385.11 414.432 384.75 414.432 384.341C414.432 383.913 414.326 383.536 414.114 383.21C413.902 382.881 413.591 382.623 413.182 382.438C412.773 382.252 412.273 382.159 411.682 382.159H410.75V380.909H411.682C412.144 380.909 412.549 380.826 412.898 380.659C413.25 380.492 413.525 380.258 413.722 379.955C413.922 379.652 414.023 379.295 414.023 378.886C414.023 378.492 413.936 378.15 413.761 377.858C413.587 377.566 413.341 377.339 413.023 377.176C412.708 377.013 412.337 376.932 411.909 376.932C411.508 376.932 411.129 377.006 410.773 377.153C410.42 377.297 410.133 377.508 409.909 377.784C409.686 378.057 409.564 378.386 409.545 378.773H408.182C408.205 378.163 408.388 377.629 408.733 377.17C409.078 376.708 409.528 376.348 410.085 376.091C410.646 375.833 411.261 375.705 411.932 375.705C412.652 375.705 413.269 375.85 413.784 376.142C414.299 376.43 414.695 376.811 414.972 377.284C415.248 377.758 415.386 378.269 415.386 378.818C415.386 379.473 415.214 380.032 414.869 380.494C414.528 380.956 414.064 381.277 413.477 381.455V381.545C414.212 381.667 414.786 381.979 415.199 382.483C415.612 382.983 415.818 383.602 415.818 384.341C415.818 384.973 415.646 385.542 415.301 386.045C414.96 386.545 414.494 386.939 413.903 387.227C413.313 387.515 412.64 387.659 411.886 387.659ZM421.938 387.659C421.081 387.659 420.352 387.426 419.75 386.96C419.148 386.491 418.688 385.811 418.369 384.92C418.051 384.027 417.892 382.947 417.892 381.682C417.892 380.424 418.051 379.35 418.369 378.46C418.691 377.566 419.153 376.884 419.756 376.415C420.362 375.941 421.089 375.705 421.938 375.705C422.786 375.705 423.511 375.941 424.114 376.415C424.72 376.884 425.182 377.566 425.5 378.46C425.822 379.35 425.983 380.424 425.983 381.682C425.983 382.947 425.824 384.027 425.506 384.92C425.188 385.811 424.727 386.491 424.125 386.96C423.523 387.426 422.794 387.659 421.938 387.659ZM421.938 386.409C422.786 386.409 423.445 386 423.915 385.182C424.384 384.364 424.619 383.197 424.619 381.682C424.619 380.674 424.511 379.816 424.295 379.108C424.083 378.4 423.777 377.86 423.375 377.489C422.977 377.117 422.498 376.932 421.938 376.932C421.097 376.932 420.439 377.347 419.966 378.176C419.492 379.002 419.256 380.17 419.256 381.682C419.256 382.689 419.362 383.545 419.574 384.25C419.786 384.955 420.091 385.491 420.489 385.858C420.89 386.225 421.373 386.409 421.938 386.409ZM432.233 375.864V387.5H430.824V377.341H430.756L427.915 379.227V377.795L430.824 375.864H432.233ZM435.58 387.5V386.477L439.42 382.273C439.871 381.78 440.242 381.352 440.534 380.989C440.826 380.621 441.042 380.277 441.182 379.955C441.326 379.629 441.398 379.288 441.398 378.932C441.398 378.523 441.299 378.169 441.102 377.869C440.909 377.57 440.644 377.339 440.307 377.176C439.97 377.013 439.591 376.932 439.17 376.932C438.723 376.932 438.333 377.025 438 377.21C437.67 377.392 437.415 377.648 437.233 377.977C437.055 378.307 436.966 378.693 436.966 379.136H435.625C435.625 378.455 435.782 377.856 436.097 377.341C436.411 376.826 436.839 376.424 437.381 376.136C437.926 375.848 438.538 375.705 439.216 375.705C439.898 375.705 440.502 375.848 441.028 376.136C441.555 376.424 441.968 376.812 442.267 377.301C442.566 377.79 442.716 378.333 442.716 378.932C442.716 379.36 442.638 379.778 442.483 380.188C442.331 380.593 442.066 381.045 441.688 381.545C441.312 382.042 440.792 382.648 440.125 383.364L437.511 386.159V386.25H442.92V387.5H435.58ZM449.199 387.659C448.449 387.659 447.78 387.53 447.193 387.273C446.61 387.015 446.146 386.657 445.801 386.199C445.46 385.737 445.275 385.201 445.244 384.591H446.676C446.706 384.966 446.835 385.29 447.062 385.562C447.29 385.831 447.587 386.04 447.955 386.188C448.322 386.335 448.729 386.409 449.176 386.409C449.676 386.409 450.119 386.322 450.506 386.148C450.892 385.973 451.195 385.731 451.415 385.42C451.634 385.11 451.744 384.75 451.744 384.341C451.744 383.913 451.638 383.536 451.426 383.21C451.214 382.881 450.903 382.623 450.494 382.438C450.085 382.252 449.585 382.159 448.994 382.159H448.062V380.909H448.994C449.456 380.909 449.862 380.826 450.21 380.659C450.563 380.492 450.837 380.258 451.034 379.955C451.235 379.652 451.335 379.295 451.335 378.886C451.335 378.492 451.248 378.15 451.074 377.858C450.9 377.566 450.653 377.339 450.335 377.176C450.021 377.013 449.65 376.932 449.222 376.932C448.82 376.932 448.441 377.006 448.085 377.153C447.733 377.297 447.445 377.508 447.222 377.784C446.998 378.057 446.877 378.386 446.858 378.773H445.494C445.517 378.163 445.701 377.629 446.045 377.17C446.39 376.708 446.841 376.348 447.398 376.091C447.958 375.833 448.574 375.705 449.244 375.705C449.964 375.705 450.581 375.85 451.097 376.142C451.612 376.43 452.008 376.811 452.284 377.284C452.561 377.758 452.699 378.269 452.699 378.818C452.699 379.473 452.527 380.032 452.182 380.494C451.841 380.956 451.377 381.277 450.79 381.455V381.545C451.525 381.667 452.098 381.979 452.511 382.483C452.924 382.983 453.131 383.602 453.131 384.341C453.131 384.973 452.958 385.542 452.614 386.045C452.273 386.545 451.807 386.939 451.216 387.227C450.625 387.515 449.953 387.659 449.199 387.659ZM455.182 385.114V383.955L460.295 375.864H461.136V377.659H460.568L456.705 383.773V383.864H463.591V385.114H455.182ZM460.659 387.5V384.761V384.222V375.864H462V387.5H460.659ZM469.357 387.659C468.69 387.659 468.089 387.527 467.555 387.261C467.021 386.996 466.593 386.633 466.271 386.17C465.949 385.708 465.773 385.182 465.743 384.591H467.107C467.16 385.117 467.398 385.553 467.822 385.898C468.25 386.239 468.762 386.409 469.357 386.409C469.834 386.409 470.258 386.297 470.629 386.074C471.004 385.85 471.298 385.544 471.51 385.153C471.726 384.759 471.834 384.314 471.834 383.818C471.834 383.311 471.722 382.858 471.499 382.46C471.279 382.059 470.976 381.742 470.589 381.511C470.203 381.28 469.762 381.163 469.266 381.159C468.91 381.155 468.544 381.21 468.169 381.324C467.794 381.434 467.485 381.576 467.243 381.75L465.925 381.591L466.629 375.864H472.675V377.114H467.811L467.402 380.545H467.47C467.709 380.356 468.008 380.199 468.368 380.074C468.728 379.949 469.103 379.886 469.493 379.886C470.205 379.886 470.839 380.057 471.396 380.398C471.957 380.735 472.396 381.197 472.714 381.784C473.036 382.371 473.197 383.042 473.197 383.795C473.197 384.538 473.031 385.201 472.697 385.784C472.368 386.364 471.913 386.822 471.334 387.159C470.754 387.492 470.095 387.659 469.357 387.659ZM479.318 387.659C478.841 387.652 478.364 387.561 477.886 387.386C477.409 387.212 476.973 386.919 476.58 386.506C476.186 386.089 475.869 385.527 475.631 384.818C475.392 384.106 475.273 383.212 475.273 382.136C475.273 381.106 475.369 380.193 475.562 379.398C475.756 378.598 476.036 377.926 476.403 377.381C476.771 376.831 477.214 376.415 477.733 376.131C478.256 375.847 478.845 375.705 479.5 375.705C480.152 375.705 480.731 375.835 481.239 376.097C481.75 376.354 482.167 376.714 482.489 377.176C482.811 377.638 483.019 378.17 483.114 378.773H481.727C481.598 378.25 481.348 377.816 480.977 377.472C480.606 377.127 480.114 376.955 479.5 376.955C478.598 376.955 477.888 377.347 477.369 378.131C476.854 378.915 476.595 380.015 476.591 381.432H476.682C476.894 381.11 477.146 380.835 477.438 380.608C477.733 380.377 478.059 380.199 478.415 380.074C478.771 379.949 479.148 379.886 479.545 379.886C480.212 379.886 480.822 380.053 481.375 380.386C481.928 380.716 482.371 381.172 482.705 381.756C483.038 382.335 483.205 383 483.205 383.75C483.205 384.47 483.044 385.129 482.722 385.727C482.4 386.322 481.947 386.795 481.364 387.148C480.784 387.496 480.102 387.667 479.318 387.659ZM479.318 386.409C479.795 386.409 480.223 386.29 480.602 386.051C480.985 385.812 481.286 385.492 481.506 385.091C481.729 384.689 481.841 384.242 481.841 383.75C481.841 383.269 481.733 382.831 481.517 382.438C481.305 382.04 481.011 381.723 480.636 381.489C480.265 381.254 479.841 381.136 479.364 381.136C479.004 381.136 478.669 381.208 478.358 381.352C478.047 381.492 477.775 381.686 477.54 381.932C477.309 382.178 477.127 382.46 476.994 382.778C476.862 383.093 476.795 383.424 476.795 383.773C476.795 384.235 476.903 384.667 477.119 385.068C477.339 385.47 477.638 385.794 478.017 386.04C478.4 386.286 478.833 386.409 479.318 386.409ZM485.803 387.5L491.007 377.205V377.114H485.007V375.864H492.462V377.182L487.28 387.5H485.803ZM498.072 387.659C497.292 387.659 496.603 387.521 496.004 387.244C495.41 386.964 494.946 386.58 494.612 386.091C494.279 385.598 494.114 385.038 494.118 384.409C494.114 383.917 494.211 383.462 494.408 383.045C494.605 382.625 494.874 382.275 495.214 381.994C495.559 381.71 495.944 381.53 496.368 381.455V381.386C495.811 381.242 495.368 380.93 495.038 380.449C494.709 379.964 494.546 379.413 494.55 378.795C494.546 378.205 494.696 377.676 494.999 377.21C495.302 376.744 495.718 376.377 496.249 376.108C496.783 375.839 497.391 375.705 498.072 375.705C498.747 375.705 499.349 375.839 499.879 376.108C500.41 376.377 500.826 376.744 501.129 377.21C501.436 377.676 501.591 378.205 501.595 378.795C501.591 379.413 501.423 379.964 501.089 380.449C500.76 380.93 500.322 381.242 499.777 381.386V381.455C500.197 381.53 500.576 381.71 500.913 381.994C501.25 382.275 501.519 382.625 501.72 383.045C501.921 383.462 502.023 383.917 502.027 384.409C502.023 385.038 501.853 385.598 501.516 386.091C501.182 386.58 500.718 386.964 500.124 387.244C499.533 387.521 498.849 387.659 498.072 387.659ZM498.072 386.409C498.599 386.409 499.054 386.324 499.436 386.153C499.819 385.983 500.114 385.742 500.322 385.432C500.531 385.121 500.637 384.758 500.641 384.341C500.637 383.902 500.523 383.513 500.3 383.176C500.076 382.839 499.771 382.574 499.385 382.381C499.002 382.187 498.565 382.091 498.072 382.091C497.576 382.091 497.133 382.187 496.743 382.381C496.357 382.574 496.052 382.839 495.828 383.176C495.608 383.513 495.5 383.902 495.504 384.341C495.5 384.758 495.601 385.121 495.805 385.432C496.014 385.742 496.311 385.983 496.697 386.153C497.084 386.324 497.542 386.409 498.072 386.409ZM498.072 380.886C498.489 380.886 498.858 380.803 499.18 380.636C499.506 380.47 499.762 380.237 499.947 379.938C500.133 379.638 500.228 379.288 500.232 378.886C500.228 378.492 500.135 378.15 499.953 377.858C499.771 377.562 499.519 377.335 499.197 377.176C498.875 377.013 498.5 376.932 498.072 376.932C497.637 376.932 497.256 377.013 496.93 377.176C496.605 377.335 496.353 377.562 496.175 377.858C495.997 378.15 495.91 378.492 495.913 378.886C495.91 379.288 495.999 379.638 496.18 379.938C496.366 380.237 496.622 380.47 496.947 380.636C497.273 380.803 497.648 380.886 498.072 380.886ZM507.909 375.705C508.386 375.708 508.864 375.799 509.341 375.977C509.818 376.155 510.254 376.451 510.648 376.864C511.042 377.273 511.358 377.831 511.597 378.54C511.835 379.248 511.955 380.136 511.955 381.205C511.955 382.239 511.856 383.157 511.659 383.96C511.466 384.759 511.186 385.434 510.818 385.983C510.455 386.532 510.011 386.949 509.489 387.233C508.97 387.517 508.383 387.659 507.727 387.659C507.076 387.659 506.494 387.53 505.983 387.273C505.475 387.011 505.059 386.65 504.733 386.188C504.411 385.722 504.205 385.182 504.114 384.568H505.5C505.625 385.102 505.873 385.544 506.244 385.892C506.619 386.237 507.114 386.409 507.727 386.409C508.625 386.409 509.333 386.017 509.852 385.233C510.375 384.449 510.636 383.341 510.636 381.909H510.545C510.333 382.227 510.081 382.502 509.79 382.733C509.498 382.964 509.174 383.142 508.818 383.267C508.462 383.392 508.083 383.455 507.682 383.455C507.015 383.455 506.403 383.29 505.847 382.96C505.294 382.627 504.85 382.17 504.517 381.591C504.188 381.008 504.023 380.341 504.023 379.591C504.023 378.879 504.182 378.227 504.5 377.636C504.822 377.042 505.273 376.568 505.852 376.216C506.436 375.864 507.121 375.693 507.909 375.705ZM507.909 376.955C507.432 376.955 507.002 377.074 506.619 377.312C506.241 377.547 505.939 377.866 505.716 378.267C505.496 378.665 505.386 379.106 505.386 379.591C505.386 380.076 505.492 380.517 505.705 380.915C505.92 381.309 506.214 381.623 506.585 381.858C506.96 382.089 507.386 382.205 507.864 382.205C508.223 382.205 508.559 382.134 508.869 381.994C509.18 381.85 509.451 381.655 509.682 381.409C509.917 381.159 510.1 380.877 510.233 380.562C510.366 380.244 510.432 379.913 510.432 379.568C510.432 379.114 510.322 378.687 510.102 378.29C509.886 377.892 509.587 377.57 509.205 377.324C508.826 377.078 508.394 376.955 507.909 376.955ZM517.984 387.659C517.128 387.659 516.399 387.426 515.797 386.96C515.195 386.491 514.734 385.811 514.416 384.92C514.098 384.027 513.939 382.947 513.939 381.682C513.939 380.424 514.098 379.35 514.416 378.46C514.738 377.566 515.2 376.884 515.803 376.415C516.409 375.941 517.136 375.705 517.984 375.705C518.833 375.705 519.558 375.941 520.161 376.415C520.767 376.884 521.229 377.566 521.547 378.46C521.869 379.35 522.03 380.424 522.03 381.682C522.03 382.947 521.871 384.027 521.553 384.92C521.234 385.811 520.774 386.491 520.172 386.96C519.57 387.426 518.84 387.659 517.984 387.659ZM517.984 386.409C518.833 386.409 519.492 386 519.962 385.182C520.431 384.364 520.666 383.197 520.666 381.682C520.666 380.674 520.558 379.816 520.342 379.108C520.13 378.4 519.823 377.86 519.422 377.489C519.024 377.117 518.545 376.932 517.984 376.932C517.143 376.932 516.486 377.347 516.013 378.176C515.539 379.002 515.303 380.17 515.303 381.682C515.303 382.689 515.409 383.545 515.621 384.25C515.833 384.955 516.138 385.491 516.536 385.858C516.937 386.225 517.42 386.409 517.984 386.409ZM528.28 375.864V387.5H526.871V377.341H526.803L523.962 379.227V377.795L526.871 375.864H528.28Z" fill="#434752"/>
</g>
<path d="M891.333 389C890.875 389 890.483 388.837 890.156 388.51C889.83 388.184 889.667 387.792 889.667 387.333V379C889.667 378.542 889.83 378.149 890.156 377.823C890.483 377.497 890.875 377.333 891.333 377.333H892.167V375.667C892.167 374.514 892.573 373.531 893.385 372.719C894.198 371.906 895.181 371.5 896.333 371.5C897.486 371.5 898.469 371.906 899.281 372.719C900.094 373.531 900.5 374.514 900.5 375.667V377.333H901.333C901.792 377.333 902.184 377.497 902.51 377.823C902.837 378.149 903 378.542 903 379V387.333C903 387.792 902.837 388.184 902.51 388.51C902.184 388.837 901.792 389 901.333 389H891.333ZM891.333 387.333H901.333V379H891.333V387.333ZM896.333 384.833C896.792 384.833 897.184 384.67 897.51 384.344C897.837 384.017 898 383.625 898 383.167C898 382.708 897.837 382.316 897.51 381.99C897.184 381.663 896.792 381.5 896.333 381.5C895.875 381.5 895.483 381.663 895.156 381.99C894.83 382.316 894.667 382.708 894.667 383.167C894.667 383.625 894.83 384.017 895.156 384.344C895.483 384.67 895.875 384.833 896.333 384.833ZM893.833 377.333H898.833V375.667C898.833 374.972 898.59 374.382 898.104 373.896C897.618 373.41 897.028 373.167 896.333 373.167C895.639 373.167 895.049 373.41 894.563 373.896C894.076 374.382 893.833 374.972 893.833 375.667V377.333ZM891.333 387.333V379V387.333Z" fill="#434752"/>
<path d="M373.003 409.773V418.5H371.793L367.357 412.099H367.276V418.5H365.959V409.773H367.178L371.618 416.182H371.699V409.773H373.003ZM376.48 409.773V418.5H375.164V409.773H376.48ZM378.638 418.5V409.773H379.955V413.94H380.061L383.722 409.773H385.38L381.86 413.702L385.392 418.5H383.807L380.986 414.601L379.955 415.786V418.5H378.638ZM393.216 411.955V412.977H389.64V411.955H393.216ZM390.599 410.386H391.873V416.578C391.873 416.825 391.91 417.011 391.984 417.136C392.058 417.259 392.153 417.342 392.27 417.388C392.389 417.43 392.518 417.452 392.657 417.452C392.76 417.452 392.849 417.445 392.926 417.43C393.003 417.416 393.062 417.405 393.105 417.396L393.335 418.449C393.261 418.477 393.156 418.506 393.02 418.534C392.883 418.565 392.713 418.582 392.508 418.585C392.173 418.591 391.861 418.531 391.571 418.406C391.281 418.281 391.047 418.088 390.868 417.827C390.689 417.565 390.599 417.237 390.599 416.842V410.386ZM397.616 418.632C396.971 418.632 396.416 418.494 395.95 418.219C395.487 417.94 395.129 417.55 394.876 417.047C394.626 416.541 394.501 415.949 394.501 415.27C394.501 414.599 394.626 414.009 394.876 413.497C395.129 412.986 395.481 412.587 395.933 412.3C396.387 412.013 396.918 411.869 397.526 411.869C397.896 411.869 398.254 411.93 398.6 412.053C398.947 412.175 399.258 412.366 399.533 412.628C399.809 412.889 400.026 413.229 400.185 413.646C400.345 414.061 400.424 414.565 400.424 415.159V415.611H395.221V414.656H399.175C399.175 414.321 399.107 414.024 398.971 413.766C398.835 413.504 398.643 413.298 398.396 413.148C398.151 412.997 397.864 412.922 397.535 412.922C397.177 412.922 396.864 413.01 396.597 413.186C396.333 413.359 396.129 413.587 395.984 413.868C395.842 414.146 395.771 414.449 395.771 414.776V415.521C395.771 415.959 395.847 416.331 396.001 416.638C396.157 416.945 396.374 417.179 396.653 417.341C396.931 417.5 397.256 417.58 397.629 417.58C397.87 417.58 398.09 417.545 398.289 417.477C398.488 417.406 398.66 417.301 398.805 417.162C398.95 417.023 399.06 416.851 399.137 416.646L400.343 416.864C400.247 417.219 400.073 417.53 399.823 417.797C399.576 418.061 399.265 418.267 398.89 418.415C398.518 418.56 398.093 418.632 397.616 418.632ZM402.078 418.5V411.955H403.309V412.994H403.377C403.497 412.642 403.707 412.365 404.008 412.163C404.312 411.959 404.656 411.857 405.039 411.857C405.119 411.857 405.213 411.859 405.321 411.865C405.431 411.871 405.518 411.878 405.581 411.886V413.105C405.529 413.091 405.439 413.075 405.308 413.058C405.177 413.038 405.047 413.028 404.916 413.028C404.615 413.028 404.346 413.092 404.11 413.22C403.877 413.345 403.693 413.52 403.556 413.744C403.42 413.966 403.352 414.219 403.352 414.503V418.5H402.078ZM406.923 418.5V411.955H408.197V418.5H406.923ZM407.567 410.945C407.345 410.945 407.155 410.871 406.996 410.723C406.839 410.572 406.761 410.393 406.761 410.186C406.761 409.976 406.839 409.797 406.996 409.649C407.155 409.499 407.345 409.423 407.567 409.423C407.788 409.423 407.977 409.499 408.133 409.649C408.293 409.797 408.372 409.976 408.372 410.186C408.372 410.393 408.293 410.572 408.133 410.723C407.977 410.871 407.788 410.945 407.567 410.945ZM411.426 414.614V418.5H410.152V411.955H411.375V413.02H411.456C411.606 412.673 411.842 412.395 412.163 412.185C412.487 411.974 412.894 411.869 413.386 411.869C413.832 411.869 414.223 411.963 414.558 412.151C414.893 412.335 415.153 412.611 415.338 412.977C415.522 413.344 415.615 413.797 415.615 414.337V418.5H414.34V414.49C414.34 414.016 414.217 413.645 413.97 413.378C413.723 413.108 413.383 412.973 412.951 412.973C412.656 412.973 412.393 413.037 412.163 413.165C411.936 413.293 411.755 413.48 411.622 413.727C411.491 413.972 411.426 414.267 411.426 414.614ZM420.619 411.955V412.977H417.044V411.955H420.619ZM418.002 410.386H419.276V416.578C419.276 416.825 419.313 417.011 419.387 417.136C419.461 417.259 419.556 417.342 419.673 417.388C419.792 417.43 419.921 417.452 420.061 417.452C420.163 417.452 420.252 417.445 420.329 417.43C420.406 417.416 420.465 417.405 420.508 417.396L420.738 418.449C420.664 418.477 420.559 418.506 420.423 418.534C420.286 418.565 420.116 418.582 419.911 418.585C419.576 418.591 419.264 418.531 418.974 418.406C418.684 418.281 418.45 418.088 418.271 417.827C418.092 417.565 418.002 417.237 418.002 416.842V410.386ZM425.019 418.632C424.374 418.632 423.819 418.494 423.353 418.219C422.89 417.94 422.532 417.55 422.279 417.047C422.029 416.541 421.904 415.949 421.904 415.27C421.904 414.599 422.029 414.009 422.279 413.497C422.532 412.986 422.884 412.587 423.336 412.3C423.79 412.013 424.322 411.869 424.929 411.869C425.299 411.869 425.657 411.93 426.003 412.053C426.35 412.175 426.661 412.366 426.937 412.628C427.212 412.889 427.429 413.229 427.589 413.646C427.748 414.061 427.827 414.565 427.827 415.159V415.611H422.624V414.656H426.579C426.579 414.321 426.51 414.024 426.374 413.766C426.238 413.504 426.046 413.298 425.799 413.148C425.554 412.997 425.268 412.922 424.938 412.922C424.58 412.922 424.268 413.01 424 413.186C423.736 413.359 423.532 413.587 423.387 413.868C423.245 414.146 423.174 414.449 423.174 414.776V415.521C423.174 415.959 423.25 416.331 423.404 416.638C423.56 416.945 423.777 417.179 424.056 417.341C424.334 417.5 424.66 417.58 425.032 417.58C425.273 417.58 425.493 417.545 425.692 417.477C425.891 417.406 426.063 417.301 426.208 417.162C426.353 417.023 426.464 416.851 426.54 416.646L427.746 416.864C427.65 417.219 427.476 417.53 427.226 417.797C426.979 418.061 426.668 418.267 426.293 418.415C425.921 418.56 425.496 418.632 425.019 418.632ZM432.225 421.091C431.705 421.091 431.258 421.023 430.883 420.886C430.511 420.75 430.207 420.57 429.971 420.345C429.735 420.121 429.559 419.875 429.443 419.608L430.538 419.156C430.614 419.281 430.717 419.413 430.845 419.553C430.975 419.695 431.151 419.815 431.373 419.915C431.597 420.014 431.886 420.064 432.238 420.064C432.721 420.064 433.12 419.946 433.435 419.71C433.751 419.477 433.908 419.105 433.908 418.594V417.307H433.827C433.751 417.446 433.64 417.601 433.495 417.771C433.353 417.942 433.157 418.089 432.907 418.214C432.657 418.339 432.332 418.402 431.931 418.402C431.414 418.402 430.948 418.281 430.533 418.04C430.122 417.795 429.795 417.436 429.553 416.962C429.315 416.484 429.195 415.898 429.195 415.202C429.195 414.506 429.313 413.909 429.549 413.412C429.788 412.915 430.114 412.534 430.529 412.27C430.944 412.003 431.414 411.869 431.94 411.869C432.346 411.869 432.674 411.938 432.924 412.074C433.174 412.207 433.369 412.364 433.508 412.543C433.65 412.722 433.759 412.879 433.836 413.016H433.93V411.955H435.178V418.645C435.178 419.207 435.048 419.669 434.786 420.03C434.525 420.391 434.171 420.658 433.725 420.831C433.282 421.004 432.782 421.091 432.225 421.091ZM432.212 417.345C432.579 417.345 432.889 417.26 433.141 417.089C433.397 416.916 433.59 416.669 433.721 416.348C433.854 416.024 433.921 415.636 433.921 415.185C433.921 414.744 433.856 414.357 433.725 414.021C433.595 413.686 433.403 413.425 433.15 413.237C432.897 413.047 432.585 412.952 432.212 412.952C431.829 412.952 431.509 413.051 431.254 413.25C430.998 413.446 430.805 413.713 430.674 414.051C430.546 414.389 430.482 414.767 430.482 415.185C430.482 415.614 430.548 415.99 430.678 416.314C430.809 416.638 431.002 416.891 431.258 417.072C431.516 417.254 431.835 417.345 432.212 417.345ZM437.127 418.5V411.955H438.359V412.994H438.427C438.546 412.642 438.756 412.365 439.058 412.163C439.362 411.959 439.705 411.857 440.089 411.857C440.168 411.857 440.262 411.859 440.37 411.865C440.481 411.871 440.567 411.878 440.63 411.886V413.105C440.579 413.091 440.488 413.075 440.357 413.058C440.227 413.038 440.096 413.028 439.965 413.028C439.664 413.028 439.396 413.092 439.16 413.22C438.927 413.345 438.742 413.52 438.606 413.744C438.469 413.966 438.401 414.219 438.401 414.503V418.5H437.127ZM443.819 418.645C443.404 418.645 443.029 418.568 442.694 418.415C442.359 418.259 442.093 418.033 441.897 417.737C441.704 417.442 441.607 417.08 441.607 416.651C441.607 416.281 441.678 415.977 441.82 415.739C441.962 415.5 442.154 415.311 442.396 415.172C442.637 415.033 442.907 414.928 443.205 414.857C443.504 414.786 443.808 414.732 444.117 414.695C444.509 414.649 444.827 414.612 445.072 414.584C445.316 414.553 445.494 414.503 445.604 414.435C445.715 414.366 445.771 414.256 445.771 414.102V414.072C445.771 413.7 445.665 413.412 445.455 413.207C445.248 413.003 444.938 412.901 444.526 412.901C444.097 412.901 443.759 412.996 443.512 413.186C443.268 413.374 443.099 413.582 443.005 413.812L441.808 413.54C441.95 413.142 442.157 412.821 442.43 412.577C442.705 412.33 443.022 412.151 443.38 412.04C443.738 411.926 444.114 411.869 444.509 411.869C444.771 411.869 445.048 411.901 445.34 411.963C445.636 412.023 445.911 412.134 446.167 412.295C446.425 412.457 446.637 412.689 446.802 412.99C446.967 413.288 447.049 413.676 447.049 414.153V418.5H445.805V417.605H445.754C445.671 417.77 445.548 417.932 445.383 418.091C445.218 418.25 445.006 418.382 444.748 418.487C444.489 418.592 444.18 418.645 443.819 418.645ZM444.096 417.622C444.448 417.622 444.749 417.553 444.999 417.413C445.252 417.274 445.444 417.092 445.575 416.868C445.708 416.641 445.775 416.398 445.775 416.139V415.295C445.729 415.341 445.641 415.384 445.511 415.423C445.383 415.46 445.236 415.493 445.072 415.521C444.907 415.547 444.746 415.571 444.59 415.594C444.434 415.614 444.303 415.631 444.198 415.645C443.951 415.676 443.725 415.729 443.521 415.803C443.319 415.876 443.157 415.983 443.035 416.122C442.915 416.259 442.856 416.44 442.856 416.668C442.856 416.983 442.972 417.222 443.205 417.384C443.438 417.543 443.735 417.622 444.096 417.622ZM453.891 413.553L452.736 413.757C452.688 413.609 452.611 413.469 452.506 413.335C452.404 413.202 452.264 413.092 452.088 413.007C451.912 412.922 451.692 412.879 451.428 412.879C451.067 412.879 450.766 412.96 450.524 413.122C450.283 413.281 450.162 413.487 450.162 413.74C450.162 413.959 450.243 414.135 450.405 414.268C450.567 414.402 450.828 414.511 451.189 414.597L452.229 414.835C452.831 414.974 453.28 415.189 453.576 415.479C453.871 415.768 454.019 416.145 454.019 416.608C454.019 417 453.905 417.349 453.678 417.656C453.453 417.96 453.139 418.199 452.736 418.372C452.335 418.545 451.871 418.632 451.343 418.632C450.61 418.632 450.012 418.476 449.549 418.163C449.085 417.848 448.801 417.401 448.696 416.821L449.928 416.634C450.005 416.955 450.162 417.197 450.401 417.362C450.639 417.524 450.951 417.605 451.334 417.605C451.752 417.605 452.085 417.518 452.335 417.345C452.585 417.169 452.71 416.955 452.71 416.702C452.71 416.497 452.634 416.325 452.48 416.186C452.33 416.047 452.098 415.942 451.786 415.871L450.678 415.628C450.067 415.489 449.615 415.267 449.323 414.963C449.033 414.659 448.888 414.274 448.888 413.808C448.888 413.422 448.996 413.084 449.212 412.794C449.428 412.504 449.726 412.278 450.107 412.116C450.487 411.952 450.924 411.869 451.415 411.869C452.122 411.869 452.679 412.023 453.085 412.33C453.492 412.634 453.76 413.041 453.891 413.553ZM455.66 418.5V411.955H456.934V418.5H455.66ZM456.303 410.945C456.082 410.945 455.891 410.871 455.732 410.723C455.576 410.572 455.498 410.393 455.498 410.186C455.498 409.976 455.576 409.797 455.732 409.649C455.891 409.499 456.082 409.423 456.303 409.423C456.525 409.423 456.714 409.499 456.87 409.649C457.029 409.797 457.109 409.976 457.109 410.186C457.109 410.393 457.029 410.572 456.87 410.723C456.714 410.871 456.525 410.945 456.303 410.945ZM465.231 418.5H462.406V409.773H465.321C466.176 409.773 466.91 409.947 467.524 410.297C468.138 410.643 468.608 411.142 468.934 411.793C469.264 412.44 469.429 413.217 469.429 414.124C469.429 415.033 469.263 415.814 468.93 416.467C468.601 417.121 468.123 417.624 467.498 417.976C466.873 418.325 466.118 418.5 465.231 418.5ZM463.723 417.349H465.159C465.824 417.349 466.376 417.224 466.817 416.974C467.257 416.722 467.586 416.357 467.805 415.879C468.024 415.399 468.133 414.814 468.133 414.124C468.133 413.439 468.024 412.858 467.805 412.381C467.589 411.903 467.267 411.541 466.838 411.294C466.409 411.047 465.876 410.923 465.24 410.923H463.723V417.349ZM475.35 415.786V411.955H476.629V418.5H475.376V417.366H475.308C475.157 417.716 474.916 418.007 474.583 418.24C474.254 418.47 473.843 418.585 473.352 418.585C472.931 418.585 472.559 418.493 472.235 418.308C471.914 418.121 471.661 417.844 471.477 417.477C471.295 417.111 471.204 416.658 471.204 416.118V411.955H472.478V415.964C472.478 416.411 472.602 416.766 472.849 417.03C473.096 417.294 473.417 417.426 473.812 417.426C474.05 417.426 474.288 417.366 474.523 417.247C474.762 417.128 474.96 416.947 475.116 416.706C475.275 416.464 475.353 416.158 475.35 415.786ZM479.752 416.28L479.744 414.724H479.966L482.573 411.955H484.099L481.125 415.108H480.924L479.752 416.28ZM478.581 418.5V409.773H479.855V418.5H478.581ZM482.714 418.5L480.37 415.389L481.248 414.499L484.278 418.5H482.714ZM487.988 418.632C487.354 418.632 486.809 418.489 486.351 418.202C485.897 417.912 485.548 417.513 485.303 417.004C485.059 416.496 484.937 415.913 484.937 415.257C484.937 414.592 485.062 414.006 485.312 413.497C485.562 412.986 485.914 412.587 486.369 412.3C486.823 412.013 487.359 411.869 487.975 411.869C488.472 411.869 488.915 411.962 489.305 412.146C489.694 412.328 490.008 412.584 490.246 412.913C490.488 413.243 490.631 413.628 490.677 414.068H489.437C489.369 413.761 489.212 413.497 488.968 413.276C488.726 413.054 488.403 412.943 487.996 412.943C487.641 412.943 487.33 413.037 487.063 413.224C486.799 413.409 486.593 413.673 486.445 414.017C486.298 414.358 486.224 414.761 486.224 415.227C486.224 415.705 486.296 416.116 486.441 416.463C486.586 416.81 486.79 417.078 487.055 417.268C487.322 417.459 487.636 417.554 487.996 417.554C488.238 417.554 488.457 417.51 488.653 417.422C488.851 417.331 489.018 417.202 489.151 417.034C489.288 416.866 489.383 416.665 489.437 416.429H490.677C490.631 416.852 490.494 417.23 490.263 417.562C490.033 417.895 489.725 418.156 489.339 418.347C488.955 418.537 488.505 418.632 487.988 418.632ZM494.184 418.645C493.769 418.645 493.394 418.568 493.059 418.415C492.724 418.259 492.458 418.033 492.262 417.737C492.069 417.442 491.973 417.08 491.973 416.651C491.973 416.281 492.044 415.977 492.186 415.739C492.328 415.5 492.519 415.311 492.761 415.172C493.002 415.033 493.272 414.928 493.571 414.857C493.869 414.786 494.173 414.732 494.482 414.695C494.875 414.649 495.193 414.612 495.437 414.584C495.681 414.553 495.859 414.503 495.97 414.435C496.08 414.366 496.136 414.256 496.136 414.102V414.072C496.136 413.7 496.031 413.412 495.821 413.207C495.613 413.003 495.303 412.901 494.892 412.901C494.463 412.901 494.125 412.996 493.877 413.186C493.633 413.374 493.464 413.582 493.37 413.812L492.173 413.54C492.315 413.142 492.522 412.821 492.795 412.577C493.071 412.33 493.387 412.151 493.745 412.04C494.103 411.926 494.48 411.869 494.875 411.869C495.136 411.869 495.413 411.901 495.705 411.963C496.001 412.023 496.277 412.134 496.532 412.295C496.791 412.457 497.002 412.689 497.167 412.99C497.332 413.288 497.414 413.676 497.414 414.153V418.5H496.17V417.605H496.119C496.036 417.77 495.913 417.932 495.748 418.091C495.583 418.25 495.372 418.382 495.113 418.487C494.855 418.592 494.545 418.645 494.184 418.645ZM494.461 417.622C494.813 417.622 495.115 417.553 495.365 417.413C495.617 417.274 495.809 417.092 495.94 416.868C496.073 416.641 496.14 416.398 496.14 416.139V415.295C496.095 415.341 496.007 415.384 495.876 415.423C495.748 415.46 495.602 415.493 495.437 415.521C495.272 415.547 495.112 415.571 494.955 415.594C494.799 415.614 494.669 415.631 494.563 415.645C494.316 415.676 494.09 415.729 493.886 415.803C493.684 415.876 493.522 415.983 493.4 416.122C493.281 416.259 493.221 416.44 493.221 416.668C493.221 416.983 493.338 417.222 493.571 417.384C493.803 417.543 494.1 417.622 494.461 417.622ZM499.351 420.955V411.955H500.596V413.016H500.702C500.776 412.879 500.883 412.722 501.022 412.543C501.161 412.364 501.354 412.207 501.601 412.074C501.849 411.938 502.175 411.869 502.581 411.869C503.11 411.869 503.581 412.003 503.996 412.27C504.411 412.537 504.736 412.922 504.972 413.425C505.211 413.928 505.33 414.533 505.33 415.24C505.33 415.947 505.212 416.554 504.976 417.06C504.741 417.562 504.417 417.95 504.005 418.223C503.593 418.493 503.123 418.628 502.594 418.628C502.197 418.628 501.871 418.561 501.618 418.428C501.368 418.294 501.172 418.138 501.03 417.959C500.888 417.78 500.779 417.621 500.702 417.482H500.626V420.955H499.351ZM500.6 415.227C500.6 415.687 500.667 416.091 500.8 416.438C500.934 416.784 501.127 417.055 501.38 417.251C501.633 417.445 501.942 417.541 502.309 417.541C502.689 417.541 503.008 417.44 503.263 417.239C503.519 417.034 503.712 416.757 503.843 416.408C503.976 416.058 504.043 415.665 504.043 415.227C504.043 414.795 503.978 414.408 503.847 414.064C503.719 413.72 503.526 413.449 503.268 413.25C503.012 413.051 502.692 412.952 502.309 412.952C501.939 412.952 501.627 413.047 501.371 413.237C501.118 413.428 500.927 413.693 500.796 414.034C500.665 414.375 500.6 414.773 500.6 415.227ZM506.998 418.5V411.955H508.272V418.5H506.998ZM507.641 410.945C507.42 410.945 507.229 410.871 507.07 410.723C506.914 410.572 506.836 410.393 506.836 410.186C506.836 409.976 506.914 409.797 507.07 409.649C507.229 409.499 507.42 409.423 507.641 409.423C507.863 409.423 508.052 409.499 508.208 409.649C508.367 409.797 508.446 409.976 508.446 410.186C508.446 410.393 508.367 410.572 508.208 410.723C508.052 410.871 507.863 410.945 507.641 410.945ZM511.5 409.773V418.5H510.226V409.773H511.5ZM517.241 414.878C517.241 413.81 517.381 412.827 517.663 411.929C517.944 411.031 518.354 410.203 518.894 409.445H520.062C519.852 409.726 519.655 410.071 519.474 410.48C519.292 410.889 519.133 411.338 518.996 411.827C518.86 412.312 518.753 412.817 518.677 413.339C518.6 413.859 518.562 414.372 518.562 414.878C518.562 415.554 518.628 416.239 518.762 416.932C518.896 417.625 519.076 418.268 519.303 418.862C519.53 419.456 519.783 419.94 520.062 420.315H518.894C518.354 419.557 517.944 418.729 517.663 417.831C517.381 416.933 517.241 415.949 517.241 414.878ZM521.645 418.5V411.955H522.877V412.994H522.945C523.064 412.642 523.274 412.365 523.576 412.163C523.879 411.959 524.223 411.857 524.607 411.857C524.686 411.857 524.78 411.859 524.888 411.865C524.999 411.871 525.085 411.878 525.148 411.886V413.105C525.097 413.091 525.006 413.075 524.875 413.058C524.745 413.038 524.614 413.028 524.483 413.028C524.182 413.028 523.914 413.092 523.678 413.22C523.445 413.345 523.26 413.52 523.124 413.744C522.987 413.966 522.919 414.219 522.919 414.503V418.5H521.645ZM529.077 418.632C528.432 418.632 527.877 418.494 527.411 418.219C526.948 417.94 526.59 417.55 526.337 417.047C526.087 416.541 525.962 415.949 525.962 415.27C525.962 414.599 526.087 414.009 526.337 413.497C526.59 412.986 526.942 412.587 527.394 412.3C527.849 412.013 528.38 411.869 528.988 411.869C529.357 411.869 529.715 411.93 530.062 412.053C530.408 412.175 530.719 412.366 530.995 412.628C531.27 412.889 531.488 413.229 531.647 413.646C531.806 414.061 531.885 414.565 531.885 415.159V415.611H526.682V414.656H530.637C530.637 414.321 530.569 414.024 530.432 413.766C530.296 413.504 530.104 413.298 529.857 413.148C529.613 412.997 529.326 412.922 528.996 412.922C528.638 412.922 528.326 413.01 528.059 413.186C527.795 413.359 527.59 413.587 527.445 413.868C527.303 414.146 527.232 414.449 527.232 414.776V415.521C527.232 415.959 527.309 416.331 527.462 416.638C527.618 416.945 527.836 417.179 528.114 417.341C528.393 417.5 528.718 417.58 529.09 417.58C529.332 417.58 529.552 417.545 529.751 417.477C529.949 417.406 530.121 417.301 530.266 417.162C530.411 417.023 530.522 416.851 530.599 416.646L531.805 416.864C531.708 417.219 531.535 417.53 531.285 417.797C531.037 418.061 530.726 418.267 530.351 418.415C529.979 418.56 529.555 418.632 529.077 418.632ZM535.444 418.645C535.029 418.645 534.654 418.568 534.319 418.415C533.984 418.259 533.718 418.033 533.522 417.737C533.329 417.442 533.232 417.08 533.232 416.651C533.232 416.281 533.303 415.977 533.445 415.739C533.587 415.5 533.779 415.311 534.021 415.172C534.262 415.033 534.532 414.928 534.83 414.857C535.129 414.786 535.433 414.732 535.742 414.695C536.134 414.649 536.453 414.612 536.697 414.584C536.941 414.553 537.119 414.503 537.23 414.435C537.34 414.366 537.396 414.256 537.396 414.102V414.072C537.396 413.7 537.291 413.412 537.08 413.207C536.873 413.003 536.563 412.901 536.151 412.901C535.722 412.901 535.384 412.996 535.137 413.186C534.893 413.374 534.724 413.582 534.63 413.812L533.433 413.54C533.575 413.142 533.782 412.821 534.055 412.577C534.33 412.33 534.647 412.151 535.005 412.04C535.363 411.926 535.739 411.869 536.134 411.869C536.396 411.869 536.673 411.901 536.965 411.963C537.261 412.023 537.536 412.134 537.792 412.295C538.051 412.457 538.262 412.689 538.427 412.99C538.592 413.288 538.674 413.676 538.674 414.153V418.5H537.43V417.605H537.379C537.296 417.77 537.173 417.932 537.008 418.091C536.843 418.25 536.632 418.382 536.373 418.487C536.114 418.592 535.805 418.645 535.444 418.645ZM535.721 417.622C536.073 417.622 536.374 417.553 536.624 417.413C536.877 417.274 537.069 417.092 537.2 416.868C537.333 416.641 537.4 416.398 537.4 416.139V415.295C537.355 415.341 537.266 415.384 537.136 415.423C537.008 415.46 536.862 415.493 536.697 415.521C536.532 415.547 536.372 415.571 536.215 415.594C536.059 415.614 535.928 415.631 535.823 415.645C535.576 415.676 535.35 415.729 535.146 415.803C534.944 415.876 534.782 415.983 534.66 416.122C534.541 416.259 534.481 416.44 534.481 416.668C534.481 416.983 534.597 417.222 534.83 417.384C535.063 417.543 535.36 417.622 535.721 417.622ZM543.062 418.628C542.533 418.628 542.062 418.493 541.647 418.223C541.235 417.95 540.911 417.562 540.675 417.06C540.442 416.554 540.326 415.947 540.326 415.24C540.326 414.533 540.444 413.928 540.679 413.425C540.918 412.922 541.245 412.537 541.66 412.27C542.074 412.003 542.544 411.869 543.07 411.869C543.476 411.869 543.803 411.938 544.05 412.074C544.3 412.207 544.493 412.364 544.63 412.543C544.769 412.722 544.877 412.879 544.954 413.016H545.03V409.773H546.304V418.5H545.06V417.482H544.954C544.877 417.621 544.766 417.78 544.621 417.959C544.479 418.138 544.283 418.294 544.033 418.428C543.783 418.561 543.459 418.628 543.062 418.628ZM543.343 417.541C543.709 417.541 544.019 417.445 544.272 417.251C544.527 417.055 544.721 416.784 544.851 416.438C544.985 416.091 545.052 415.687 545.052 415.227C545.052 414.773 544.986 414.375 544.856 414.034C544.725 413.693 544.533 413.428 544.28 413.237C544.027 413.047 543.715 412.952 543.343 412.952C542.959 412.952 542.64 413.051 542.384 413.25C542.128 413.449 541.935 413.72 541.804 414.064C541.677 414.408 541.613 414.795 541.613 415.227C541.613 415.665 541.678 416.058 541.809 416.408C541.939 416.757 542.133 417.034 542.388 417.239C542.647 417.44 542.965 417.541 543.343 417.541ZM552.219 414.26V415.364H548.35V414.26H552.219ZM556.915 418.632C556.301 418.632 555.766 418.491 555.308 418.21C554.851 417.929 554.496 417.536 554.243 417.03C553.99 416.524 553.864 415.933 553.864 415.257C553.864 414.578 553.99 413.984 554.243 413.476C554.496 412.967 554.851 412.572 555.308 412.291C555.766 412.01 556.301 411.869 556.915 411.869C557.528 411.869 558.064 412.01 558.521 412.291C558.979 412.572 559.334 412.967 559.587 413.476C559.839 413.984 559.966 414.578 559.966 415.257C559.966 415.933 559.839 416.524 559.587 417.03C559.334 417.536 558.979 417.929 558.521 418.21C558.064 418.491 557.528 418.632 556.915 418.632ZM556.919 417.562C557.317 417.562 557.646 417.457 557.908 417.247C558.169 417.037 558.362 416.757 558.487 416.408C558.615 416.058 558.679 415.673 558.679 415.253C558.679 414.835 558.615 414.452 558.487 414.102C558.362 413.75 558.169 413.467 557.908 413.254C557.646 413.041 557.317 412.935 556.919 412.935C556.518 412.935 556.186 413.041 555.922 413.254C555.66 413.467 555.466 413.75 555.338 414.102C555.213 414.452 555.151 414.835 555.151 415.253C555.151 415.673 555.213 416.058 555.338 416.408C555.466 416.757 555.66 417.037 555.922 417.247C556.186 417.457 556.518 417.562 556.919 417.562ZM562.902 414.614V418.5H561.628V411.955H562.851V413.02H562.932C563.083 412.673 563.318 412.395 563.639 412.185C563.963 411.974 564.371 411.869 564.862 411.869C565.308 411.869 565.699 411.963 566.034 412.151C566.37 412.335 566.63 412.611 566.814 412.977C566.999 413.344 567.091 413.797 567.091 414.337V418.5H565.817V414.49C565.817 414.016 565.693 413.645 565.446 413.378C565.199 413.108 564.86 412.973 564.428 412.973C564.132 412.973 563.87 413.037 563.639 413.165C563.412 413.293 563.232 413.48 563.098 413.727C562.968 413.972 562.902 414.267 562.902 414.614ZM570.314 409.773V418.5H569.04V409.773H570.314ZM573.074 420.955C572.883 420.955 572.71 420.939 572.554 420.908C572.398 420.879 572.281 420.848 572.204 420.814L572.511 419.77C572.744 419.832 572.951 419.859 573.133 419.851C573.315 419.842 573.476 419.774 573.615 419.646C573.757 419.518 573.882 419.31 573.99 419.02L574.148 418.585L571.753 411.955H573.116L574.774 417.034H574.842L576.5 411.955H577.868L575.17 419.374C575.045 419.714 574.886 420.003 574.693 420.239C574.5 420.477 574.27 420.656 574.003 420.776C573.736 420.895 573.426 420.955 573.074 420.955ZM581.755 414.878C581.755 415.949 581.615 416.933 581.334 417.831C581.052 418.729 580.642 419.557 580.102 420.315H578.934C579.145 420.034 579.341 419.689 579.522 419.28C579.704 418.871 579.863 418.423 580 417.938C580.136 417.449 580.243 416.943 580.319 416.42C580.396 415.898 580.434 415.384 580.434 414.878C580.434 414.205 580.368 413.521 580.234 412.828C580.101 412.135 579.92 411.491 579.693 410.898C579.466 410.304 579.213 409.82 578.934 409.445H580.102C580.642 410.203 581.052 411.031 581.334 411.929C581.615 412.827 581.755 413.81 581.755 414.878Z" fill="#434752"/>
<path d="M374.337 449.318V459.5H372.925L367.749 452.033H367.655V459.5H366.119V449.318H367.54L372.721 456.795H372.815V449.318H374.337ZM378.681 459.669C378.197 459.669 377.759 459.58 377.368 459.401C376.977 459.218 376.667 458.955 376.438 458.61C376.213 458.265 376.1 457.843 376.1 457.342C376.1 456.911 376.183 456.557 376.349 456.278C376.515 456 376.738 455.78 377.02 455.617C377.302 455.455 377.617 455.332 377.965 455.249C378.313 455.166 378.667 455.103 379.029 455.06C379.486 455.007 379.857 454.964 380.142 454.931C380.427 454.895 380.634 454.837 380.764 454.757C380.893 454.678 380.958 454.548 380.958 454.369V454.335C380.958 453.9 380.835 453.564 380.59 453.325C380.348 453.087 379.986 452.967 379.506 452.967C379.005 452.967 378.611 453.078 378.323 453.3C378.038 453.519 377.84 453.763 377.731 454.031L376.334 453.713C376.5 453.249 376.742 452.875 377.06 452.589C377.381 452.301 377.751 452.092 378.169 451.963C378.586 451.83 379.025 451.764 379.486 451.764C379.791 451.764 380.114 451.801 380.455 451.874C380.8 451.943 381.122 452.072 381.42 452.261C381.722 452.45 381.968 452.72 382.161 453.072C382.353 453.42 382.449 453.872 382.449 454.429V459.5H380.997V458.456H380.938C380.842 458.648 380.697 458.837 380.505 459.023C380.313 459.208 380.066 459.362 379.764 459.485C379.463 459.608 379.102 459.669 378.681 459.669ZM379.004 458.476C379.415 458.476 379.766 458.395 380.058 458.232C380.353 458.07 380.576 457.858 380.729 457.596C380.885 457.331 380.963 457.047 380.963 456.746V455.761C380.91 455.814 380.807 455.864 380.654 455.911C380.505 455.954 380.334 455.992 380.142 456.025C379.95 456.055 379.763 456.083 379.58 456.109C379.398 456.133 379.246 456.152 379.123 456.169C378.835 456.205 378.571 456.267 378.333 456.353C378.097 456.439 377.908 456.563 377.766 456.726C377.627 456.885 377.557 457.097 377.557 457.362C377.557 457.73 377.693 458.009 377.965 458.197C378.236 458.383 378.583 458.476 379.004 458.476ZM384.429 459.5V451.864H385.856V453.107H385.95C386.109 452.686 386.37 452.357 386.731 452.122C387.092 451.884 387.525 451.764 388.028 451.764C388.539 451.764 388.966 451.884 389.311 452.122C389.659 452.361 389.916 452.689 390.082 453.107H390.161C390.344 452.699 390.634 452.374 391.031 452.132C391.429 451.887 391.903 451.764 392.453 451.764C393.146 451.764 393.711 451.981 394.148 452.415C394.589 452.85 394.81 453.504 394.81 454.379V459.5H393.323V454.518C393.323 454.001 393.182 453.627 392.901 453.395C392.619 453.163 392.282 453.047 391.891 453.047C391.407 453.047 391.031 453.196 390.763 453.494C390.494 453.789 390.36 454.169 390.36 454.633V459.5H388.879V454.424C388.879 454.01 388.749 453.677 388.491 453.425C388.232 453.173 387.896 453.047 387.482 453.047C387.2 453.047 386.94 453.121 386.701 453.271C386.466 453.416 386.275 453.62 386.129 453.882C385.987 454.144 385.915 454.447 385.915 454.792V459.5H384.429ZM399.024 459.669C398.54 459.669 398.103 459.58 397.712 459.401C397.321 459.218 397.011 458.955 396.782 458.61C396.557 458.265 396.444 457.843 396.444 457.342C396.444 456.911 396.527 456.557 396.693 456.278C396.858 456 397.082 455.78 397.364 455.617C397.646 455.455 397.96 455.332 398.308 455.249C398.656 455.166 399.011 455.103 399.372 455.06C399.83 455.007 400.201 454.964 400.486 454.931C400.771 454.895 400.978 454.837 401.107 454.757C401.237 454.678 401.301 454.548 401.301 454.369V454.335C401.301 453.9 401.179 453.564 400.933 453.325C400.691 453.087 400.33 452.967 399.85 452.967C399.349 452.967 398.955 453.078 398.666 453.3C398.381 453.519 398.184 453.763 398.075 454.031L396.678 453.713C396.843 453.249 397.085 452.875 397.404 452.589C397.725 452.301 398.095 452.092 398.512 451.963C398.93 451.83 399.369 451.764 399.83 451.764C400.135 451.764 400.458 451.801 400.799 451.874C401.144 451.943 401.465 452.072 401.764 452.261C402.065 452.45 402.312 452.72 402.504 453.072C402.697 453.42 402.793 453.872 402.793 454.429V459.5H401.341V458.456H401.281C401.185 458.648 401.041 458.837 400.849 459.023C400.657 459.208 400.41 459.362 400.108 459.485C399.807 459.608 399.445 459.669 399.024 459.669ZM399.347 458.476C399.758 458.476 400.11 458.395 400.401 458.232C400.696 458.07 400.92 457.858 401.073 457.596C401.228 457.331 401.306 457.047 401.306 456.746V455.761C401.253 455.814 401.151 455.864 400.998 455.911C400.849 455.954 400.678 455.992 400.486 456.025C400.294 456.055 400.106 456.083 399.924 456.109C399.742 456.133 399.589 456.152 399.467 456.169C399.178 456.205 398.915 456.267 398.676 456.353C398.441 456.439 398.252 456.563 398.11 456.726C397.97 456.885 397.901 457.097 397.901 457.362C397.901 457.73 398.037 458.009 398.308 458.197C398.58 458.383 398.927 458.476 399.347 458.476ZM408.597 459.5V449.318H410.133V458.178H414.747V459.5H408.597ZM419.671 459.654C418.919 459.654 418.271 459.493 417.727 459.172C417.187 458.847 416.77 458.391 416.475 457.805C416.183 457.215 416.037 456.524 416.037 455.732C416.037 454.949 416.183 454.26 416.475 453.663C416.77 453.067 417.181 452.601 417.708 452.266C418.238 451.932 418.858 451.764 419.567 451.764C419.998 451.764 420.415 451.835 420.82 451.978C421.224 452.121 421.587 452.344 421.909 452.649C422.23 452.954 422.484 453.35 422.669 453.837C422.855 454.321 422.948 454.91 422.948 455.602V456.129H416.877V455.016H421.491C421.491 454.625 421.411 454.278 421.252 453.977C421.093 453.672 420.869 453.431 420.581 453.256C420.296 453.08 419.961 452.992 419.577 452.992C419.159 452.992 418.795 453.095 418.483 453.3C418.175 453.503 417.936 453.768 417.767 454.096C417.602 454.421 417.519 454.774 417.519 455.155V456.025C417.519 456.535 417.608 456.969 417.787 457.327C417.969 457.685 418.223 457.959 418.548 458.148C418.873 458.333 419.252 458.426 419.686 458.426C419.968 458.426 420.225 458.386 420.457 458.307C420.689 458.224 420.889 458.101 421.058 457.939C421.227 457.777 421.357 457.576 421.446 457.337L422.853 457.591C422.74 458.005 422.538 458.368 422.247 458.68C421.958 458.988 421.595 459.228 421.158 459.401C420.724 459.57 420.228 459.654 419.671 459.654ZM426.083 454.966V459.5H424.597V451.864H426.024V453.107H426.118C426.294 452.702 426.569 452.377 426.944 452.132C427.321 451.887 427.797 451.764 428.37 451.764C428.891 451.764 429.346 451.874 429.738 452.092C430.129 452.308 430.432 452.629 430.647 453.057C430.863 453.484 430.971 454.013 430.971 454.643V459.5H429.484V454.822C429.484 454.268 429.34 453.836 429.051 453.524C428.763 453.209 428.367 453.052 427.863 453.052C427.519 453.052 427.212 453.126 426.944 453.276C426.678 453.425 426.468 453.643 426.312 453.932C426.16 454.217 426.083 454.562 426.083 454.966ZM436.166 462.523C435.559 462.523 435.037 462.443 434.6 462.284C434.166 462.125 433.811 461.915 433.536 461.653C433.261 461.391 433.055 461.104 432.919 460.793L434.197 460.266C434.287 460.411 434.406 460.566 434.555 460.728C434.708 460.894 434.913 461.035 435.172 461.151C435.433 461.267 435.77 461.325 436.181 461.325C436.744 461.325 437.21 461.187 437.578 460.912C437.946 460.64 438.13 460.206 438.13 459.609V458.108H438.035C437.946 458.27 437.816 458.451 437.647 458.65C437.482 458.849 437.253 459.021 436.961 459.167C436.67 459.313 436.29 459.386 435.823 459.386C435.22 459.386 434.676 459.245 434.192 458.963C433.712 458.678 433.33 458.259 433.049 457.705C432.77 457.148 432.631 456.464 432.631 455.652C432.631 454.84 432.769 454.144 433.044 453.564C433.322 452.984 433.703 452.54 434.187 452.232C434.671 451.92 435.22 451.764 435.833 451.764C436.307 451.764 436.69 451.844 436.981 452.003C437.273 452.159 437.5 452.341 437.662 452.55C437.828 452.759 437.956 452.942 438.045 453.102H438.154V451.864H439.611V459.669C439.611 460.325 439.459 460.864 439.154 461.285C438.849 461.706 438.436 462.017 437.916 462.219C437.399 462.422 436.815 462.523 436.166 462.523ZM436.151 458.153C436.578 458.153 436.94 458.053 437.235 457.854C437.533 457.652 437.758 457.364 437.911 456.989C438.067 456.612 438.145 456.159 438.145 455.632C438.145 455.118 438.068 454.666 437.916 454.275C437.763 453.884 437.54 453.579 437.245 453.36C436.95 453.138 436.585 453.027 436.151 453.027C435.703 453.027 435.331 453.143 435.032 453.375C434.734 453.604 434.509 453.915 434.356 454.31C434.207 454.704 434.132 455.145 434.132 455.632C434.132 456.133 434.209 456.572 434.361 456.95C434.514 457.327 434.739 457.622 435.037 457.835C435.339 458.047 435.71 458.153 436.151 458.153ZM442.972 456.91L442.962 455.095H443.221L446.263 451.864H448.043L444.573 455.543H444.339L442.972 456.91ZM441.605 459.5V449.318H443.091V459.5H441.605ZM446.427 459.5L443.693 455.871L444.717 454.832L448.252 459.5H446.427ZM451.62 459.669C451.136 459.669 450.699 459.58 450.308 459.401C449.916 459.218 449.607 458.955 449.378 458.61C449.152 458.265 449.04 457.843 449.04 457.342C449.04 456.911 449.123 456.557 449.288 456.278C449.454 456 449.678 455.78 449.96 455.617C450.241 455.455 450.556 455.332 450.904 455.249C451.252 455.166 451.607 455.103 451.968 455.06C452.425 455.007 452.797 454.964 453.082 454.931C453.367 454.895 453.574 454.837 453.703 454.757C453.832 454.678 453.897 454.548 453.897 454.369V454.335C453.897 453.9 453.774 453.564 453.529 453.325C453.287 453.087 452.926 452.967 452.445 452.967C451.945 452.967 451.55 453.078 451.262 453.3C450.977 453.519 450.78 453.763 450.67 454.031L449.273 453.713C449.439 453.249 449.681 452.875 449.999 452.589C450.321 452.301 450.69 452.092 451.108 451.963C451.526 451.83 451.965 451.764 452.425 451.764C452.73 451.764 453.054 451.801 453.395 451.874C453.74 451.943 454.061 452.072 454.359 452.261C454.661 452.45 454.908 452.72 455.1 453.072C455.292 453.42 455.388 453.872 455.388 454.429V459.5H453.937V458.456H453.877C453.781 458.648 453.637 458.837 453.445 459.023C453.252 459.208 453.005 459.362 452.704 459.485C452.402 459.608 452.041 459.669 451.62 459.669ZM451.943 458.476C452.354 458.476 452.705 458.395 452.997 458.232C453.292 458.07 453.516 457.858 453.668 457.596C453.824 457.331 453.902 457.047 453.902 456.746V455.761C453.849 455.814 453.746 455.864 453.594 455.911C453.445 455.954 453.274 455.992 453.082 456.025C452.889 456.055 452.702 456.083 452.52 456.109C452.338 456.133 452.185 456.152 452.062 456.169C451.774 456.205 451.511 456.267 451.272 456.353C451.037 456.439 450.848 456.563 450.705 456.726C450.566 456.885 450.496 457.097 450.496 457.362C450.496 457.73 450.632 458.009 450.904 458.197C451.176 458.383 451.522 458.476 451.943 458.476ZM457.368 462.364V451.864H458.82V453.102H458.944C459.031 452.942 459.155 452.759 459.317 452.55C459.48 452.341 459.705 452.159 459.993 452.003C460.282 451.844 460.663 451.764 461.137 451.764C461.753 451.764 462.304 451.92 462.787 452.232C463.271 452.543 463.651 452.992 463.926 453.579C464.204 454.165 464.344 454.871 464.344 455.697C464.344 456.522 464.206 457.23 463.931 457.82C463.656 458.406 463.278 458.859 462.797 459.177C462.317 459.492 461.768 459.649 461.152 459.649C460.688 459.649 460.308 459.571 460.013 459.415C459.722 459.26 459.493 459.077 459.327 458.869C459.162 458.66 459.034 458.474 458.944 458.312H458.855V462.364H457.368ZM458.825 455.682C458.825 456.219 458.903 456.689 459.059 457.094C459.215 457.498 459.44 457.815 459.735 458.043C460.03 458.269 460.391 458.381 460.819 458.381C461.263 458.381 461.634 458.264 461.932 458.028C462.231 457.79 462.456 457.467 462.608 457.059C462.764 456.651 462.842 456.192 462.842 455.682C462.842 455.178 462.766 454.726 462.613 454.325C462.464 453.924 462.239 453.607 461.937 453.375C461.639 453.143 461.266 453.027 460.819 453.027C460.388 453.027 460.023 453.138 459.725 453.36C459.43 453.582 459.206 453.892 459.054 454.29C458.901 454.687 458.825 455.152 458.825 455.682Z" fill="#454545"/>
<rect x="365.5" y="467" width="549" height="41" fill="white"/>
<rect x="365.5" y="467" width="549" height="41" stroke="#6B7280"/>
<g clip-path="url(#clip1_520_6477)">
<path d="M379.886 493.5H378.409L382.682 481.864H384.136L388.409 493.5H386.932L383.455 483.705H383.364L379.886 493.5ZM380.432 488.955H386.386V490.205H380.432V488.955ZM391.381 488.25V493.5H390.04V481.864H391.381V486.136H391.494C391.699 485.686 392.006 485.328 392.415 485.062C392.828 484.794 393.377 484.659 394.062 484.659C394.657 484.659 395.178 484.778 395.625 485.017C396.072 485.252 396.419 485.614 396.665 486.102C396.915 486.587 397.04 487.205 397.04 487.955V493.5H395.699V488.045C395.699 487.352 395.519 486.816 395.159 486.438C394.803 486.055 394.309 485.864 393.676 485.864C393.237 485.864 392.843 485.956 392.494 486.142C392.15 486.328 391.877 486.598 391.676 486.955C391.479 487.311 391.381 487.742 391.381 488.25ZM399.493 493.5V484.773H400.788V486.136H400.902C401.084 485.67 401.377 485.309 401.783 485.051C402.188 484.79 402.675 484.659 403.243 484.659C403.819 484.659 404.298 484.79 404.68 485.051C405.067 485.309 405.368 485.67 405.584 486.136H405.675C405.898 485.686 406.233 485.328 406.68 485.062C407.127 484.794 407.663 484.659 408.288 484.659C409.069 484.659 409.707 484.903 410.203 485.392C410.699 485.877 410.947 486.633 410.947 487.659V493.5H409.607V487.659C409.607 487.015 409.43 486.555 409.078 486.278C408.726 486.002 408.311 485.864 407.834 485.864C407.22 485.864 406.745 486.049 406.408 486.42C406.071 486.788 405.902 487.254 405.902 487.818V493.5H404.538V487.523C404.538 487.027 404.377 486.627 404.055 486.324C403.733 486.017 403.319 485.864 402.811 485.864C402.463 485.864 402.137 485.956 401.834 486.142C401.535 486.328 401.292 486.585 401.107 486.915C400.925 487.241 400.834 487.617 400.834 488.045V493.5H399.493ZM415.967 493.705C415.414 493.705 414.912 493.6 414.462 493.392C414.011 493.18 413.653 492.875 413.388 492.477C413.123 492.076 412.99 491.591 412.99 491.023C412.99 490.523 413.089 490.117 413.286 489.807C413.482 489.492 413.746 489.246 414.075 489.068C414.405 488.89 414.768 488.758 415.166 488.67C415.568 488.58 415.971 488.508 416.376 488.455C416.907 488.386 417.337 488.335 417.666 488.301C418 488.263 418.242 488.201 418.393 488.114C418.549 488.027 418.626 487.875 418.626 487.659V487.614C418.626 487.053 418.473 486.617 418.166 486.307C417.863 485.996 417.403 485.841 416.786 485.841C416.145 485.841 415.643 485.981 415.28 486.261C414.916 486.542 414.661 486.841 414.513 487.159L413.24 486.705C413.467 486.174 413.77 485.761 414.149 485.466C414.532 485.167 414.948 484.958 415.399 484.841C415.854 484.72 416.301 484.659 416.74 484.659C417.02 484.659 417.342 484.693 417.706 484.761C418.073 484.826 418.428 484.96 418.768 485.165C419.113 485.369 419.399 485.678 419.626 486.091C419.854 486.504 419.967 487.057 419.967 487.75V493.5H418.626V492.318H418.558C418.467 492.508 418.316 492.71 418.104 492.926C417.892 493.142 417.609 493.326 417.257 493.477C416.905 493.629 416.475 493.705 415.967 493.705ZM416.172 492.5C416.702 492.5 417.149 492.396 417.513 492.188C417.88 491.979 418.157 491.71 418.342 491.381C418.532 491.051 418.626 490.705 418.626 490.341V489.114C418.57 489.182 418.445 489.244 418.251 489.301C418.062 489.354 417.842 489.402 417.592 489.443C417.346 489.481 417.106 489.515 416.871 489.545C416.64 489.572 416.452 489.595 416.308 489.614C415.96 489.659 415.634 489.733 415.331 489.835C415.032 489.934 414.789 490.083 414.604 490.284C414.422 490.481 414.331 490.75 414.331 491.091C414.331 491.557 414.503 491.909 414.848 492.148C415.196 492.383 415.638 492.5 416.172 492.5ZM425.71 493.682C424.983 493.682 424.341 493.498 423.784 493.131C423.227 492.759 422.792 492.237 422.477 491.562C422.163 490.884 422.006 490.083 422.006 489.159C422.006 488.242 422.163 487.447 422.477 486.773C422.792 486.098 423.229 485.578 423.79 485.21C424.35 484.843 424.998 484.659 425.733 484.659C426.301 484.659 426.75 484.754 427.08 484.943C427.413 485.129 427.667 485.341 427.841 485.58C428.019 485.814 428.157 486.008 428.256 486.159H428.369V481.864H429.71V493.5H428.415V492.159H428.256C428.157 492.318 428.017 492.519 427.835 492.761C427.653 493 427.394 493.214 427.057 493.403C426.72 493.589 426.271 493.682 425.71 493.682ZM425.892 492.477C426.43 492.477 426.884 492.337 427.256 492.057C427.627 491.773 427.909 491.381 428.102 490.881C428.295 490.377 428.392 489.795 428.392 489.136C428.392 488.485 428.297 487.915 428.108 487.426C427.919 486.934 427.638 486.551 427.267 486.278C426.896 486.002 426.438 485.864 425.892 485.864C425.324 485.864 424.85 486.009 424.472 486.301C424.097 486.589 423.814 486.981 423.625 487.477C423.439 487.97 423.347 488.523 423.347 489.136C423.347 489.758 423.441 490.322 423.631 490.83C423.824 491.333 424.108 491.735 424.483 492.034C424.862 492.33 425.331 492.477 425.892 492.477ZM437.034 493.5V481.864H444.011V483.114H438.443V487.045H443.489V488.295H438.443V493.5H437.034ZM448.811 493.705C448.258 493.705 447.756 493.6 447.305 493.392C446.855 493.18 446.497 492.875 446.232 492.477C445.966 492.076 445.834 491.591 445.834 491.023C445.834 490.523 445.932 490.117 446.129 489.807C446.326 489.492 446.589 489.246 446.919 489.068C447.249 488.89 447.612 488.758 448.01 488.67C448.411 488.58 448.815 488.508 449.22 488.455C449.75 488.386 450.18 488.335 450.51 488.301C450.843 488.263 451.086 488.201 451.237 488.114C451.393 488.027 451.47 487.875 451.47 487.659V487.614C451.47 487.053 451.317 486.617 451.01 486.307C450.707 485.996 450.247 485.841 449.629 485.841C448.989 485.841 448.487 485.981 448.124 486.261C447.76 486.542 447.504 486.841 447.357 487.159L446.084 486.705C446.311 486.174 446.614 485.761 446.993 485.466C447.375 485.167 447.792 484.958 448.243 484.841C448.697 484.72 449.144 484.659 449.584 484.659C449.864 484.659 450.186 484.693 450.55 484.761C450.917 484.826 451.271 484.96 451.612 485.165C451.957 485.369 452.243 485.678 452.47 486.091C452.697 486.504 452.811 487.057 452.811 487.75V493.5H451.47V492.318H451.402C451.311 492.508 451.16 492.71 450.947 492.926C450.735 493.142 450.453 493.326 450.101 493.477C449.749 493.629 449.319 493.705 448.811 493.705ZM449.016 492.5C449.546 492.5 449.993 492.396 450.357 492.188C450.724 491.979 451 491.71 451.186 491.381C451.375 491.051 451.47 490.705 451.47 490.341V489.114C451.413 489.182 451.288 489.244 451.095 489.301C450.906 489.354 450.686 489.402 450.436 489.443C450.19 489.481 449.949 489.515 449.714 489.545C449.483 489.572 449.296 489.595 449.152 489.614C448.804 489.659 448.478 489.733 448.175 489.835C447.875 489.934 447.633 490.083 447.447 490.284C447.266 490.481 447.175 490.75 447.175 491.091C447.175 491.557 447.347 491.909 447.692 492.148C448.04 492.383 448.482 492.5 449.016 492.5ZM460.759 489.932V484.773H462.099V493.5H460.759V492.023H460.668C460.463 492.466 460.145 492.843 459.713 493.153C459.281 493.46 458.736 493.614 458.077 493.614C457.531 493.614 457.046 493.494 456.622 493.256C456.198 493.013 455.865 492.65 455.622 492.165C455.38 491.676 455.259 491.061 455.259 490.318V484.773H456.599V490.227C456.599 490.864 456.777 491.371 457.134 491.75C457.493 492.129 457.952 492.318 458.509 492.318C458.842 492.318 459.181 492.233 459.526 492.062C459.874 491.892 460.166 491.631 460.401 491.278C460.639 490.926 460.759 490.477 460.759 489.932ZM464.305 493.5V492.477L469.26 486.114V486.023H464.464V484.773H470.987V485.841L466.169 492.159V492.25H471.146V493.5H464.305ZM473.212 493.5V484.773H474.553V493.5H473.212ZM473.893 483.318C473.632 483.318 473.407 483.229 473.217 483.051C473.032 482.873 472.939 482.659 472.939 482.409C472.939 482.159 473.032 481.945 473.217 481.767C473.407 481.589 473.632 481.5 473.893 481.5C474.155 481.5 474.378 481.589 474.564 481.767C474.753 481.945 474.848 482.159 474.848 482.409C474.848 482.659 474.753 482.873 474.564 483.051C474.378 483.229 474.155 483.318 473.893 483.318Z" fill="#171717"/>
</g>
<path d="M366.119 545.5V535.318H367.655V540.18H367.779L372.05 535.318H373.984L369.877 539.902L373.999 545.5H372.149L368.858 540.951L367.655 542.333V545.5H366.119ZM378.027 545.654C377.274 545.654 376.626 545.493 376.083 545.172C375.543 544.847 375.125 544.391 374.83 543.805C374.538 543.215 374.393 542.524 374.393 541.732C374.393 540.949 374.538 540.26 374.83 539.663C375.125 539.067 375.536 538.601 376.063 538.266C376.593 537.932 377.213 537.764 377.922 537.764C378.353 537.764 378.771 537.835 379.175 537.978C379.58 538.121 379.943 538.344 380.264 538.649C380.586 538.954 380.839 539.35 381.025 539.837C381.21 540.321 381.303 540.91 381.303 541.602V542.129H375.233V541.016H379.846C379.846 540.625 379.767 540.278 379.608 539.977C379.449 539.672 379.225 539.431 378.937 539.256C378.652 539.08 378.317 538.992 377.932 538.992C377.515 538.992 377.15 539.095 376.839 539.3C376.53 539.503 376.292 539.768 376.123 540.096C375.957 540.421 375.874 540.774 375.874 541.155V542.025C375.874 542.535 375.964 542.969 376.143 543.327C376.325 543.685 376.578 543.959 376.903 544.148C377.228 544.333 377.608 544.426 378.042 544.426C378.323 544.426 378.58 544.386 378.812 544.307C379.044 544.224 379.245 544.101 379.414 543.939C379.583 543.777 379.712 543.576 379.802 543.337L381.209 543.591C381.096 544.005 380.894 544.368 380.602 544.68C380.314 544.988 379.951 545.228 379.513 545.401C379.079 545.57 378.584 545.654 378.027 545.654ZM384.439 535.318V545.5H382.952V535.318H384.439ZM391.276 542.333V537.864H392.768V545.5H391.306V544.178H391.226C391.051 544.585 390.769 544.925 390.381 545.197C389.997 545.465 389.518 545.599 388.944 545.599C388.454 545.599 388.02 545.492 387.642 545.276C387.267 545.058 386.972 544.734 386.757 544.307C386.545 543.879 386.439 543.351 386.439 542.721V537.864H387.925V542.542C387.925 543.062 388.069 543.477 388.358 543.785C388.646 544.093 389.021 544.247 389.481 544.247C389.76 544.247 390.037 544.178 390.312 544.038C390.59 543.899 390.82 543.689 391.003 543.407C391.188 543.125 391.279 542.767 391.276 542.333ZM394.765 545.5V537.864H396.202V539.077H396.281C396.42 538.666 396.666 538.343 397.017 538.107C397.372 537.869 397.773 537.749 398.22 537.749C398.313 537.749 398.422 537.753 398.548 537.759C398.678 537.766 398.779 537.774 398.852 537.784V539.206C398.792 539.189 398.686 539.171 398.533 539.151C398.381 539.128 398.228 539.116 398.076 539.116C397.725 539.116 397.411 539.191 397.136 539.34C396.865 539.486 396.649 539.69 396.49 539.952C396.331 540.21 396.251 540.505 396.251 540.837V545.5H394.765ZM402.292 545.669C401.808 545.669 401.371 545.58 400.979 545.401C400.588 545.218 400.278 544.955 400.05 544.61C399.824 544.265 399.712 543.843 399.712 543.342C399.712 542.911 399.795 542.557 399.96 542.278C400.126 542 400.35 541.78 400.631 541.617C400.913 541.455 401.228 541.332 401.576 541.249C401.924 541.166 402.279 541.103 402.64 541.06C403.097 541.007 403.469 540.964 403.754 540.931C404.039 540.895 404.246 540.837 404.375 540.757C404.504 540.678 404.569 540.548 404.569 540.369V540.335C404.569 539.9 404.446 539.564 404.201 539.325C403.959 539.087 403.598 538.967 403.117 538.967C402.617 538.967 402.222 539.078 401.934 539.3C401.649 539.519 401.452 539.763 401.342 540.031L399.945 539.713C400.111 539.249 400.353 538.875 400.671 538.589C400.993 538.301 401.362 538.092 401.78 537.963C402.197 537.83 402.637 537.764 403.097 537.764C403.402 537.764 403.725 537.801 404.067 537.874C404.411 537.943 404.733 538.072 405.031 538.261C405.333 538.45 405.58 538.72 405.772 539.072C405.964 539.42 406.06 539.872 406.06 540.429V545.5H404.609V544.456H404.549C404.453 544.648 404.309 544.837 404.116 545.023C403.924 545.208 403.677 545.362 403.376 545.485C403.074 545.608 402.713 545.669 402.292 545.669ZM402.615 544.476C403.026 544.476 403.377 544.395 403.669 544.232C403.964 544.07 404.188 543.858 404.34 543.596C404.496 543.331 404.574 543.047 404.574 542.746V541.761C404.521 541.814 404.418 541.864 404.266 541.911C404.116 541.954 403.946 541.992 403.754 542.025C403.561 542.055 403.374 542.083 403.192 542.109C403.009 542.133 402.857 542.152 402.734 542.169C402.446 542.205 402.183 542.267 401.944 542.353C401.709 542.439 401.52 542.563 401.377 542.726C401.238 542.885 401.168 543.097 401.168 543.362C401.168 543.73 401.304 544.009 401.576 544.197C401.848 544.383 402.194 544.476 402.615 544.476ZM409.527 540.966V545.5H408.04V535.318H409.507V539.107H409.601C409.78 538.696 410.054 538.369 410.422 538.127C410.79 537.885 411.27 537.764 411.863 537.764C412.387 537.764 412.845 537.872 413.236 538.087C413.63 538.303 413.935 538.624 414.15 539.052C414.369 539.476 414.479 540.006 414.479 540.643V545.5H412.992V540.822C412.992 540.262 412.848 539.827 412.559 539.519C412.271 539.208 411.87 539.052 411.356 539.052C411.005 539.052 410.69 539.126 410.412 539.276C410.137 539.425 409.92 539.643 409.76 539.932C409.605 540.217 409.527 540.562 409.527 540.966ZM418.684 545.669C418.201 545.669 417.763 545.58 417.372 545.401C416.981 545.218 416.671 544.955 416.442 544.61C416.217 544.265 416.104 543.843 416.104 543.342C416.104 542.911 416.187 542.557 416.353 542.278C416.519 542 416.742 541.78 417.024 541.617C417.306 541.455 417.621 541.332 417.969 541.249C418.317 541.166 418.671 541.103 419.032 541.06C419.49 541.007 419.861 540.964 420.146 540.931C420.431 540.895 420.638 540.837 420.768 540.757C420.897 540.678 420.961 540.548 420.961 540.369V540.335C420.961 539.9 420.839 539.564 420.594 539.325C420.352 539.087 419.99 538.967 419.51 538.967C419.009 538.967 418.615 539.078 418.327 539.3C418.041 539.519 417.844 539.763 417.735 540.031L416.338 539.713C416.504 539.249 416.746 538.875 417.064 538.589C417.385 538.301 417.755 538.092 418.172 537.963C418.59 537.83 419.029 537.764 419.49 537.764C419.795 537.764 420.118 537.801 420.459 537.874C420.804 537.943 421.126 538.072 421.424 538.261C421.725 538.45 421.972 538.72 422.165 539.072C422.357 539.42 422.453 539.872 422.453 540.429V545.5H421.001V544.456H420.942C420.845 544.648 420.701 544.837 420.509 545.023C420.317 545.208 420.07 545.362 419.768 545.485C419.467 545.608 419.105 545.669 418.684 545.669ZM419.008 544.476C419.419 544.476 419.77 544.395 420.062 544.232C420.357 544.07 420.58 543.858 420.733 543.596C420.889 543.331 420.966 543.047 420.966 542.746V541.761C420.913 541.814 420.811 541.864 420.658 541.911C420.509 541.954 420.338 541.992 420.146 542.025C419.954 542.055 419.767 542.083 419.584 542.109C419.402 542.133 419.25 542.152 419.127 542.169C418.839 542.205 418.575 542.267 418.336 542.353C418.101 542.439 417.912 542.563 417.77 542.726C417.631 542.885 417.561 543.097 417.561 543.362C417.561 543.73 417.697 544.009 417.969 544.197C418.24 544.383 418.587 544.476 419.008 544.476ZM425.919 540.966V545.5H424.433V537.864H425.86V539.107H425.954C426.13 538.702 426.405 538.377 426.779 538.132C427.157 537.887 427.633 537.764 428.206 537.764C428.727 537.764 429.182 537.874 429.574 538.092C429.965 538.308 430.268 538.629 430.483 539.057C430.699 539.484 430.806 540.013 430.806 540.643V545.5H429.32V540.822C429.32 540.268 429.176 539.836 428.887 539.524C428.599 539.209 428.203 539.052 427.699 539.052C427.355 539.052 427.048 539.126 426.779 539.276C426.514 539.425 426.304 539.643 426.148 539.932C425.996 540.217 425.919 540.562 425.919 540.966Z" fill="#454545"/>
<rect x="365.5" y="553" width="266" height="41" rx="5.5" fill="white"/>
<rect x="365.5" y="553" width="266" height="41" rx="5.5" stroke="#DFDFDF"/>
<path d="M606.2 571.1L611 575.9L615.8 571.1" stroke="#6B7280" stroke-width="1.8" stroke-linecap="round" stroke-linejoin="round"/>
<path d="M385.773 570.773C385.705 570.197 385.428 569.75 384.943 569.432C384.458 569.114 383.864 568.955 383.159 568.955C382.644 568.955 382.193 569.038 381.807 569.205C381.424 569.371 381.125 569.6 380.909 569.892C380.697 570.184 380.591 570.515 380.591 570.886C380.591 571.197 380.665 571.464 380.812 571.688C380.964 571.907 381.157 572.091 381.392 572.239C381.627 572.383 381.873 572.502 382.131 572.597C382.388 572.687 382.625 572.761 382.841 572.818L384.023 573.136C384.326 573.216 384.663 573.326 385.034 573.466C385.409 573.606 385.767 573.797 386.108 574.04C386.453 574.278 386.737 574.585 386.96 574.96C387.184 575.335 387.295 575.795 387.295 576.341C387.295 576.97 387.131 577.538 386.801 578.045C386.475 578.553 385.998 578.956 385.369 579.256C384.744 579.555 383.985 579.705 383.091 579.705C382.258 579.705 381.536 579.57 380.926 579.301C380.32 579.032 379.843 578.657 379.494 578.176C379.15 577.695 378.955 577.136 378.909 576.5H380.364C380.402 576.939 380.549 577.303 380.807 577.591C381.068 577.875 381.398 578.087 381.795 578.227C382.197 578.364 382.629 578.432 383.091 578.432C383.629 578.432 384.112 578.345 384.54 578.17C384.968 577.992 385.307 577.746 385.557 577.432C385.807 577.114 385.932 576.742 385.932 576.318C385.932 575.932 385.824 575.617 385.608 575.375C385.392 575.133 385.108 574.936 384.756 574.784C384.403 574.633 384.023 574.5 383.614 574.386L382.182 573.977C381.273 573.716 380.553 573.343 380.023 572.858C379.492 572.373 379.227 571.739 379.227 570.955C379.227 570.303 379.403 569.735 379.756 569.25C380.112 568.761 380.589 568.383 381.188 568.114C381.79 567.841 382.462 567.705 383.205 567.705C383.955 567.705 384.621 567.839 385.205 568.108C385.788 568.373 386.25 568.737 386.591 569.199C386.936 569.661 387.117 570.186 387.136 570.773H385.773ZM394.93 575.932V570.773H396.271V579.5H394.93V578.023H394.839C394.635 578.466 394.317 578.843 393.885 579.153C393.453 579.46 392.908 579.614 392.249 579.614C391.703 579.614 391.218 579.494 390.794 579.256C390.37 579.013 390.036 578.65 389.794 578.165C389.552 577.676 389.43 577.061 389.43 576.318V570.773H390.771V576.227C390.771 576.864 390.949 577.371 391.305 577.75C391.665 578.129 392.124 578.318 392.68 578.318C393.014 578.318 393.353 578.233 393.697 578.062C394.046 577.892 394.338 577.631 394.572 577.278C394.811 576.926 394.93 576.477 394.93 575.932ZM399.977 576.318L399.955 574.659H400.227L404.045 570.773H405.705L401.636 574.886H401.523L399.977 576.318ZM398.727 579.5V567.864H400.068V579.5H398.727ZM404.273 579.5L400.864 575.182L401.818 574.25L405.977 579.5H404.273ZM409.999 579.705C409.446 579.705 408.944 579.6 408.493 579.392C408.042 579.18 407.684 578.875 407.419 578.477C407.154 578.076 407.021 577.591 407.021 577.023C407.021 576.523 407.12 576.117 407.317 575.807C407.514 575.492 407.777 575.246 408.107 575.068C408.436 574.89 408.8 574.758 409.197 574.67C409.599 574.58 410.002 574.508 410.408 574.455C410.938 574.386 411.368 574.335 411.697 574.301C412.031 574.263 412.273 574.201 412.425 574.114C412.58 574.027 412.658 573.875 412.658 573.659V573.614C412.658 573.053 412.504 572.617 412.197 572.307C411.894 571.996 411.434 571.841 410.817 571.841C410.177 571.841 409.675 571.981 409.311 572.261C408.947 572.542 408.692 572.841 408.544 573.159L407.271 572.705C407.499 572.174 407.802 571.761 408.18 571.466C408.563 571.167 408.98 570.958 409.43 570.841C409.885 570.72 410.332 570.659 410.771 570.659C411.052 570.659 411.374 570.693 411.737 570.761C412.105 570.826 412.459 570.96 412.8 571.165C413.144 571.369 413.43 571.678 413.658 572.091C413.885 572.504 413.999 573.057 413.999 573.75V579.5H412.658V578.318H412.589C412.499 578.508 412.347 578.71 412.135 578.926C411.923 579.142 411.641 579.326 411.288 579.477C410.936 579.629 410.506 579.705 409.999 579.705ZM410.203 578.5C410.733 578.5 411.18 578.396 411.544 578.188C411.911 577.979 412.188 577.71 412.374 577.381C412.563 577.051 412.658 576.705 412.658 576.341V575.114C412.601 575.182 412.476 575.244 412.283 575.301C412.093 575.354 411.874 575.402 411.624 575.443C411.377 575.481 411.137 575.515 410.902 575.545C410.671 575.572 410.483 575.595 410.339 575.614C409.991 575.659 409.665 575.733 409.362 575.835C409.063 575.934 408.821 576.083 408.635 576.284C408.453 576.481 408.362 576.75 408.362 577.091C408.362 577.557 408.535 577.909 408.879 578.148C409.228 578.383 409.669 578.5 410.203 578.5ZM416.446 570.773H417.787V580.136C417.787 580.674 417.694 581.14 417.509 581.534C417.327 581.928 417.05 582.233 416.679 582.449C416.312 582.665 415.848 582.773 415.287 582.773C415.241 582.773 415.196 582.773 415.151 582.773C415.105 582.773 415.06 582.773 415.014 582.773V581.523C415.06 581.523 415.101 581.523 415.139 581.523C415.177 581.523 415.219 581.523 415.264 581.523C415.673 581.523 415.973 581.402 416.162 581.159C416.351 580.92 416.446 580.58 416.446 580.136V570.773ZM417.105 569.318C416.844 569.318 416.618 569.229 416.429 569.051C416.243 568.873 416.151 568.659 416.151 568.409C416.151 568.159 416.243 567.945 416.429 567.767C416.618 567.589 416.844 567.5 417.105 567.5C417.366 567.5 417.59 567.589 417.776 567.767C417.965 567.945 418.06 568.159 418.06 568.409C418.06 568.659 417.965 568.873 417.776 569.051C417.59 569.229 417.366 569.318 417.105 569.318ZM422.811 579.705C422.258 579.705 421.756 579.6 421.305 579.392C420.855 579.18 420.497 578.875 420.232 578.477C419.966 578.076 419.834 577.591 419.834 577.023C419.834 576.523 419.932 576.117 420.129 575.807C420.326 575.492 420.589 575.246 420.919 575.068C421.249 574.89 421.612 574.758 422.01 574.67C422.411 574.58 422.815 574.508 423.22 574.455C423.75 574.386 424.18 574.335 424.51 574.301C424.843 574.263 425.086 574.201 425.237 574.114C425.393 574.027 425.47 573.875 425.47 573.659V573.614C425.47 573.053 425.317 572.617 425.01 572.307C424.707 571.996 424.247 571.841 423.629 571.841C422.989 571.841 422.487 571.981 422.124 572.261C421.76 572.542 421.504 572.841 421.357 573.159L420.084 572.705C420.311 572.174 420.614 571.761 420.993 571.466C421.375 571.167 421.792 570.958 422.243 570.841C422.697 570.72 423.144 570.659 423.584 570.659C423.864 570.659 424.186 570.693 424.55 570.761C424.917 570.826 425.271 570.96 425.612 571.165C425.957 571.369 426.243 571.678 426.47 572.091C426.697 572.504 426.811 573.057 426.811 573.75V579.5H425.47V578.318H425.402C425.311 578.508 425.16 578.71 424.947 578.926C424.735 579.142 424.453 579.326 424.101 579.477C423.749 579.629 423.319 579.705 422.811 579.705ZM423.016 578.5C423.546 578.5 423.993 578.396 424.357 578.188C424.724 577.979 425 577.71 425.186 577.381C425.375 577.051 425.47 576.705 425.47 576.341V575.114C425.413 575.182 425.288 575.244 425.095 575.301C424.906 575.354 424.686 575.402 424.436 575.443C424.19 575.481 423.949 575.515 423.714 575.545C423.483 575.572 423.296 575.595 423.152 575.614C422.804 575.659 422.478 575.733 422.175 575.835C421.875 575.934 421.633 576.083 421.447 576.284C421.266 576.481 421.175 576.75 421.175 577.091C421.175 577.557 421.347 577.909 421.692 578.148C422.04 578.383 422.482 578.5 423.016 578.5ZM432.554 579.682C431.827 579.682 431.185 579.498 430.628 579.131C430.071 578.759 429.635 578.237 429.321 577.562C429.007 576.884 428.849 576.083 428.849 575.159C428.849 574.242 429.007 573.447 429.321 572.773C429.635 572.098 430.073 571.578 430.634 571.21C431.194 570.843 431.842 570.659 432.577 570.659C433.145 570.659 433.594 570.754 433.923 570.943C434.257 571.129 434.51 571.341 434.685 571.58C434.863 571.814 435.001 572.008 435.099 572.159H435.213V567.864H436.554V579.5H435.259V578.159H435.099C435.001 578.318 434.861 578.519 434.679 578.761C434.497 579 434.238 579.214 433.901 579.403C433.563 579.589 433.115 579.682 432.554 579.682ZM432.736 578.477C433.274 578.477 433.728 578.337 434.099 578.057C434.471 577.773 434.753 577.381 434.946 576.881C435.139 576.377 435.236 575.795 435.236 575.136C435.236 574.485 435.141 573.915 434.952 573.426C434.762 572.934 434.482 572.551 434.111 572.278C433.74 572.002 433.281 571.864 432.736 571.864C432.168 571.864 431.694 572.009 431.315 572.301C430.94 572.589 430.658 572.981 430.469 573.477C430.283 573.97 430.19 574.523 430.19 575.136C430.19 575.758 430.285 576.322 430.474 576.83C430.668 577.333 430.952 577.735 431.327 578.034C431.705 578.33 432.175 578.477 432.736 578.477ZM439.196 579.5V570.773H440.537V579.5H439.196ZM439.878 569.318C439.616 569.318 439.391 569.229 439.202 569.051C439.016 568.873 438.923 568.659 438.923 568.409C438.923 568.159 439.016 567.945 439.202 567.767C439.391 567.589 439.616 567.5 439.878 567.5C440.139 567.5 440.363 567.589 440.548 567.767C440.738 567.945 440.832 568.159 440.832 568.409C440.832 568.659 440.738 568.873 440.548 569.051C440.363 569.229 440.139 569.318 439.878 569.318Z" fill="#171717"/>
<path d="M654.672 537.993C654.619 537.522 654.4 537.158 654.016 536.899C653.631 536.637 653.147 536.506 652.564 536.506C652.146 536.506 651.785 536.573 651.48 536.705C651.175 536.835 650.938 537.013 650.769 537.242C650.603 537.468 650.521 537.724 650.521 538.013C650.521 538.255 650.577 538.464 650.69 538.639C650.806 538.815 650.956 538.962 651.142 539.082C651.331 539.198 651.533 539.295 651.749 539.375C651.964 539.451 652.171 539.514 652.37 539.564L653.364 539.822C653.689 539.902 654.022 540.01 654.364 540.146C654.705 540.281 655.022 540.46 655.313 540.683C655.605 540.905 655.84 541.18 656.019 541.508C656.201 541.836 656.293 542.229 656.293 542.686C656.293 543.263 656.143 543.775 655.845 544.222C655.55 544.67 655.121 545.023 654.558 545.281C653.997 545.54 653.32 545.669 652.524 545.669C651.762 545.669 651.102 545.548 650.545 545.306C649.989 545.064 649.553 544.721 649.238 544.277C648.923 543.83 648.749 543.299 648.716 542.686H650.257C650.287 543.054 650.406 543.361 650.615 543.606C650.827 543.848 651.097 544.028 651.425 544.148C651.757 544.264 652.12 544.322 652.514 544.322C652.948 544.322 653.335 544.254 653.673 544.118C654.014 543.979 654.282 543.786 654.478 543.541C654.674 543.293 654.771 543.003 654.771 542.671C654.771 542.37 654.685 542.123 654.513 541.93C654.344 541.738 654.113 541.579 653.822 541.453C653.533 541.327 653.207 541.216 652.842 541.12L651.639 540.792C650.824 540.57 650.178 540.243 649.7 539.812C649.226 539.382 648.989 538.812 648.989 538.102C648.989 537.516 649.148 537.004 649.467 536.566C649.785 536.129 650.216 535.789 650.759 535.547C651.303 535.302 651.916 535.179 652.599 535.179C653.288 535.179 653.896 535.3 654.423 535.542C654.954 535.784 655.371 536.117 655.676 536.541C655.981 536.962 656.14 537.446 656.153 537.993H654.672ZM661.574 537.864V539.057H657.403V537.864H661.574ZM658.521 536.034H660.008V543.258C660.008 543.546 660.051 543.763 660.137 543.909C660.223 544.052 660.334 544.149 660.47 544.202C660.609 544.252 660.76 544.277 660.922 544.277C661.042 544.277 661.146 544.269 661.236 544.252C661.325 544.236 661.395 544.222 661.444 544.212L661.713 545.44C661.627 545.473 661.504 545.507 661.345 545.54C661.186 545.576 660.987 545.596 660.748 545.599C660.357 545.606 659.993 545.536 659.655 545.391C659.317 545.245 659.043 545.019 658.834 544.714C658.626 544.41 658.521 544.027 658.521 543.566V536.034ZM665.44 545.669C664.956 545.669 664.519 545.58 664.128 545.401C663.737 545.218 663.427 544.955 663.198 544.61C662.973 544.265 662.86 543.843 662.86 543.342C662.86 542.911 662.943 542.557 663.109 542.278C663.274 542 663.498 541.78 663.78 541.617C664.062 541.455 664.376 541.332 664.724 541.249C665.072 541.166 665.427 541.103 665.788 541.06C666.246 541.007 666.617 540.964 666.902 540.931C667.187 540.895 667.394 540.837 667.523 540.757C667.653 540.678 667.717 540.548 667.717 540.369V540.335C667.717 539.9 667.595 539.564 667.349 539.325C667.107 539.087 666.746 538.967 666.266 538.967C665.765 538.967 665.371 539.078 665.082 539.3C664.797 539.519 664.6 539.763 664.491 540.031L663.094 539.713C663.259 539.249 663.501 538.875 663.82 538.589C664.141 538.301 664.511 538.092 664.928 537.963C665.346 537.83 665.785 537.764 666.246 537.764C666.551 537.764 666.874 537.801 667.215 537.874C667.56 537.943 667.881 538.072 668.18 538.261C668.481 538.45 668.728 538.72 668.92 539.072C669.113 539.42 669.209 539.872 669.209 540.429V545.5H667.757V544.456H667.697C667.601 544.648 667.457 544.837 667.265 545.023C667.073 545.208 666.826 545.362 666.524 545.485C666.223 545.608 665.861 545.669 665.44 545.669ZM665.763 544.476C666.174 544.476 666.526 544.395 666.817 544.232C667.112 544.07 667.336 543.858 667.489 543.596C667.644 543.331 667.722 543.047 667.722 542.746V541.761C667.669 541.814 667.567 541.864 667.414 541.911C667.265 541.954 667.094 541.992 666.902 542.025C666.71 542.055 666.522 542.083 666.34 542.109C666.158 542.133 666.005 542.152 665.883 542.169C665.594 542.205 665.331 542.267 665.092 542.353C664.857 542.439 664.668 542.563 664.526 542.726C664.386 542.885 664.317 543.097 664.317 543.362C664.317 543.73 664.453 544.009 664.724 544.197C664.996 544.383 665.343 544.476 665.763 544.476ZM674.753 537.864V539.057H670.582V537.864H674.753ZM671.701 536.034H673.187V543.258C673.187 543.546 673.23 543.763 673.317 543.909C673.403 544.052 673.514 544.149 673.65 544.202C673.789 544.252 673.94 544.277 674.102 544.277C674.221 544.277 674.326 544.269 674.415 544.252C674.505 544.236 674.574 544.222 674.624 544.212L674.893 545.44C674.806 545.473 674.684 545.507 674.525 545.54C674.366 545.576 674.167 545.596 673.928 545.599C673.537 545.606 673.172 545.536 672.834 545.391C672.496 545.245 672.223 545.019 672.014 544.714C671.805 544.41 671.701 544.027 671.701 543.566V536.034ZM681.235 542.333V537.864H682.727V545.5H681.265V544.178H681.185C681.01 544.585 680.728 544.925 680.34 545.197C679.956 545.465 679.477 545.599 678.903 545.599C678.413 545.599 677.979 545.492 677.601 545.276C677.226 545.058 676.931 544.734 676.716 544.307C676.504 543.879 676.398 543.351 676.398 542.721V537.864H677.884V542.542C677.884 543.062 678.028 543.477 678.317 543.785C678.605 544.093 678.98 544.247 679.44 544.247C679.719 544.247 679.996 544.178 680.271 544.038C680.549 543.899 680.779 543.689 680.962 543.407C681.147 543.125 681.238 542.767 681.235 542.333ZM690.446 539.728L689.099 539.967C689.043 539.794 688.953 539.63 688.83 539.474C688.711 539.319 688.549 539.191 688.343 539.092C688.138 538.992 687.881 538.942 687.573 538.942C687.152 538.942 686.8 539.037 686.519 539.226C686.237 539.411 686.096 539.652 686.096 539.947C686.096 540.202 686.191 540.407 686.379 540.563C686.568 540.719 686.873 540.847 687.294 540.946L688.507 541.224C689.21 541.387 689.734 541.637 690.078 541.975C690.423 542.313 690.595 542.752 690.595 543.293C690.595 543.75 690.463 544.158 690.198 544.516C689.936 544.87 689.57 545.149 689.099 545.351C688.632 545.553 688.09 545.654 687.473 545.654C686.618 545.654 685.92 545.472 685.38 545.107C684.84 544.739 684.508 544.217 684.386 543.541L685.823 543.322C685.912 543.697 686.096 543.98 686.374 544.173C686.653 544.362 687.016 544.456 687.463 544.456C687.95 544.456 688.34 544.355 688.632 544.153C688.923 543.947 689.069 543.697 689.069 543.402C689.069 543.163 688.98 542.963 688.801 542.8C688.625 542.638 688.355 542.515 687.99 542.433L686.698 542.149C685.985 541.987 685.458 541.728 685.117 541.374C684.779 541.019 684.61 540.57 684.61 540.026C684.61 539.576 684.735 539.181 684.987 538.843C685.239 538.505 685.587 538.241 686.031 538.053C686.476 537.86 686.984 537.764 687.558 537.764C688.383 537.764 689.033 537.943 689.507 538.301C689.981 538.656 690.294 539.131 690.446 539.728ZM696.054 545.5V535.318H699.683C700.476 535.318 701.132 535.462 701.652 535.751C702.173 536.039 702.562 536.433 702.82 536.934C703.079 537.431 703.208 537.991 703.208 538.614C703.208 539.241 703.077 539.804 702.816 540.305C702.557 540.802 702.166 541.196 701.642 541.488C701.122 541.776 700.467 541.92 699.678 541.92H697.183V540.618H699.539C700.04 540.618 700.446 540.532 700.757 540.359C701.069 540.184 701.298 539.945 701.443 539.643C701.589 539.342 701.662 538.999 701.662 538.614C701.662 538.23 701.589 537.888 701.443 537.59C701.298 537.292 701.067 537.058 700.752 536.889C700.441 536.72 700.03 536.636 699.519 536.636H697.59V545.5H696.054ZM708.085 545.654C707.333 545.654 706.685 545.493 706.142 545.172C705.601 544.847 705.184 544.391 704.889 543.805C704.597 543.215 704.451 542.524 704.451 541.732C704.451 540.949 704.597 540.26 704.889 539.663C705.184 539.067 705.595 538.601 706.122 538.266C706.652 537.932 707.272 537.764 707.981 537.764C708.412 537.764 708.829 537.835 709.234 537.978C709.638 538.121 710.001 538.344 710.323 538.649C710.644 538.954 710.898 539.35 711.083 539.837C711.269 540.321 711.362 540.91 711.362 541.602V542.129H705.291V541.016H709.905C709.905 540.625 709.825 540.278 709.666 539.977C709.507 539.672 709.284 539.431 708.995 539.256C708.71 539.08 708.375 538.992 707.991 538.992C707.573 538.992 707.209 539.095 706.897 539.3C706.589 539.503 706.35 539.768 706.181 540.096C706.016 540.421 705.933 540.774 705.933 541.155V542.025C705.933 542.535 706.022 542.969 706.201 543.327C706.383 543.685 706.637 543.959 706.962 544.148C707.287 544.333 707.666 544.426 708.1 544.426C708.382 544.426 708.639 544.386 708.871 544.307C709.103 544.224 709.303 544.101 709.472 543.939C709.642 543.777 709.771 543.576 709.86 543.337L711.267 543.591C711.155 544.005 710.952 544.368 710.661 544.68C710.372 544.988 710.009 545.228 709.572 545.401C709.138 545.57 708.642 545.654 708.085 545.654ZM713.011 545.5V537.864H714.448V539.077H714.527C714.667 538.666 714.912 538.343 715.263 538.107C715.618 537.869 716.019 537.749 716.466 537.749C716.559 537.749 716.668 537.753 716.794 537.759C716.924 537.766 717.025 537.774 717.098 537.784V539.206C717.038 539.189 716.932 539.171 716.779 539.151C716.627 539.128 716.475 539.116 716.322 539.116C715.971 539.116 715.658 539.191 715.382 539.34C715.111 539.486 714.895 539.69 714.736 539.952C714.577 540.21 714.498 540.505 714.498 540.837V545.5H713.011ZM719.751 542.91L719.741 541.095H720L723.042 537.864H724.822L721.352 541.543H721.118L719.751 542.91ZM718.384 545.5V535.318H719.871V545.5H718.384ZM723.206 545.5L720.472 541.871L721.496 540.832L725.031 545.5H723.206ZM728.399 545.669C727.915 545.669 727.478 545.58 727.087 545.401C726.696 545.218 726.386 544.955 726.157 544.61C725.932 544.265 725.819 543.843 725.819 543.342C725.819 542.911 725.902 542.557 726.068 542.278C726.233 542 726.457 541.78 726.739 541.617C727.021 541.455 727.335 541.332 727.683 541.249C728.031 541.166 728.386 541.103 728.747 541.06C729.205 541.007 729.576 540.964 729.861 540.931C730.146 540.895 730.353 540.837 730.482 540.757C730.612 540.678 730.676 540.548 730.676 540.369V540.335C730.676 539.9 730.554 539.564 730.308 539.325C730.066 539.087 729.705 538.967 729.225 538.967C728.724 538.967 728.33 539.078 728.041 539.3C727.756 539.519 727.559 539.763 727.45 540.031L726.053 539.713C726.218 539.249 726.46 538.875 726.779 538.589C727.1 538.301 727.47 538.092 727.887 537.963C728.305 537.83 728.744 537.764 729.205 537.764C729.51 537.764 729.833 537.801 730.174 537.874C730.519 537.943 730.84 538.072 731.139 538.261C731.44 538.45 731.687 538.72 731.879 539.072C732.072 539.42 732.168 539.872 732.168 540.429V545.5H730.716V544.456H730.656C730.56 544.648 730.416 544.837 730.224 545.023C730.032 545.208 729.785 545.362 729.483 545.485C729.182 545.608 728.82 545.669 728.399 545.669ZM728.722 544.476C729.133 544.476 729.485 544.395 729.776 544.232C730.071 544.07 730.295 543.858 730.448 543.596C730.603 543.331 730.681 543.047 730.681 542.746V541.761C730.628 541.814 730.526 541.864 730.373 541.911C730.224 541.954 730.053 541.992 729.861 542.025C729.669 542.055 729.481 542.083 729.299 542.109C729.117 542.133 728.964 542.152 728.842 542.169C728.553 542.205 728.29 542.267 728.051 542.353C727.816 542.439 727.627 542.563 727.485 542.726C727.345 542.885 727.276 543.097 727.276 543.362C727.276 543.73 727.412 544.009 727.683 544.197C727.955 544.383 728.302 544.476 728.722 544.476ZM735.803 545.5L733.556 537.864H735.092L736.589 543.472H736.663L738.165 537.864H739.701L741.192 543.447H741.267L742.754 537.864H744.29L742.048 545.5H740.531L738.98 539.987H738.866L737.315 545.5H735.803ZM745.7 545.5V537.864H747.187V545.5H745.7ZM746.451 536.685C746.193 536.685 745.971 536.599 745.785 536.427C745.603 536.251 745.512 536.042 745.512 535.8C745.512 535.555 745.603 535.346 745.785 535.174C745.971 534.998 746.193 534.911 746.451 534.911C746.71 534.911 746.93 534.998 747.112 535.174C747.298 535.346 747.391 535.555 747.391 535.8C747.391 536.042 747.298 536.251 747.112 536.427C746.93 536.599 746.71 536.685 746.451 536.685ZM750.673 540.966V545.5H749.187V537.864H750.614V539.107H750.708C750.884 538.702 751.159 538.377 751.533 538.132C751.911 537.887 752.387 537.764 752.96 537.764C753.481 537.764 753.936 537.874 754.327 538.092C754.719 538.308 755.022 538.629 755.237 539.057C755.453 539.484 755.56 540.013 755.56 540.643V545.5H754.074V540.822C754.074 540.268 753.93 539.836 753.641 539.524C753.353 539.209 752.957 539.052 752.453 539.052C752.108 539.052 751.802 539.126 751.533 539.276C751.268 539.425 751.058 539.643 750.902 539.932C750.75 540.217 750.673 540.562 750.673 540.966ZM759.776 545.669C759.292 545.669 758.855 545.58 758.464 545.401C758.073 545.218 757.763 544.955 757.534 544.61C757.309 544.265 757.196 543.843 757.196 543.342C757.196 542.911 757.279 542.557 757.445 542.278C757.61 542 757.834 541.78 758.116 541.617C758.397 541.455 758.712 541.332 759.06 541.249C759.408 541.166 759.763 541.103 760.124 541.06C760.582 541.007 760.953 540.964 761.238 540.931C761.523 540.895 761.73 540.837 761.859 540.757C761.989 540.678 762.053 540.548 762.053 540.369V540.335C762.053 539.9 761.931 539.564 761.685 539.325C761.443 539.087 761.082 538.967 760.602 538.967C760.101 538.967 759.707 539.078 759.418 539.3C759.133 539.519 758.936 539.763 758.827 540.031L757.43 539.713C757.595 539.249 757.837 538.875 758.156 538.589C758.477 538.301 758.847 538.092 759.264 537.963C759.682 537.83 760.121 537.764 760.582 537.764C760.887 537.764 761.21 537.801 761.551 537.874C761.896 537.943 762.217 538.072 762.516 538.261C762.817 538.45 763.064 538.72 763.256 539.072C763.449 539.42 763.545 539.872 763.545 540.429V545.5H762.093V544.456H762.033C761.937 544.648 761.793 544.837 761.601 545.023C761.409 545.208 761.162 545.362 760.86 545.485C760.558 545.608 760.197 545.669 759.776 545.669ZM760.099 544.476C760.51 544.476 760.862 544.395 761.153 544.232C761.448 544.07 761.672 543.858 761.825 543.596C761.98 543.331 762.058 543.047 762.058 542.746V541.761C762.005 541.814 761.902 541.864 761.75 541.911C761.601 541.954 761.43 541.992 761.238 542.025C761.046 542.055 760.858 542.083 760.676 542.109C760.494 542.133 760.341 542.152 760.219 542.169C759.93 542.205 759.667 542.267 759.428 542.353C759.193 542.439 759.004 542.563 758.862 542.726C758.722 542.885 758.653 543.097 758.653 543.362C758.653 543.73 758.789 544.009 759.06 544.197C759.332 544.383 759.679 544.476 760.099 544.476ZM767.011 540.966V545.5H765.525V537.864H766.952V539.107H767.046C767.222 538.702 767.497 538.377 767.871 538.132C768.249 537.887 768.725 537.764 769.298 537.764C769.818 537.764 770.274 537.874 770.665 538.092C771.056 538.308 771.36 538.629 771.575 539.057C771.791 539.484 771.898 540.013 771.898 540.643V545.5H770.412V540.822C770.412 540.268 770.268 539.836 769.979 539.524C769.691 539.209 769.295 539.052 768.791 539.052C768.446 539.052 768.14 539.126 767.871 539.276C767.606 539.425 767.396 539.643 767.24 539.932C767.087 540.217 767.011 540.562 767.011 540.966Z" fill="#454545"/>
<rect x="648.5" y="553" width="266" height="41" rx="5.5" fill="white"/>
<rect x="648.5" y="553" width="266" height="41" rx="5.5" stroke="#DFDFDF"/>
<path d="M889.2 571.1L894 575.9L898.8 571.1" stroke="#6B7280" stroke-width="1.8" stroke-linecap="round" stroke-linejoin="round"/>
<path d="M662.409 567.864H664.091L668.045 577.523H668.182L672.136 567.864H673.818V579.5H672.5V570.659H672.386L668.75 579.5H667.477L663.841 570.659H663.727V579.5H662.409V567.864ZM680.121 579.682C679.28 579.682 678.554 579.496 677.945 579.125C677.339 578.75 676.871 578.227 676.541 577.557C676.215 576.883 676.053 576.098 676.053 575.205C676.053 574.311 676.215 573.523 676.541 572.841C676.871 572.155 677.329 571.621 677.916 571.239C678.507 570.852 679.196 570.659 679.984 570.659C680.439 570.659 680.888 570.735 681.331 570.886C681.774 571.038 682.178 571.284 682.541 571.625C682.905 571.962 683.195 572.409 683.411 572.966C683.626 573.523 683.734 574.208 683.734 575.023V575.591H677.007V574.432H682.371C682.371 573.939 682.272 573.5 682.075 573.114C681.882 572.727 681.606 572.422 681.246 572.199C680.89 571.975 680.469 571.864 679.984 571.864C679.45 571.864 678.988 571.996 678.598 572.261C678.212 572.523 677.914 572.864 677.706 573.284C677.498 573.705 677.393 574.155 677.393 574.636V575.409C677.393 576.068 677.507 576.627 677.734 577.085C677.965 577.54 678.286 577.886 678.695 578.125C679.104 578.36 679.579 578.477 680.121 578.477C680.473 578.477 680.791 578.428 681.075 578.33C681.363 578.227 681.611 578.076 681.82 577.875C682.028 577.67 682.189 577.417 682.303 577.114L683.598 577.477C683.462 577.917 683.232 578.303 682.911 578.636C682.589 578.966 682.191 579.223 681.717 579.409C681.244 579.591 680.712 579.682 680.121 579.682ZM687.115 574.25V579.5H685.774V570.773H687.07V572.136H687.183C687.388 571.693 687.698 571.337 688.115 571.068C688.532 570.795 689.07 570.659 689.729 570.659C690.32 570.659 690.837 570.78 691.28 571.023C691.723 571.261 692.068 571.625 692.314 572.114C692.56 572.598 692.683 573.212 692.683 573.955V579.5H691.342V574.045C691.342 573.36 691.164 572.826 690.808 572.443C690.452 572.057 689.964 571.864 689.342 571.864C688.914 571.864 688.532 571.956 688.195 572.142C687.861 572.328 687.598 572.598 687.405 572.955C687.212 573.311 687.115 573.742 687.115 574.25ZM695.134 579.5V570.773H696.474V579.5H695.134ZM695.815 569.318C695.554 569.318 695.329 569.229 695.139 569.051C694.954 568.873 694.861 568.659 694.861 568.409C694.861 568.159 694.954 567.945 695.139 567.767C695.329 567.589 695.554 567.5 695.815 567.5C696.077 567.5 696.3 567.589 696.486 567.767C696.675 567.945 696.77 568.159 696.77 568.409C696.77 568.659 696.675 568.873 696.486 569.051C696.3 569.229 696.077 569.318 695.815 569.318ZM700.18 576.318L700.158 574.659H700.43L704.249 570.773H705.908L701.839 574.886H701.726L700.18 576.318ZM698.93 579.5V567.864H700.271V579.5H698.93ZM704.476 579.5L701.067 575.182L702.021 574.25L706.18 579.5H704.476ZM710.202 579.705C709.649 579.705 709.147 579.6 708.696 579.392C708.245 579.18 707.887 578.875 707.622 578.477C707.357 578.076 707.224 577.591 707.224 577.023C707.224 576.523 707.323 576.117 707.52 575.807C707.717 575.492 707.98 575.246 708.31 575.068C708.639 574.89 709.003 574.758 709.401 574.67C709.802 574.58 710.205 574.508 710.611 574.455C711.141 574.386 711.571 574.335 711.901 574.301C712.234 574.263 712.476 574.201 712.628 574.114C712.783 574.027 712.861 573.875 712.861 573.659V573.614C712.861 573.053 712.707 572.617 712.401 572.307C712.098 571.996 711.637 571.841 711.02 571.841C710.38 571.841 709.878 571.981 709.514 572.261C709.151 572.542 708.895 572.841 708.747 573.159L707.474 572.705C707.702 572.174 708.005 571.761 708.384 571.466C708.766 571.167 709.183 570.958 709.634 570.841C710.088 570.72 710.535 570.659 710.974 570.659C711.255 570.659 711.577 570.693 711.94 570.761C712.308 570.826 712.662 570.96 713.003 571.165C713.348 571.369 713.634 571.678 713.861 572.091C714.088 572.504 714.202 573.057 714.202 573.75V579.5H712.861V578.318H712.793C712.702 578.508 712.55 578.71 712.338 578.926C712.126 579.142 711.844 579.326 711.491 579.477C711.139 579.629 710.709 579.705 710.202 579.705ZM710.406 578.5C710.937 578.5 711.384 578.396 711.747 578.188C712.115 577.979 712.391 577.71 712.577 577.381C712.766 577.051 712.861 576.705 712.861 576.341V575.114C712.804 575.182 712.679 575.244 712.486 575.301C712.296 575.354 712.077 575.402 711.827 575.443C711.58 575.481 711.34 575.515 711.105 575.545C710.874 575.572 710.687 575.595 710.543 575.614C710.194 575.659 709.868 575.733 709.565 575.835C709.266 575.934 709.024 576.083 708.838 576.284C708.656 576.481 708.565 576.75 708.565 577.091C708.565 577.557 708.738 577.909 709.082 578.148C709.431 578.383 709.872 578.5 710.406 578.5ZM717.99 574.25V579.5H716.649V567.864H717.99V572.136H718.104C718.308 571.686 718.615 571.328 719.024 571.062C719.437 570.794 719.986 570.659 720.672 570.659C721.267 570.659 721.787 570.778 722.234 571.017C722.681 571.252 723.028 571.614 723.274 572.102C723.524 572.587 723.649 573.205 723.649 573.955V579.5H722.308V574.045C722.308 573.352 722.128 572.816 721.768 572.438C721.412 572.055 720.918 571.864 720.286 571.864C719.846 571.864 719.452 571.956 719.104 572.142C718.759 572.328 718.486 572.598 718.286 572.955C718.089 573.311 717.99 573.742 717.99 574.25Z" fill="#171717"/>
<path d="M366.979 631.5H365.348L369.012 621.318H370.787L374.451 631.5H372.82L369.942 623.168H369.862L366.979 631.5ZM367.252 627.513H372.542V628.805H367.252V627.513ZM377.289 621.318V631.5H375.802V621.318H377.289ZM381.511 631.669C381.027 631.669 380.589 631.58 380.198 631.401C379.807 631.218 379.497 630.955 379.268 630.61C379.043 630.265 378.93 629.843 378.93 629.342C378.93 628.911 379.013 628.557 379.179 628.278C379.345 628 379.568 627.78 379.85 627.617C380.132 627.455 380.447 627.332 380.795 627.249C381.143 627.166 381.497 627.103 381.859 627.06C382.316 627.007 382.687 626.964 382.972 626.931C383.257 626.895 383.464 626.837 383.594 626.757C383.723 626.678 383.788 626.548 383.788 626.369V626.335C383.788 625.9 383.665 625.564 383.42 625.325C383.178 625.087 382.817 624.967 382.336 624.967C381.835 624.967 381.441 625.078 381.153 625.3C380.868 625.519 380.67 625.763 380.561 626.031L379.164 625.713C379.33 625.249 379.572 624.875 379.89 624.589C380.211 624.301 380.581 624.092 380.999 623.963C381.416 623.83 381.855 623.764 382.316 623.764C382.621 623.764 382.944 623.801 383.286 623.874C383.63 623.943 383.952 624.072 384.25 624.261C384.552 624.45 384.799 624.72 384.991 625.072C385.183 625.42 385.279 625.872 385.279 626.429V631.5H383.827V630.456H383.768C383.672 630.648 383.527 630.837 383.335 631.023C383.143 631.208 382.896 631.362 382.594 631.485C382.293 631.608 381.932 631.669 381.511 631.669ZM381.834 630.476C382.245 630.476 382.596 630.395 382.888 630.232C383.183 630.07 383.406 629.858 383.559 629.596C383.715 629.331 383.793 629.047 383.793 628.746V627.761C383.74 627.814 383.637 627.864 383.484 627.911C383.335 627.954 383.165 627.992 382.972 628.025C382.78 628.055 382.593 628.083 382.411 628.109C382.228 628.133 382.076 628.152 381.953 628.169C381.665 628.205 381.401 628.267 381.163 628.353C380.927 628.439 380.738 628.563 380.596 628.726C380.457 628.885 380.387 629.097 380.387 629.362C380.387 629.73 380.523 630.009 380.795 630.197C381.067 630.383 381.413 630.476 381.834 630.476ZM387.259 631.5V623.864H388.686V625.107H388.78C388.939 624.686 389.2 624.357 389.561 624.122C389.922 623.884 390.355 623.764 390.858 623.764C391.369 623.764 391.796 623.884 392.141 624.122C392.489 624.361 392.746 624.689 392.912 625.107H392.991C393.174 624.699 393.464 624.374 393.861 624.132C394.259 623.887 394.733 623.764 395.283 623.764C395.976 623.764 396.541 623.981 396.979 624.415C397.419 624.85 397.64 625.504 397.64 626.379V631.5H396.153V626.518C396.153 626.001 396.012 625.627 395.731 625.395C395.449 625.163 395.113 625.047 394.721 625.047C394.238 625.047 393.861 625.196 393.593 625.494C393.324 625.789 393.19 626.169 393.19 626.633V631.5H391.709V626.424C391.709 626.01 391.579 625.677 391.321 625.425C391.062 625.173 390.726 625.047 390.312 625.047C390.03 625.047 389.77 625.121 389.531 625.271C389.296 625.416 389.105 625.62 388.959 625.882C388.817 626.144 388.746 626.447 388.746 626.792V631.5H387.259ZM401.854 631.669C401.371 631.669 400.933 631.58 400.542 631.401C400.151 631.218 399.841 630.955 399.612 630.61C399.387 630.265 399.274 629.843 399.274 629.342C399.274 628.911 399.357 628.557 399.523 628.278C399.688 628 399.912 627.78 400.194 627.617C400.476 627.455 400.79 627.332 401.138 627.249C401.487 627.166 401.841 627.103 402.202 627.06C402.66 627.007 403.031 626.964 403.316 626.931C403.601 626.895 403.808 626.837 403.938 626.757C404.067 626.678 404.131 626.548 404.131 626.369V626.335C404.131 625.9 404.009 625.564 403.763 625.325C403.522 625.087 403.16 624.967 402.68 624.967C402.179 624.967 401.785 625.078 401.496 625.3C401.211 625.519 401.014 625.763 400.905 626.031L399.508 625.713C399.674 625.249 399.915 624.875 400.234 624.589C400.555 624.301 400.925 624.092 401.342 623.963C401.76 623.83 402.199 623.764 402.66 623.764C402.965 623.764 403.288 623.801 403.629 623.874C403.974 623.943 404.295 624.072 404.594 624.261C404.895 624.45 405.142 624.72 405.335 625.072C405.527 625.42 405.623 625.872 405.623 626.429V631.5H404.171V630.456H404.112C404.015 630.648 403.871 630.837 403.679 631.023C403.487 631.208 403.24 631.362 402.938 631.485C402.637 631.608 402.275 631.669 401.854 631.669ZM402.178 630.476C402.589 630.476 402.94 630.395 403.232 630.232C403.527 630.07 403.75 629.858 403.903 629.596C404.058 629.331 404.136 629.047 404.136 628.746V627.761C404.083 627.814 403.981 627.864 403.828 627.911C403.679 627.954 403.508 627.992 403.316 628.025C403.124 628.055 402.937 628.083 402.754 628.109C402.572 628.133 402.42 628.152 402.297 628.169C402.009 628.205 401.745 628.267 401.506 628.353C401.271 628.439 401.082 628.563 400.94 628.726C400.8 628.885 400.731 629.097 400.731 629.362C400.731 629.73 400.867 630.009 401.138 630.197C401.41 630.383 401.757 630.476 402.178 630.476ZM411.167 623.864V625.057H406.996V623.864H411.167ZM408.115 622.034H409.601V629.258C409.601 629.546 409.644 629.763 409.731 629.909C409.817 630.052 409.928 630.149 410.064 630.202C410.203 630.252 410.354 630.277 410.516 630.277C410.635 630.277 410.74 630.269 410.829 630.252C410.919 630.236 410.988 630.222 411.038 630.212L411.307 631.44C411.22 631.473 411.098 631.507 410.939 631.54C410.78 631.576 410.581 631.596 410.342 631.599C409.951 631.606 409.586 631.536 409.248 631.391C408.91 631.245 408.637 631.019 408.428 630.714C408.219 630.41 408.115 630.027 408.115 629.566V622.034ZM419.932 631.5H416.636V621.318H420.037C421.034 621.318 421.891 621.522 422.607 621.93C423.323 622.334 423.872 622.916 424.253 623.675C424.637 624.43 424.829 625.337 424.829 626.394C424.829 627.455 424.635 628.366 424.248 629.129C423.863 629.891 423.306 630.478 422.577 630.888C421.848 631.296 420.966 631.5 419.932 631.5ZM418.172 630.158H419.848C420.623 630.158 421.268 630.012 421.782 629.72C422.296 629.425 422.68 628.999 422.935 628.442C423.19 627.882 423.318 627.2 423.318 626.394C423.318 625.595 423.19 624.918 422.935 624.361C422.683 623.804 422.307 623.381 421.807 623.093C421.306 622.805 420.685 622.661 419.942 622.661H418.172V630.158ZM429.837 631.654C429.121 631.654 428.496 631.49 427.963 631.162C427.429 630.834 427.015 630.375 426.72 629.785C426.425 629.195 426.277 628.505 426.277 627.717C426.277 626.924 426.425 626.232 426.72 625.638C427.015 625.045 427.429 624.585 427.963 624.256C428.496 623.928 429.121 623.764 429.837 623.764C430.553 623.764 431.178 623.928 431.711 624.256C432.245 624.585 432.659 625.045 432.954 625.638C433.249 626.232 433.397 626.924 433.397 627.717C433.397 628.505 433.249 629.195 432.954 629.785C432.659 630.375 432.245 630.834 431.711 631.162C431.178 631.49 430.553 631.654 429.837 631.654ZM429.842 630.406C430.306 630.406 430.69 630.284 430.995 630.038C431.3 629.793 431.526 629.467 431.672 629.059C431.821 628.651 431.895 628.202 431.895 627.712C431.895 627.224 431.821 626.777 431.672 626.369C431.526 625.958 431.3 625.629 430.995 625.38C430.69 625.131 430.306 625.007 429.842 625.007C429.375 625.007 428.987 625.131 428.679 625.38C428.374 625.629 428.147 625.958 427.998 626.369C427.852 626.777 427.779 627.224 427.779 627.712C427.779 628.202 427.852 628.651 427.998 629.059C428.147 629.467 428.374 629.793 428.679 630.038C428.987 630.284 429.375 630.406 429.842 630.406ZM435.056 631.5V623.864H436.483V625.107H436.577C436.736 624.686 436.997 624.357 437.358 624.122C437.719 623.884 438.152 623.764 438.655 623.764C439.166 623.764 439.593 623.884 439.938 624.122C440.286 624.361 440.543 624.689 440.709 625.107H440.788C440.97 624.699 441.26 624.374 441.658 624.132C442.056 623.887 442.53 623.764 443.08 623.764C443.773 623.764 444.338 623.981 444.775 624.415C445.216 624.85 445.437 625.504 445.437 626.379V631.5H443.95V626.518C443.95 626.001 443.809 625.627 443.528 625.395C443.246 625.163 442.909 625.047 442.518 625.047C442.034 625.047 441.658 625.196 441.39 625.494C441.121 625.789 440.987 626.169 440.987 626.633V631.5H439.506V626.424C439.506 626.01 439.376 625.677 439.118 625.425C438.859 625.173 438.523 625.047 438.108 625.047C437.827 625.047 437.567 625.121 437.328 625.271C437.093 625.416 436.902 625.62 436.756 625.882C436.614 626.144 436.542 626.447 436.542 626.792V631.5H435.056ZM447.429 631.5V623.864H448.915V631.5H447.429ZM448.18 622.685C447.921 622.685 447.699 622.599 447.513 622.427C447.331 622.251 447.24 622.042 447.24 621.8C447.24 621.555 447.331 621.346 447.513 621.174C447.699 620.998 447.921 620.911 448.18 620.911C448.438 620.911 448.659 620.998 448.841 621.174C449.027 621.346 449.119 621.555 449.119 621.8C449.119 622.042 449.027 622.251 448.841 622.427C448.659 622.599 448.438 622.685 448.18 622.685ZM456.638 625.728L455.29 625.967C455.234 625.794 455.144 625.63 455.022 625.474C454.903 625.319 454.74 625.191 454.535 625.092C454.329 624.992 454.072 624.942 453.764 624.942C453.343 624.942 452.992 625.037 452.71 625.226C452.428 625.411 452.287 625.652 452.287 625.947C452.287 626.202 452.382 626.407 452.571 626.563C452.76 626.719 453.065 626.847 453.486 626.946L454.699 627.224C455.401 627.387 455.925 627.637 456.27 627.975C456.614 628.313 456.787 628.752 456.787 629.293C456.787 629.75 456.654 630.158 456.389 630.516C456.127 630.87 455.761 631.149 455.29 631.351C454.823 631.553 454.281 631.654 453.665 631.654C452.809 631.654 452.112 631.472 451.572 631.107C451.031 630.739 450.7 630.217 450.577 629.541L452.014 629.322C452.104 629.697 452.287 629.98 452.566 630.173C452.844 630.362 453.207 630.456 453.655 630.456C454.142 630.456 454.531 630.355 454.823 630.153C455.115 629.947 455.26 629.697 455.26 629.402C455.26 629.163 455.171 628.963 454.992 628.8C454.816 628.638 454.546 628.515 454.182 628.433L452.889 628.149C452.176 627.987 451.649 627.728 451.308 627.374C450.97 627.019 450.801 626.57 450.801 626.026C450.801 625.576 450.927 625.181 451.179 624.843C451.431 624.505 451.779 624.241 452.223 624.053C452.667 623.86 453.176 623.764 453.749 623.764C454.574 623.764 455.224 623.943 455.698 624.301C456.172 624.656 456.485 625.131 456.638 625.728ZM458.421 631.5V623.864H459.908V631.5H458.421ZM459.172 622.685C458.913 622.685 458.691 622.599 458.506 622.427C458.323 622.251 458.232 622.042 458.232 621.8C458.232 621.555 458.323 621.346 458.506 621.174C458.691 620.998 458.913 620.911 459.172 620.911C459.43 620.911 459.651 620.998 459.833 621.174C460.019 621.346 460.112 621.555 460.112 621.8C460.112 622.042 460.019 622.251 459.833 622.427C459.651 622.599 459.43 622.685 459.172 622.685ZM463.394 621.318V631.5H461.907V621.318H463.394ZM465.394 631.5V623.864H466.88V631.5H465.394ZM466.145 622.685C465.886 622.685 465.664 622.599 465.478 622.427C465.296 622.251 465.205 622.042 465.205 621.8C465.205 621.555 465.296 621.346 465.478 621.174C465.664 620.998 465.886 620.911 466.145 620.911C466.403 620.911 466.623 620.998 466.806 621.174C466.991 621.346 467.084 621.555 467.084 621.8C467.084 622.042 466.991 622.251 466.806 622.427C466.623 622.599 466.403 622.685 466.145 622.685Z" fill="#454545"/>
<rect x="365.5" y="639" width="549" height="65" rx="5.5" fill="white"/>
<rect x="365.5" y="639" width="549" height="65" rx="5.5" stroke="#DFDFDF"/>
<path d="M383.864 653.864H385.273V662.182C385.273 662.924 385.136 663.555 384.864 664.074C384.591 664.593 384.206 664.987 383.71 665.256C383.214 665.525 382.629 665.659 381.955 665.659C381.318 665.659 380.752 665.544 380.256 665.312C379.759 665.078 379.369 664.744 379.085 664.312C378.801 663.881 378.659 663.367 378.659 662.773H380.045C380.045 663.102 380.127 663.39 380.29 663.636C380.456 663.879 380.684 664.068 380.972 664.205C381.259 664.341 381.587 664.409 381.955 664.409C382.36 664.409 382.705 664.324 382.989 664.153C383.273 663.983 383.489 663.733 383.636 663.403C383.788 663.07 383.864 662.663 383.864 662.182V653.864ZM389.256 653.864V665.5H387.915V653.864H389.256ZM392.689 665.591C392.409 665.591 392.168 665.491 391.967 665.29C391.767 665.089 391.666 664.848 391.666 664.568C391.666 664.288 391.767 664.047 391.967 663.847C392.168 663.646 392.409 663.545 392.689 663.545C392.969 663.545 393.21 663.646 393.411 663.847C393.611 664.047 393.712 664.288 393.712 664.568C393.712 664.754 393.664 664.924 393.57 665.08C393.479 665.235 393.356 665.36 393.2 665.455C393.049 665.545 392.878 665.591 392.689 665.591ZM407.163 656.773C407.095 656.197 406.819 655.75 406.334 655.432C405.849 655.114 405.254 654.955 404.55 654.955C404.035 654.955 403.584 655.038 403.197 655.205C402.815 655.371 402.516 655.6 402.3 655.892C402.088 656.184 401.982 656.515 401.982 656.886C401.982 657.197 402.055 657.464 402.203 657.688C402.355 657.907 402.548 658.091 402.783 658.239C403.018 658.383 403.264 658.502 403.521 658.597C403.779 658.687 404.016 658.761 404.232 658.818L405.413 659.136C405.716 659.216 406.054 659.326 406.425 659.466C406.8 659.606 407.158 659.797 407.499 660.04C407.843 660.278 408.127 660.585 408.351 660.96C408.574 661.335 408.686 661.795 408.686 662.341C408.686 662.97 408.521 663.538 408.192 664.045C407.866 664.553 407.389 664.956 406.76 665.256C406.135 665.555 405.375 665.705 404.482 665.705C403.648 665.705 402.927 665.57 402.317 665.301C401.711 665.032 401.233 664.657 400.885 664.176C400.54 663.695 400.345 663.136 400.3 662.5H401.754C401.792 662.939 401.94 663.303 402.197 663.591C402.459 663.875 402.788 664.087 403.186 664.227C403.588 664.364 404.019 664.432 404.482 664.432C405.019 664.432 405.502 664.345 405.93 664.17C406.358 663.992 406.697 663.746 406.947 663.432C407.197 663.114 407.322 662.742 407.322 662.318C407.322 661.932 407.214 661.617 406.999 661.375C406.783 661.133 406.499 660.936 406.146 660.784C405.794 660.633 405.413 660.5 405.004 660.386L403.572 659.977C402.663 659.716 401.944 659.343 401.413 658.858C400.883 658.373 400.618 657.739 400.618 656.955C400.618 656.303 400.794 655.735 401.146 655.25C401.502 654.761 401.98 654.383 402.578 654.114C403.18 653.841 403.853 653.705 404.595 653.705C405.345 653.705 406.012 653.839 406.595 654.108C407.179 654.373 407.641 654.737 407.982 655.199C408.326 655.661 408.508 656.186 408.527 656.773H407.163ZM416.321 661.932V656.773H417.662V665.5H416.321V664.023H416.23C416.026 664.466 415.707 664.843 415.276 665.153C414.844 665.46 414.298 665.614 413.639 665.614C413.094 665.614 412.609 665.494 412.185 665.256C411.76 665.013 411.427 664.65 411.185 664.165C410.942 663.676 410.821 663.061 410.821 662.318V656.773H412.162V662.227C412.162 662.864 412.34 663.371 412.696 663.75C413.056 664.129 413.514 664.318 414.071 664.318C414.404 664.318 414.743 664.233 415.088 664.062C415.437 663.892 415.728 663.631 415.963 663.278C416.202 662.926 416.321 662.477 416.321 661.932ZM421.368 662.318L421.345 660.659H421.618L425.436 656.773H427.095L423.027 660.886H422.913L421.368 662.318ZM420.118 665.5V653.864H421.459V665.5H420.118ZM425.663 665.5L422.254 661.182L423.209 660.25L427.368 665.5H425.663ZM431.389 665.705C430.836 665.705 430.334 665.6 429.884 665.392C429.433 665.18 429.075 664.875 428.81 664.477C428.545 664.076 428.412 663.591 428.412 663.023C428.412 662.523 428.51 662.117 428.707 661.807C428.904 661.492 429.168 661.246 429.497 661.068C429.827 660.89 430.19 660.758 430.588 660.67C430.99 660.58 431.393 660.508 431.798 660.455C432.329 660.386 432.759 660.335 433.088 660.301C433.421 660.263 433.664 660.201 433.815 660.114C433.971 660.027 434.048 659.875 434.048 659.659V659.614C434.048 659.053 433.895 658.617 433.588 658.307C433.285 657.996 432.825 657.841 432.207 657.841C431.567 657.841 431.065 657.981 430.702 658.261C430.338 658.542 430.082 658.841 429.935 659.159L428.662 658.705C428.889 658.174 429.192 657.761 429.571 657.466C429.954 657.167 430.37 656.958 430.821 656.841C431.276 656.72 431.723 656.659 432.162 656.659C432.442 656.659 432.764 656.693 433.128 656.761C433.495 656.826 433.849 656.96 434.19 657.165C434.535 657.369 434.821 657.678 435.048 658.091C435.276 658.504 435.389 659.057 435.389 659.75V665.5H434.048V664.318H433.98C433.889 664.508 433.738 664.71 433.526 664.926C433.313 665.142 433.031 665.326 432.679 665.477C432.327 665.629 431.897 665.705 431.389 665.705ZM431.594 664.5C432.124 664.5 432.571 664.396 432.935 664.188C433.302 663.979 433.579 663.71 433.764 663.381C433.954 663.051 434.048 662.705 434.048 662.341V661.114C433.991 661.182 433.866 661.244 433.673 661.301C433.484 661.354 433.264 661.402 433.014 661.443C432.768 661.481 432.527 661.515 432.293 661.545C432.062 661.572 431.874 661.595 431.73 661.614C431.382 661.659 431.056 661.733 430.753 661.835C430.454 661.934 430.211 662.083 430.026 662.284C429.844 662.481 429.753 662.75 429.753 663.091C429.753 663.557 429.925 663.909 430.27 664.148C430.618 664.383 431.06 664.5 431.594 664.5ZM437.837 656.773H439.178V666.136C439.178 666.674 439.085 667.14 438.899 667.534C438.717 667.928 438.441 668.233 438.07 668.449C437.702 668.665 437.238 668.773 436.678 668.773C436.632 668.773 436.587 668.773 436.541 668.773C436.496 668.773 436.45 668.773 436.405 668.773V667.523C436.45 667.523 436.492 667.523 436.53 667.523C436.568 667.523 436.609 667.523 436.655 667.523C437.064 667.523 437.363 667.402 437.553 667.159C437.742 666.92 437.837 666.58 437.837 666.136V656.773ZM438.496 655.318C438.234 655.318 438.009 655.229 437.82 655.051C437.634 654.873 437.541 654.659 437.541 654.409C437.541 654.159 437.634 653.945 437.82 653.767C438.009 653.589 438.234 653.5 438.496 653.5C438.757 653.5 438.981 653.589 439.166 653.767C439.356 653.945 439.45 654.159 439.45 654.409C439.45 654.659 439.356 654.873 439.166 655.051C438.981 655.229 438.757 655.318 438.496 655.318ZM444.202 665.705C443.649 665.705 443.147 665.6 442.696 665.392C442.245 665.18 441.887 664.875 441.622 664.477C441.357 664.076 441.224 663.591 441.224 663.023C441.224 662.523 441.323 662.117 441.52 661.807C441.717 661.492 441.98 661.246 442.31 661.068C442.639 660.89 443.003 660.758 443.401 660.67C443.802 660.58 444.205 660.508 444.611 660.455C445.141 660.386 445.571 660.335 445.901 660.301C446.234 660.263 446.476 660.201 446.628 660.114C446.783 660.027 446.861 659.875 446.861 659.659V659.614C446.861 659.053 446.707 658.617 446.401 658.307C446.098 657.996 445.637 657.841 445.02 657.841C444.38 657.841 443.878 657.981 443.514 658.261C443.151 658.542 442.895 658.841 442.747 659.159L441.474 658.705C441.702 658.174 442.005 657.761 442.384 657.466C442.766 657.167 443.183 656.958 443.634 656.841C444.088 656.72 444.535 656.659 444.974 656.659C445.255 656.659 445.577 656.693 445.94 656.761C446.308 656.826 446.662 656.96 447.003 657.165C447.348 657.369 447.634 657.678 447.861 658.091C448.088 658.504 448.202 659.057 448.202 659.75V665.5H446.861V664.318H446.793C446.702 664.508 446.55 664.71 446.338 664.926C446.126 665.142 445.844 665.326 445.491 665.477C445.139 665.629 444.709 665.705 444.202 665.705ZM444.406 664.5C444.937 664.5 445.384 664.396 445.747 664.188C446.115 663.979 446.391 663.71 446.577 663.381C446.766 663.051 446.861 662.705 446.861 662.341V661.114C446.804 661.182 446.679 661.244 446.486 661.301C446.296 661.354 446.077 661.402 445.827 661.443C445.58 661.481 445.34 661.515 445.105 661.545C444.874 661.572 444.687 661.595 444.543 661.614C444.194 661.659 443.868 661.733 443.565 661.835C443.266 661.934 443.024 662.083 442.838 662.284C442.656 662.481 442.565 662.75 442.565 663.091C442.565 663.557 442.738 663.909 443.082 664.148C443.431 664.383 443.872 664.5 444.406 664.5ZM453.945 665.682C453.217 665.682 452.575 665.498 452.018 665.131C451.462 664.759 451.026 664.237 450.712 663.562C450.397 662.884 450.24 662.083 450.24 661.159C450.24 660.242 450.397 659.447 450.712 658.773C451.026 658.098 451.464 657.578 452.024 657.21C452.585 656.843 453.232 656.659 453.967 656.659C454.536 656.659 454.984 656.754 455.314 656.943C455.647 657.129 455.901 657.341 456.075 657.58C456.253 657.814 456.392 658.008 456.49 658.159H456.604V653.864H457.945V665.5H456.649V664.159H456.49C456.392 664.318 456.251 664.519 456.07 664.761C455.888 665 455.628 665.214 455.291 665.403C454.954 665.589 454.505 665.682 453.945 665.682ZM454.126 664.477C454.664 664.477 455.119 664.337 455.49 664.057C455.861 663.773 456.143 663.381 456.337 662.881C456.53 662.377 456.626 661.795 456.626 661.136C456.626 660.485 456.532 659.915 456.342 659.426C456.153 658.934 455.873 658.551 455.501 658.278C455.13 658.002 454.672 657.864 454.126 657.864C453.558 657.864 453.085 658.009 452.706 658.301C452.331 658.589 452.049 658.981 451.859 659.477C451.674 659.97 451.581 660.523 451.581 661.136C451.581 661.758 451.676 662.322 451.865 662.83C452.058 663.333 452.342 663.735 452.717 664.034C453.096 664.33 453.566 664.477 454.126 664.477ZM460.587 665.5V656.773H461.928V665.5H460.587ZM461.268 655.318C461.007 655.318 460.782 655.229 460.592 655.051C460.407 654.873 460.314 654.659 460.314 654.409C460.314 654.159 460.407 653.945 460.592 653.767C460.782 653.589 461.007 653.5 461.268 653.5C461.53 653.5 461.753 653.589 461.939 653.767C462.128 653.945 462.223 654.159 462.223 654.409C462.223 654.659 462.128 654.873 461.939 655.051C461.753 655.229 461.53 655.318 461.268 655.318ZM478.293 653.864V665.5H476.929L470.588 656.364H470.474V665.5H469.065V653.864H470.429L476.793 663.023H476.906V653.864H478.293ZM484.476 665.682C483.688 665.682 482.997 665.494 482.402 665.119C481.811 664.744 481.349 664.22 481.016 663.545C480.686 662.871 480.521 662.083 480.521 661.182C480.521 660.273 480.686 659.479 481.016 658.801C481.349 658.123 481.811 657.597 482.402 657.222C482.997 656.847 483.688 656.659 484.476 656.659C485.264 656.659 485.953 656.847 486.544 657.222C487.139 657.597 487.601 658.123 487.93 658.801C488.264 659.479 488.43 660.273 488.43 661.182C488.43 662.083 488.264 662.871 487.93 663.545C487.601 664.22 487.139 664.744 486.544 665.119C485.953 665.494 485.264 665.682 484.476 665.682ZM484.476 664.477C485.074 664.477 485.567 664.324 485.953 664.017C486.339 663.71 486.625 663.307 486.811 662.807C486.997 662.307 487.089 661.765 487.089 661.182C487.089 660.598 486.997 660.055 486.811 659.551C486.625 659.047 486.339 658.64 485.953 658.33C485.567 658.019 485.074 657.864 484.476 657.864C483.877 657.864 483.385 658.019 482.999 658.33C482.612 658.64 482.326 659.047 482.141 659.551C481.955 660.055 481.862 660.598 481.862 661.182C481.862 661.765 481.955 662.307 482.141 662.807C482.326 663.307 482.612 663.71 482.999 664.017C483.385 664.324 483.877 664.477 484.476 664.477ZM491.455 665.591C491.174 665.591 490.934 665.491 490.733 665.29C490.532 665.089 490.432 664.848 490.432 664.568C490.432 664.288 490.532 664.047 490.733 663.847C490.934 663.646 491.174 663.545 491.455 663.545C491.735 663.545 491.975 663.646 492.176 663.847C492.377 664.047 492.477 664.288 492.477 664.568C492.477 664.754 492.43 664.924 492.335 665.08C492.244 665.235 492.121 665.36 491.966 665.455C491.814 665.545 491.644 665.591 491.455 665.591ZM499.088 663.114V661.955L504.202 653.864H505.043V655.659H504.474L500.611 661.773V661.864H507.497V663.114H499.088ZM504.565 665.5V662.761V662.222V653.864H505.906V665.5H504.565ZM513.263 665.659C512.596 665.659 511.996 665.527 511.462 665.261C510.928 664.996 510.5 664.633 510.178 664.17C509.856 663.708 509.679 663.182 509.649 662.591H511.013C511.066 663.117 511.304 663.553 511.729 663.898C512.157 664.239 512.668 664.409 513.263 664.409C513.74 664.409 514.164 664.297 514.536 664.074C514.911 663.85 515.204 663.544 515.416 663.153C515.632 662.759 515.74 662.314 515.74 661.818C515.74 661.311 515.628 660.858 515.405 660.46C515.185 660.059 514.882 659.742 514.496 659.511C514.109 659.28 513.668 659.163 513.172 659.159C512.816 659.155 512.45 659.21 512.075 659.324C511.7 659.434 511.392 659.576 511.149 659.75L509.831 659.591L510.536 653.864H516.581V655.114H511.717L511.308 658.545H511.376C511.615 658.356 511.914 658.199 512.274 658.074C512.634 657.949 513.009 657.886 513.399 657.886C514.111 657.886 514.746 658.057 515.303 658.398C515.863 658.735 516.303 659.197 516.621 659.784C516.943 660.371 517.104 661.042 517.104 661.795C517.104 662.538 516.937 663.201 516.604 663.784C516.274 664.364 515.82 664.822 515.24 665.159C514.661 665.492 514.001 665.659 513.263 665.659ZM520.946 663.909L520.855 664.523C520.791 664.955 520.692 665.417 520.56 665.909C520.431 666.402 520.296 666.866 520.156 667.301C520.016 667.737 519.901 668.083 519.81 668.341H518.787C518.836 668.098 518.901 667.778 518.98 667.381C519.06 666.983 519.139 666.538 519.219 666.045C519.302 665.557 519.37 665.057 519.423 664.545L519.491 663.909H520.946ZM528.112 665.5V653.864H532.044C532.953 653.864 533.699 654.019 534.283 654.33C534.866 654.636 535.298 655.059 535.578 655.597C535.858 656.134 535.999 656.746 535.999 657.432C535.999 658.117 535.858 658.725 535.578 659.256C535.298 659.786 534.868 660.203 534.288 660.506C533.709 660.805 532.968 660.955 532.067 660.955H528.885V659.682H532.021C532.643 659.682 533.143 659.591 533.521 659.409C533.904 659.227 534.18 658.97 534.351 658.636C534.525 658.299 534.612 657.898 534.612 657.432C534.612 656.966 534.525 656.559 534.351 656.21C534.177 655.862 533.898 655.593 533.516 655.403C533.133 655.21 532.627 655.114 531.999 655.114H529.521V665.5H528.112ZM533.589 660.273L536.453 665.5H534.817L531.999 660.273H533.589ZM537.71 655.114V653.864H546.438V655.114H542.778V665.5H541.369V655.114H537.71ZM556.703 665.659C555.847 665.659 555.118 665.426 554.516 664.96C553.913 664.491 553.453 663.811 553.135 662.92C552.817 662.027 552.658 660.947 552.658 659.682C552.658 658.424 552.817 657.35 553.135 656.46C553.457 655.566 553.919 654.884 554.521 654.415C555.127 653.941 555.855 653.705 556.703 653.705C557.552 653.705 558.277 653.941 558.879 654.415C559.485 654.884 559.947 655.566 560.266 656.46C560.588 657.35 560.749 658.424 560.749 659.682C560.749 660.947 560.589 662.027 560.271 662.92C559.953 663.811 559.493 664.491 558.891 664.96C558.288 665.426 557.559 665.659 556.703 665.659ZM556.703 664.409C557.552 664.409 558.211 664 558.68 663.182C559.15 662.364 559.385 661.197 559.385 659.682C559.385 658.674 559.277 657.816 559.061 657.108C558.849 656.4 558.542 655.86 558.141 655.489C557.743 655.117 557.264 654.932 556.703 654.932C555.862 654.932 555.205 655.347 554.732 656.176C554.258 657.002 554.021 658.17 554.021 659.682C554.021 660.689 554.127 661.545 554.339 662.25C554.552 662.955 554.857 663.491 555.254 663.858C555.656 664.225 556.139 664.409 556.703 664.409ZM562.908 665.5V664.477L566.749 660.273C567.199 659.78 567.571 659.352 567.862 658.989C568.154 658.621 568.37 658.277 568.51 657.955C568.654 657.629 568.726 657.288 568.726 656.932C568.726 656.523 568.627 656.169 568.43 655.869C568.237 655.57 567.972 655.339 567.635 655.176C567.298 655.013 566.919 654.932 566.499 654.932C566.052 654.932 565.661 655.025 565.328 655.21C564.999 655.392 564.743 655.648 564.561 655.977C564.383 656.307 564.294 656.693 564.294 657.136H562.953C562.953 656.455 563.11 655.856 563.425 655.341C563.739 654.826 564.167 654.424 564.709 654.136C565.254 653.848 565.866 653.705 566.544 653.705C567.226 653.705 567.83 653.848 568.357 654.136C568.883 654.424 569.296 654.812 569.595 655.301C569.894 655.79 570.044 656.333 570.044 656.932C570.044 657.36 569.966 657.778 569.811 658.188C569.66 658.593 569.394 659.045 569.016 659.545C568.641 660.042 568.12 660.648 567.453 661.364L564.839 664.159V664.25H570.249V665.5H562.908ZM576.732 653.318L572.982 667.25H571.754L575.504 653.318H576.732ZM578.503 665.5V653.864H582.435C583.344 653.864 584.09 654.019 584.673 654.33C585.257 654.636 585.688 655.059 585.969 655.597C586.249 656.134 586.389 656.746 586.389 657.432C586.389 658.117 586.249 658.725 585.969 659.256C585.688 659.786 585.259 660.203 584.679 660.506C584.099 660.805 583.359 660.955 582.457 660.955H579.276V659.682H582.412C583.033 659.682 583.533 659.591 583.912 659.409C584.295 659.227 584.571 658.97 584.741 658.636C584.916 658.299 585.003 657.898 585.003 657.432C585.003 656.966 584.916 656.559 584.741 656.21C584.567 655.862 584.289 655.593 583.906 655.403C583.524 655.21 583.018 655.114 582.389 655.114H579.912V665.5H578.503ZM583.98 660.273L586.844 665.5H585.207L582.389 660.273H583.98ZM590.851 665.5L587.669 653.864H589.101L591.533 663.341H591.646L594.124 653.864H595.714L598.192 663.341H598.305L600.737 653.864H602.169L598.987 665.5H597.533L594.964 656.227H594.874L592.305 665.5H590.851ZM612.016 665.659C611.16 665.659 610.43 665.426 609.828 664.96C609.226 664.491 608.766 663.811 608.447 662.92C608.129 662.027 607.97 660.947 607.97 659.682C607.97 658.424 608.129 657.35 608.447 656.46C608.769 655.566 609.232 654.884 609.834 654.415C610.44 653.941 611.167 653.705 612.016 653.705C612.864 653.705 613.589 653.941 614.192 654.415C614.798 654.884 615.26 655.566 615.578 656.46C615.9 657.35 616.061 658.424 616.061 659.682C616.061 660.947 615.902 662.027 615.584 662.92C615.266 663.811 614.805 664.491 614.203 664.96C613.601 665.426 612.872 665.659 612.016 665.659ZM612.016 664.409C612.864 664.409 613.523 664 613.993 663.182C614.463 662.364 614.697 661.197 614.697 659.682C614.697 658.674 614.589 657.816 614.374 657.108C614.161 656.4 613.855 655.86 613.453 655.489C613.055 655.117 612.576 654.932 612.016 654.932C611.175 654.932 610.518 655.347 610.044 656.176C609.571 657.002 609.334 658.17 609.334 659.682C609.334 660.689 609.44 661.545 609.652 662.25C609.864 662.955 610.169 663.491 610.567 663.858C610.968 664.225 611.451 664.409 612.016 664.409ZM621.857 665.659C621.19 665.659 620.589 665.527 620.055 665.261C619.521 664.996 619.093 664.633 618.771 664.17C618.449 663.708 618.273 663.182 618.243 662.591H619.607C619.66 663.117 619.898 663.553 620.322 663.898C620.75 664.239 621.262 664.409 621.857 664.409C622.334 664.409 622.758 664.297 623.129 664.074C623.504 663.85 623.798 663.544 624.01 663.153C624.226 662.759 624.334 662.314 624.334 661.818C624.334 661.311 624.222 660.858 623.999 660.46C623.779 660.059 623.476 659.742 623.089 659.511C622.703 659.28 622.262 659.163 621.766 659.159C621.41 659.155 621.044 659.21 620.669 659.324C620.294 659.434 619.985 659.576 619.743 659.75L618.425 659.591L619.129 653.864H625.175V655.114H620.311L619.902 658.545H619.97C620.209 658.356 620.508 658.199 620.868 658.074C621.228 657.949 621.603 657.886 621.993 657.886C622.705 657.886 623.339 658.057 623.896 658.398C624.457 658.735 624.896 659.197 625.214 659.784C625.536 660.371 625.697 661.042 625.697 661.795C625.697 662.538 625.531 663.201 625.197 663.784C624.868 664.364 624.413 664.822 623.834 665.159C623.254 665.492 622.595 665.659 621.857 665.659Z" fill="#171717"/>
<path d="M366.119 747.5V737.318H369.748C370.54 737.318 371.196 737.462 371.717 737.751C372.237 738.039 372.626 738.433 372.885 738.934C373.143 739.431 373.273 739.991 373.273 740.614C373.273 741.241 373.142 741.804 372.88 742.305C372.621 742.802 372.23 743.196 371.707 743.488C371.186 743.776 370.532 743.92 369.743 743.92H367.247V742.618H369.604C370.104 742.618 370.51 742.532 370.822 742.359C371.133 742.184 371.362 741.945 371.508 741.643C371.654 741.342 371.727 740.999 371.727 740.614C371.727 740.23 371.654 739.888 371.508 739.59C371.362 739.292 371.132 739.058 370.817 738.889C370.505 738.72 370.094 738.636 369.584 738.636H367.655V747.5H366.119ZM378.15 747.654C377.397 747.654 376.75 747.493 376.206 747.172C375.666 746.847 375.248 746.391 374.953 745.805C374.661 745.215 374.516 744.524 374.516 743.732C374.516 742.949 374.661 742.26 374.953 741.663C375.248 741.067 375.659 740.601 376.186 740.266C376.716 739.932 377.336 739.764 378.045 739.764C378.476 739.764 378.894 739.835 379.298 739.978C379.703 740.121 380.066 740.344 380.387 740.649C380.709 740.954 380.962 741.35 381.148 741.837C381.333 742.321 381.426 742.91 381.426 743.602V744.129H375.356V743.016H379.969C379.969 742.625 379.89 742.278 379.731 741.977C379.572 741.672 379.348 741.431 379.06 741.256C378.775 741.08 378.44 740.992 378.055 740.992C377.638 740.992 377.273 741.095 376.962 741.3C376.653 741.503 376.415 741.768 376.246 742.096C376.08 742.421 375.997 742.774 375.997 743.155V744.025C375.997 744.535 376.087 744.969 376.266 745.327C376.448 745.685 376.701 745.959 377.026 746.148C377.351 746.333 377.731 746.426 378.165 746.426C378.446 746.426 378.703 746.386 378.935 746.307C379.167 746.224 379.368 746.101 379.537 745.939C379.706 745.777 379.835 745.576 379.925 745.337L381.332 745.591C381.219 746.005 381.017 746.368 380.725 746.68C380.437 746.988 380.074 747.228 379.636 747.401C379.202 747.57 378.707 747.654 378.15 747.654ZM384.443 744.91L384.433 743.095H384.691L387.734 739.864H389.514L386.044 743.543H385.81L384.443 744.91ZM383.075 747.5V737.318H384.562V747.5H383.075ZM387.898 747.5L385.164 743.871L386.188 742.832L389.722 747.5H387.898ZM393.845 747.654C393.093 747.654 392.445 747.493 391.901 747.172C391.361 746.847 390.943 746.391 390.648 745.805C390.357 745.215 390.211 744.524 390.211 743.732C390.211 742.949 390.357 742.26 390.648 741.663C390.943 741.067 391.354 740.601 391.881 740.266C392.412 739.932 393.031 739.764 393.741 739.764C394.172 739.764 394.589 739.835 394.994 739.978C395.398 740.121 395.761 740.344 396.082 740.649C396.404 740.954 396.657 741.35 396.843 741.837C397.029 742.321 397.121 742.91 397.121 743.602V744.129H391.051V743.016H395.665C395.665 742.625 395.585 742.278 395.426 741.977C395.267 741.672 395.043 741.431 394.755 741.256C394.47 741.08 394.135 740.992 393.751 740.992C393.333 740.992 392.969 741.095 392.657 741.3C392.349 741.503 392.11 741.768 391.941 742.096C391.775 742.421 391.692 742.774 391.692 743.155V744.025C391.692 744.535 391.782 744.969 391.961 745.327C392.143 745.685 392.397 745.959 392.722 746.148C393.046 746.333 393.426 746.426 393.86 746.426C394.142 746.426 394.399 746.386 394.631 746.307C394.863 746.224 395.063 746.101 395.232 745.939C395.401 745.777 395.531 745.576 395.62 745.337L397.027 745.591C396.914 746.005 396.712 746.368 396.42 746.68C396.132 746.988 395.769 747.228 395.332 747.401C394.897 747.57 394.402 747.654 393.845 747.654ZM398.771 747.5V739.864H400.208V741.077H400.287C400.426 740.666 400.672 740.343 401.023 740.107C401.378 739.869 401.779 739.749 402.226 739.749C402.319 739.749 402.428 739.753 402.554 739.759C402.683 739.766 402.785 739.774 402.857 739.784V741.206C402.798 741.189 402.692 741.171 402.539 741.151C402.387 741.128 402.234 741.116 402.082 741.116C401.731 741.116 401.417 741.191 401.142 741.34C400.87 741.486 400.655 741.69 400.496 741.952C400.337 742.21 400.257 742.505 400.257 742.837V747.5H398.771ZM404.144 739.864H405.63V747.997C405.63 748.508 405.538 748.938 405.352 749.29C405.17 749.641 404.898 749.908 404.537 750.09C404.179 750.272 403.736 750.364 403.209 750.364C403.156 750.364 403.106 750.364 403.06 750.364C403.01 750.364 402.959 750.362 402.906 750.359V749.081C402.952 749.081 402.994 749.081 403.03 749.081C403.063 749.081 403.101 749.081 403.145 749.081C403.496 749.081 403.749 748.987 403.905 748.798C404.064 748.612 404.144 748.342 404.144 747.987V739.864ZM404.88 738.685C404.621 738.685 404.399 738.599 404.213 738.427C404.031 738.251 403.94 738.042 403.94 737.8C403.94 737.555 404.031 737.346 404.213 737.174C404.399 736.998 404.621 736.911 404.88 736.911C405.138 736.911 405.359 736.998 405.541 737.174C405.726 737.346 405.819 737.555 405.819 737.8C405.819 738.042 405.726 738.251 405.541 738.427C405.359 738.599 405.138 738.685 404.88 738.685ZM409.852 747.669C409.369 747.669 408.931 747.58 408.54 747.401C408.149 747.218 407.839 746.955 407.61 746.61C407.385 746.265 407.272 745.843 407.272 745.342C407.272 744.911 407.355 744.557 407.521 744.278C407.686 744 407.91 743.78 408.192 743.617C408.474 743.455 408.789 743.332 409.137 743.249C409.485 743.166 409.839 743.103 410.2 743.06C410.658 743.007 411.029 742.964 411.314 742.931C411.599 742.895 411.806 742.837 411.936 742.757C412.065 742.678 412.129 742.548 412.129 742.369V742.335C412.129 741.9 412.007 741.564 411.762 741.325C411.52 741.087 411.158 740.967 410.678 740.967C410.177 740.967 409.783 741.078 409.494 741.3C409.209 741.519 409.012 741.763 408.903 742.031L407.506 741.713C407.672 741.249 407.914 740.875 408.232 740.589C408.553 740.301 408.923 740.092 409.34 739.963C409.758 739.83 410.197 739.764 410.658 739.764C410.963 739.764 411.286 739.801 411.627 739.874C411.972 739.943 412.294 740.072 412.592 740.261C412.893 740.45 413.14 740.72 413.333 741.072C413.525 741.42 413.621 741.872 413.621 742.429V747.5H412.169V746.456H412.11C412.013 746.648 411.869 746.837 411.677 747.023C411.485 747.208 411.238 747.362 410.936 747.485C410.635 747.608 410.273 747.669 409.852 747.669ZM410.176 746.476C410.587 746.476 410.938 746.395 411.23 746.232C411.525 746.07 411.748 745.858 411.901 745.596C412.057 745.331 412.134 745.047 412.134 744.746V743.761C412.081 743.814 411.979 743.864 411.826 743.911C411.677 743.954 411.506 743.992 411.314 744.025C411.122 744.055 410.935 744.083 410.752 744.109C410.57 744.133 410.418 744.152 410.295 744.169C410.007 744.205 409.743 744.267 409.504 744.353C409.269 744.439 409.08 744.563 408.938 744.726C408.798 744.885 408.729 745.097 408.729 745.362C408.729 745.73 408.865 746.009 409.137 746.197C409.408 746.383 409.755 746.476 410.176 746.476ZM417.823 747.669C417.339 747.669 416.902 747.58 416.511 747.401C416.12 747.218 415.81 746.955 415.581 746.61C415.356 746.265 415.243 745.843 415.243 745.342C415.243 744.911 415.326 744.557 415.491 744.278C415.657 744 415.881 743.78 416.163 743.617C416.444 743.455 416.759 743.332 417.107 743.249C417.455 743.166 417.81 743.103 418.171 743.06C418.629 743.007 419 742.964 419.285 742.931C419.57 742.895 419.777 742.837 419.906 742.757C420.036 742.678 420.1 742.548 420.1 742.369V742.335C420.1 741.9 419.978 741.564 419.732 741.325C419.49 741.087 419.129 740.967 418.648 740.967C418.148 740.967 417.754 741.078 417.465 741.3C417.18 741.519 416.983 741.763 416.874 742.031L415.477 741.713C415.642 741.249 415.884 740.875 416.202 740.589C416.524 740.301 416.893 740.092 417.311 739.963C417.729 739.83 418.168 739.764 418.629 739.764C418.933 739.764 419.257 739.801 419.598 739.874C419.943 739.943 420.264 740.072 420.562 740.261C420.864 740.45 421.111 740.72 421.303 741.072C421.496 741.42 421.592 741.872 421.592 742.429V747.5H420.14V746.456H420.08C419.984 746.648 419.84 746.837 419.648 747.023C419.455 747.208 419.209 747.362 418.907 747.485C418.605 747.608 418.244 747.669 417.823 747.669ZM418.146 746.476C418.557 746.476 418.909 746.395 419.2 746.232C419.495 746.07 419.719 745.858 419.871 745.596C420.027 745.331 420.105 745.047 420.105 744.746V743.761C420.052 743.814 419.949 743.864 419.797 743.911C419.648 743.954 419.477 743.992 419.285 744.025C419.093 744.055 418.905 744.083 418.723 744.109C418.541 744.133 418.388 744.152 418.266 744.169C417.977 744.205 417.714 744.267 417.475 744.353C417.24 744.439 417.051 744.563 416.908 744.726C416.769 744.885 416.7 745.097 416.7 745.362C416.7 745.73 416.835 746.009 417.107 746.197C417.379 746.383 417.725 746.476 418.146 746.476ZM425.058 742.966V747.5H423.572V739.864H424.998V741.107H425.093C425.269 740.702 425.544 740.377 425.918 740.132C426.296 739.887 426.772 739.764 427.345 739.764C427.865 739.764 428.321 739.874 428.712 740.092C429.103 740.308 429.407 740.629 429.622 741.057C429.837 741.484 429.945 742.013 429.945 742.643V747.5H428.459V742.822C428.459 742.268 428.314 741.836 428.026 741.524C427.738 741.209 427.342 741.052 426.838 741.052C426.493 741.052 426.187 741.126 425.918 741.276C425.653 741.425 425.443 741.643 425.287 741.932C425.134 742.217 425.058 742.562 425.058 742.966Z" fill="#454545"/>
<rect x="365.5" y="755" width="549" height="41" fill="white"/>
<rect x="365.5" y="755" width="549" height="41" stroke="#6B7280"/>
<g clip-path="url(#clip2_520_6477)">
<path d="M379.409 781.5V769.864H383.477C384.288 769.864 384.956 770.004 385.483 770.284C386.009 770.561 386.402 770.934 386.659 771.403C386.917 771.869 387.045 772.386 387.045 772.955C387.045 773.455 386.956 773.867 386.778 774.193C386.604 774.519 386.373 774.777 386.085 774.966C385.801 775.155 385.492 775.295 385.159 775.386V775.5C385.515 775.523 385.873 775.648 386.233 775.875C386.593 776.102 386.894 776.428 387.136 776.852C387.379 777.277 387.5 777.795 387.5 778.409C387.5 778.992 387.367 779.517 387.102 779.983C386.837 780.449 386.419 780.818 385.847 781.091C385.275 781.364 384.53 781.5 383.614 781.5H379.409ZM380.818 780.25H383.614C384.534 780.25 385.188 780.072 385.574 779.716C385.964 779.356 386.159 778.92 386.159 778.409C386.159 778.015 386.059 777.652 385.858 777.318C385.657 776.981 385.371 776.712 385 776.511C384.629 776.307 384.189 776.205 383.682 776.205H380.818V780.25ZM380.818 774.977H383.432C383.856 774.977 384.239 774.894 384.58 774.727C384.924 774.561 385.197 774.326 385.398 774.023C385.602 773.72 385.705 773.364 385.705 772.955C385.705 772.443 385.527 772.009 385.17 771.653C384.814 771.294 384.25 771.114 383.477 771.114H380.818V774.977ZM395.134 777.932V772.773H396.474V781.5H395.134V780.023H395.043C394.838 780.466 394.52 780.843 394.088 781.153C393.656 781.46 393.111 781.614 392.452 781.614C391.906 781.614 391.421 781.494 390.997 781.256C390.573 781.013 390.24 780.65 389.997 780.165C389.755 779.676 389.634 779.061 389.634 778.318V772.773H390.974V778.227C390.974 778.864 391.152 779.371 391.509 779.75C391.868 780.129 392.327 780.318 392.884 780.318C393.217 780.318 393.556 780.233 393.901 780.062C394.249 779.892 394.541 779.631 394.776 779.278C395.014 778.926 395.134 778.477 395.134 777.932ZM398.93 781.5V772.773H400.226V774.091H400.317C400.476 773.659 400.764 773.309 401.18 773.04C401.597 772.771 402.067 772.636 402.589 772.636C402.688 772.636 402.811 772.638 402.959 772.642C403.107 772.646 403.218 772.652 403.294 772.659V774.023C403.249 774.011 403.144 773.994 402.982 773.972C402.822 773.945 402.654 773.932 402.476 773.932C402.052 773.932 401.673 774.021 401.339 774.199C401.01 774.373 400.749 774.616 400.555 774.926C400.366 775.233 400.271 775.583 400.271 775.977V781.5H398.93ZM410.384 777.932V772.773H411.724V781.5H410.384V780.023H410.293C410.088 780.466 409.77 780.843 409.338 781.153C408.906 781.46 408.361 781.614 407.702 781.614C407.156 781.614 406.671 781.494 406.247 781.256C405.823 781.013 405.49 780.65 405.247 780.165C405.005 779.676 404.884 779.061 404.884 778.318V772.773H406.224V778.227C406.224 778.864 406.402 779.371 406.759 779.75C407.118 780.129 407.577 780.318 408.134 780.318C408.467 780.318 408.806 780.233 409.151 780.062C409.499 779.892 409.791 779.631 410.026 779.278C410.264 778.926 410.384 778.477 410.384 777.932ZM415.521 776.25V781.5H414.18V769.864H415.521V774.136H415.635C415.839 773.686 416.146 773.328 416.555 773.062C416.968 772.794 417.518 772.659 418.203 772.659C418.798 772.659 419.319 772.778 419.766 773.017C420.213 773.252 420.559 773.614 420.805 774.102C421.055 774.587 421.18 775.205 421.18 775.955V781.5H419.839V776.045C419.839 775.352 419.66 774.816 419.3 774.438C418.944 774.055 418.449 773.864 417.817 773.864C417.377 773.864 416.983 773.956 416.635 774.142C416.29 774.328 416.018 774.598 415.817 774.955C415.62 775.311 415.521 775.742 415.521 776.25ZM428.315 781.5V769.864H429.724V775.045H435.929V769.864H437.338V781.5H435.929V776.295H429.724V781.5H428.315ZM442.545 781.705C441.992 781.705 441.491 781.6 441.04 781.392C440.589 781.18 440.231 780.875 439.966 780.477C439.701 780.076 439.568 779.591 439.568 779.023C439.568 778.523 439.667 778.117 439.864 777.807C440.061 777.492 440.324 777.246 440.653 777.068C440.983 776.89 441.347 776.758 441.744 776.67C442.146 776.58 442.549 776.508 442.955 776.455C443.485 776.386 443.915 776.335 444.244 776.301C444.578 776.263 444.82 776.201 444.972 776.114C445.127 776.027 445.205 775.875 445.205 775.659V775.614C445.205 775.053 445.051 774.617 444.744 774.307C444.441 773.996 443.981 773.841 443.364 773.841C442.723 773.841 442.222 773.981 441.858 774.261C441.494 774.542 441.239 774.841 441.091 775.159L439.818 774.705C440.045 774.174 440.348 773.761 440.727 773.466C441.11 773.167 441.527 772.958 441.977 772.841C442.432 772.72 442.879 772.659 443.318 772.659C443.598 772.659 443.92 772.693 444.284 772.761C444.652 772.826 445.006 772.96 445.347 773.165C445.691 773.369 445.977 773.678 446.205 774.091C446.432 774.504 446.545 775.057 446.545 775.75V781.5H445.205V780.318H445.136C445.045 780.508 444.894 780.71 444.682 780.926C444.47 781.142 444.188 781.326 443.835 781.477C443.483 781.629 443.053 781.705 442.545 781.705ZM442.75 780.5C443.28 780.5 443.727 780.396 444.091 780.188C444.458 779.979 444.735 779.71 444.92 779.381C445.11 779.051 445.205 778.705 445.205 778.341V777.114C445.148 777.182 445.023 777.244 444.83 777.301C444.64 777.354 444.42 777.402 444.17 777.443C443.924 777.481 443.684 777.515 443.449 777.545C443.218 777.572 443.03 777.595 442.886 777.614C442.538 777.659 442.212 777.733 441.909 777.835C441.61 777.934 441.367 778.083 441.182 778.284C441 778.481 440.909 778.75 440.909 779.091C440.909 779.557 441.081 779.909 441.426 780.148C441.775 780.383 442.216 780.5 442.75 780.5ZM448.993 781.5V772.773H450.288V774.091H450.379C450.538 773.659 450.826 773.309 451.243 773.04C451.66 772.771 452.129 772.636 452.652 772.636C452.75 772.636 452.874 772.638 453.021 772.642C453.169 772.646 453.281 772.652 453.357 772.659V774.023C453.311 774.011 453.207 773.994 453.044 773.972C452.885 773.945 452.716 773.932 452.538 773.932C452.114 773.932 451.735 774.021 451.402 774.199C451.072 774.373 450.811 774.616 450.618 774.926C450.429 775.233 450.334 775.583 450.334 775.977V781.5H448.993ZM454.946 781.5V772.773H456.287V781.5H454.946ZM455.628 771.318C455.366 771.318 455.141 771.229 454.952 771.051C454.766 770.873 454.673 770.659 454.673 770.409C454.673 770.159 454.766 769.945 454.952 769.767C455.141 769.589 455.366 769.5 455.628 769.5C455.889 769.5 456.113 769.589 456.298 769.767C456.488 769.945 456.582 770.159 456.582 770.409C456.582 770.659 456.488 770.873 456.298 771.051C456.113 771.229 455.889 771.318 455.628 771.318ZM461.311 781.705C460.758 781.705 460.256 781.6 459.805 781.392C459.355 781.18 458.997 780.875 458.732 780.477C458.466 780.076 458.334 779.591 458.334 779.023C458.334 778.523 458.432 778.117 458.629 777.807C458.826 777.492 459.089 777.246 459.419 777.068C459.749 776.89 460.112 776.758 460.51 776.67C460.911 776.58 461.315 776.508 461.72 776.455C462.25 776.386 462.68 776.335 463.01 776.301C463.343 776.263 463.586 776.201 463.737 776.114C463.893 776.027 463.97 775.875 463.97 775.659V775.614C463.97 775.053 463.817 774.617 463.51 774.307C463.207 773.996 462.747 773.841 462.129 773.841C461.489 773.841 460.987 773.981 460.624 774.261C460.26 774.542 460.004 774.841 459.857 775.159L458.584 774.705C458.811 774.174 459.114 773.761 459.493 773.466C459.875 773.167 460.292 772.958 460.743 772.841C461.197 772.72 461.644 772.659 462.084 772.659C462.364 772.659 462.686 772.693 463.05 772.761C463.417 772.826 463.771 772.96 464.112 773.165C464.457 773.369 464.743 773.678 464.97 774.091C465.197 774.504 465.311 775.057 465.311 775.75V781.5H463.97V780.318H463.902C463.811 780.508 463.66 780.71 463.447 780.926C463.235 781.142 462.953 781.326 462.601 781.477C462.249 781.629 461.819 781.705 461.311 781.705ZM461.516 780.5C462.046 780.5 462.493 780.396 462.857 780.188C463.224 779.979 463.5 779.71 463.686 779.381C463.875 779.051 463.97 778.705 463.97 778.341V777.114C463.913 777.182 463.788 777.244 463.595 777.301C463.406 777.354 463.186 777.402 462.936 777.443C462.69 777.481 462.449 777.515 462.214 777.545C461.983 777.572 461.796 777.595 461.652 777.614C461.304 777.659 460.978 777.733 460.675 777.835C460.375 777.934 460.133 778.083 459.947 778.284C459.766 778.481 459.675 778.75 459.675 779.091C459.675 779.557 459.847 779.909 460.192 780.148C460.54 780.383 460.982 780.5 461.516 780.5ZM469.099 776.25V781.5H467.759V772.773H469.054V774.136H469.168C469.372 773.693 469.683 773.337 470.099 773.068C470.516 772.795 471.054 772.659 471.713 772.659C472.304 772.659 472.821 772.78 473.264 773.023C473.707 773.261 474.052 773.625 474.298 774.114C474.545 774.598 474.668 775.212 474.668 775.955V781.5H473.327V776.045C473.327 775.36 473.149 774.826 472.793 774.443C472.437 774.057 471.948 773.864 471.327 773.864C470.899 773.864 470.516 773.956 470.179 774.142C469.846 774.328 469.582 774.598 469.389 774.955C469.196 775.311 469.099 775.742 469.099 776.25ZM481.8 781.5V769.864H483.209V780.25H488.618V781.5H481.8ZM494.277 781.682C493.436 781.682 492.711 781.496 492.101 781.125C491.495 780.75 491.027 780.227 490.697 779.557C490.372 778.883 490.209 778.098 490.209 777.205C490.209 776.311 490.372 775.523 490.697 774.841C491.027 774.155 491.485 773.621 492.072 773.239C492.663 772.852 493.353 772.659 494.141 772.659C494.595 772.659 495.044 772.735 495.487 772.886C495.93 773.038 496.334 773.284 496.697 773.625C497.061 773.962 497.351 774.409 497.567 774.966C497.783 775.523 497.891 776.208 497.891 777.023V777.591H491.163V776.432H496.527C496.527 775.939 496.429 775.5 496.232 775.114C496.038 774.727 495.762 774.422 495.402 774.199C495.046 773.975 494.625 773.864 494.141 773.864C493.607 773.864 493.144 773.996 492.754 774.261C492.368 774.523 492.071 774.864 491.862 775.284C491.654 775.705 491.55 776.155 491.55 776.636V777.409C491.55 778.068 491.663 778.627 491.891 779.085C492.122 779.54 492.442 779.886 492.851 780.125C493.26 780.36 493.735 780.477 494.277 780.477C494.629 780.477 494.947 780.428 495.232 780.33C495.519 780.227 495.768 780.076 495.976 779.875C496.184 779.67 496.345 779.417 496.459 779.114L497.754 779.477C497.618 779.917 497.389 780.303 497.067 780.636C496.745 780.966 496.347 781.223 495.874 781.409C495.4 781.591 494.868 781.682 494.277 781.682ZM499.93 784.773V772.773H501.226V774.159H501.385C501.483 774.008 501.62 773.814 501.794 773.58C501.972 773.341 502.226 773.129 502.555 772.943C502.889 772.754 503.339 772.659 503.908 772.659C504.643 772.659 505.29 772.843 505.851 773.21C506.411 773.578 506.849 774.098 507.163 774.773C507.478 775.447 507.635 776.242 507.635 777.159C507.635 778.083 507.478 778.884 507.163 779.562C506.849 780.237 506.413 780.759 505.857 781.131C505.3 781.498 504.658 781.682 503.93 781.682C503.37 781.682 502.921 781.589 502.584 781.403C502.247 781.214 501.987 781 501.805 780.761C501.624 780.519 501.483 780.318 501.385 780.159H501.271V784.773H499.93ZM501.249 777.136C501.249 777.795 501.345 778.377 501.538 778.881C501.732 779.381 502.014 779.773 502.385 780.057C502.756 780.337 503.211 780.477 503.749 780.477C504.309 780.477 504.777 780.33 505.152 780.034C505.531 779.735 505.815 779.333 506.004 778.83C506.197 778.322 506.294 777.758 506.294 777.136C506.294 776.523 506.199 775.97 506.01 775.477C505.824 774.981 505.542 774.589 505.163 774.301C504.788 774.009 504.317 773.864 503.749 773.864C503.203 773.864 502.745 774.002 502.374 774.278C502.002 774.551 501.722 774.934 501.533 775.426C501.343 775.915 501.249 776.485 501.249 777.136ZM512.249 781.705C511.696 781.705 511.194 781.6 510.743 781.392C510.292 781.18 509.934 780.875 509.669 780.477C509.404 780.076 509.271 779.591 509.271 779.023C509.271 778.523 509.37 778.117 509.567 777.807C509.764 777.492 510.027 777.246 510.357 777.068C510.686 776.89 511.05 776.758 511.447 776.67C511.849 776.58 512.252 776.508 512.658 776.455C513.188 776.386 513.618 776.335 513.947 776.301C514.281 776.263 514.523 776.201 514.675 776.114C514.83 776.027 514.908 775.875 514.908 775.659V775.614C514.908 775.053 514.754 774.617 514.447 774.307C514.144 773.996 513.684 773.841 513.067 773.841C512.427 773.841 511.925 773.981 511.561 774.261C511.197 774.542 510.942 774.841 510.794 775.159L509.521 774.705C509.749 774.174 510.052 773.761 510.43 773.466C510.813 773.167 511.23 772.958 511.68 772.841C512.135 772.72 512.582 772.659 513.021 772.659C513.302 772.659 513.624 772.693 513.987 772.761C514.355 772.826 514.709 772.96 515.05 773.165C515.394 773.369 515.68 773.678 515.908 774.091C516.135 774.504 516.249 775.057 516.249 775.75V781.5H514.908V780.318H514.839C514.749 780.508 514.597 780.71 514.385 780.926C514.173 781.142 513.891 781.326 513.538 781.477C513.186 781.629 512.756 781.705 512.249 781.705ZM512.453 780.5C512.983 780.5 513.43 780.396 513.794 780.188C514.161 779.979 514.438 779.71 514.624 779.381C514.813 779.051 514.908 778.705 514.908 778.341V777.114C514.851 777.182 514.726 777.244 514.533 777.301C514.343 777.354 514.124 777.402 513.874 777.443C513.627 777.481 513.387 777.515 513.152 777.545C512.921 777.572 512.733 777.595 512.589 777.614C512.241 777.659 511.915 777.733 511.612 777.835C511.313 777.934 511.071 778.083 510.885 778.284C510.703 778.481 510.612 778.75 510.612 779.091C510.612 779.557 510.785 779.909 511.129 780.148C511.478 780.383 511.919 780.5 512.453 780.5ZM524.878 774.727L523.673 775.068C523.598 774.867 523.486 774.672 523.338 774.483C523.194 774.29 522.997 774.131 522.747 774.006C522.497 773.881 522.177 773.818 521.787 773.818C521.253 773.818 520.808 773.941 520.452 774.188C520.099 774.43 519.923 774.739 519.923 775.114C519.923 775.447 520.045 775.71 520.287 775.903C520.529 776.097 520.908 776.258 521.423 776.386L522.719 776.705C523.499 776.894 524.08 777.184 524.463 777.574C524.846 777.96 525.037 778.458 525.037 779.068C525.037 779.568 524.893 780.015 524.605 780.409C524.321 780.803 523.923 781.114 523.412 781.341C522.901 781.568 522.306 781.682 521.628 781.682C520.738 781.682 520.001 781.489 519.418 781.102C518.834 780.716 518.465 780.152 518.31 779.409L519.582 779.091C519.704 779.561 519.933 779.913 520.27 780.148C520.611 780.383 521.056 780.5 521.605 780.5C522.23 780.5 522.726 780.367 523.094 780.102C523.465 779.833 523.651 779.511 523.651 779.136C523.651 778.833 523.545 778.58 523.332 778.375C523.12 778.167 522.795 778.011 522.355 777.909L520.901 777.568C520.101 777.379 519.514 777.085 519.139 776.688C518.768 776.286 518.582 775.784 518.582 775.182C518.582 774.689 518.721 774.254 518.997 773.875C519.277 773.496 519.658 773.199 520.139 772.983C520.624 772.767 521.173 772.659 521.787 772.659C522.651 772.659 523.329 772.848 523.821 773.227C524.317 773.606 524.67 774.106 524.878 774.727Z" fill="#171717"/>
</g>
<mask id="path-30-inside-2_520_6477" fill="white">
<path d="M341 820.5H939V889.5C939 891.709 937.209 893.5 935 893.5H345C342.791 893.5 341 891.709 341 889.5V820.5Z"/>
</mask>
<path d="M341 820.5H939V889.5C939 891.709 937.209 893.5 935 893.5H345C342.791 893.5 341 891.709 341 889.5V820.5Z" fill="#FAFAFA"/>
<path d="M341 819.5H939V821.5H341V819.5ZM341 821.5M939 893.5H341H939M939 893.5M341 893.5V820.5V893.5M341 893.5M939 820.5V893.5V820.5" fill="#DFDFDF" mask="url(#path-30-inside-2_520_6477)"/>
<path d="M692.665 862.5V852.314H696.419C697.142 852.314 697.74 852.433 698.214 852.671C698.689 852.909 699.043 853.229 699.276 853.632C699.51 854.035 699.626 854.486 699.626 854.986C699.626 855.412 699.548 855.77 699.391 856.059C699.235 856.349 699.026 856.581 698.766 856.757C698.506 856.932 698.218 857.061 697.904 857.142V857.24C698.245 857.258 698.577 857.367 698.901 857.568C699.225 857.769 699.493 858.053 699.705 858.42C699.917 858.787 700.023 859.232 700.023 859.755C700.023 860.274 699.901 860.741 699.657 861.155C699.412 861.57 699.037 861.898 698.53 862.139C698.023 862.38 697.374 862.5 696.583 862.5H692.665ZM694.227 861.162H696.422C697.156 861.162 697.681 861.021 697.997 860.739C698.314 860.456 698.473 860.103 698.473 859.68C698.473 859.356 698.392 859.062 698.23 858.796C698.069 858.531 697.84 858.32 697.543 858.162C697.247 858.004 696.895 857.926 696.486 857.926H694.227V861.162ZM694.227 856.721H696.27C696.612 856.721 696.921 856.656 697.197 856.524C697.474 856.393 697.692 856.207 697.853 855.966C698.014 855.726 698.094 855.443 698.094 855.117C698.094 854.699 697.948 854.349 697.655 854.069C697.362 853.788 696.914 853.647 696.311 853.647H694.227V856.721ZM703.881 862.668C703.398 862.668 702.96 862.579 702.569 862.4C702.178 862.221 701.869 861.959 701.64 861.612C701.412 861.265 701.298 860.841 701.298 860.338C701.298 859.904 701.382 859.548 701.549 859.271C701.716 858.993 701.942 858.773 702.225 858.61C702.508 858.447 702.824 858.325 703.173 858.243C703.522 858.161 703.878 858.099 704.241 858.056C704.692 858.002 705.058 857.958 705.34 857.923C705.621 857.889 705.83 857.832 705.965 857.752C706.099 857.673 706.167 857.543 706.167 857.364V857.325C706.167 857.04 706.112 856.798 706.002 856.601C705.892 856.403 705.729 856.251 705.511 856.146C705.294 856.04 705.024 855.987 704.7 855.987C704.37 855.987 704.086 856.038 703.847 856.141C703.609 856.243 703.415 856.373 703.265 856.532C703.116 856.69 703.005 856.856 702.932 857.029L701.517 856.666C701.69 856.207 701.939 855.839 702.263 855.561C702.586 855.283 702.958 855.08 703.376 854.953C703.795 854.825 704.229 854.762 704.68 854.762C704.986 854.762 705.313 854.798 705.659 854.872C706.006 854.945 706.331 855.077 706.636 855.268C706.941 855.458 707.189 855.727 707.382 856.075C707.574 856.423 707.671 856.874 707.671 857.426V862.5H706.216V861.454H706.139C706.04 861.651 705.892 861.843 705.696 862.03C705.501 862.216 705.253 862.369 704.953 862.489C704.654 862.608 704.296 862.668 703.881 862.668ZM704.215 861.464C704.627 861.464 704.978 861.383 705.269 861.222C705.56 861.061 705.783 860.849 705.939 860.586C706.094 860.323 706.172 860.044 706.172 859.748V858.766C706.118 858.82 706.014 858.868 705.861 858.913C705.708 858.957 705.534 858.996 705.34 859.03C705.146 859.064 704.956 859.093 704.773 859.117C704.589 859.14 704.438 859.16 704.321 859.174C704.04 859.21 703.782 859.271 703.546 859.357C703.311 859.444 703.124 859.566 702.985 859.726C702.847 859.885 702.778 860.096 702.778 860.359C702.778 860.602 702.84 860.804 702.964 860.968C703.089 861.131 703.259 861.255 703.474 861.338C703.69 861.422 703.937 861.464 704.215 861.464ZM712.964 854.857V856.08H708.819V854.857H712.964ZM709.935 853.039H711.439V860.433C711.439 860.742 711.503 860.968 711.632 861.111C711.761 861.254 711.974 861.326 712.272 861.326C712.351 861.326 712.453 861.317 712.581 861.298C712.708 861.279 712.817 861.261 712.909 861.243L713.175 862.448C713.014 862.501 712.842 862.539 712.659 862.563C712.476 862.587 712.298 862.599 712.122 862.599C711.426 862.599 710.888 862.421 710.507 862.065C710.126 861.708 709.935 861.206 709.935 860.557V853.039ZM716.665 862.668C716.181 862.668 715.743 862.579 715.352 862.4C714.961 862.221 714.652 861.959 714.424 861.612C714.195 861.265 714.081 860.841 714.081 860.338C714.081 859.904 714.165 859.548 714.332 859.271C714.5 858.993 714.725 858.773 715.008 858.61C715.291 858.447 715.607 858.325 715.956 858.243C716.305 858.161 716.661 858.099 717.024 858.056C717.475 858.002 717.841 857.958 718.123 857.923C718.405 857.889 718.613 857.832 718.748 857.752C718.883 857.673 718.95 857.543 718.95 857.364V857.325C718.95 857.04 718.895 856.798 718.785 856.601C718.675 856.403 718.512 856.251 718.295 856.146C718.077 856.04 717.807 855.987 717.483 855.987C717.153 855.987 716.869 856.038 716.631 856.141C716.392 856.243 716.198 856.373 716.049 856.532C715.899 856.69 715.788 856.856 715.715 857.029L714.3 856.666C714.474 856.207 714.722 855.839 715.046 855.561C715.37 855.283 715.741 855.08 716.16 854.953C716.578 854.825 717.013 854.762 717.463 854.762C717.77 854.762 718.096 854.798 718.443 854.872C718.789 854.945 719.115 855.077 719.419 855.268C719.724 855.458 719.973 855.727 720.165 856.075C720.358 856.423 720.454 856.874 720.454 857.426V862.5H718.999V861.454H718.922C718.823 861.651 718.676 861.843 718.48 862.03C718.284 862.216 718.036 862.369 717.736 862.489C717.437 862.608 717.08 862.668 716.665 862.668ZM716.998 861.464C717.41 861.464 717.761 861.383 718.052 861.222C718.343 861.061 718.566 860.849 718.722 860.586C718.877 860.323 718.955 860.044 718.955 859.748V858.766C718.901 858.82 718.797 858.868 718.644 858.913C718.491 858.957 718.317 858.996 718.123 859.03C717.929 859.064 717.74 859.093 717.556 859.117C717.372 859.14 717.221 859.16 717.105 859.174C716.823 859.21 716.565 859.271 716.329 859.357C716.094 859.444 715.907 859.566 715.769 859.726C715.63 859.885 715.561 860.096 715.561 860.359C715.561 860.602 715.623 860.804 715.747 860.968C715.872 861.131 716.042 861.255 716.257 861.338C716.473 861.422 716.72 861.464 716.998 861.464ZM723.98 852.314V862.5H722.476V852.314H723.98Z" fill="#171717"/>
<rect x="757" y="837.5" width="158" height="40" rx="6" fill="#134B9E"/>
<path d="M779.761 854.493C779.708 854.022 779.489 853.658 779.104 853.399C778.72 853.137 778.236 853.006 777.653 853.006C777.235 853.006 776.874 853.073 776.569 853.205C776.264 853.335 776.027 853.513 775.858 853.742C775.692 853.968 775.609 854.224 775.609 854.513C775.609 854.755 775.666 854.964 775.778 855.139C775.895 855.315 776.045 855.462 776.231 855.582C776.42 855.698 776.622 855.795 776.837 855.875C777.053 855.951 777.26 856.014 777.459 856.064L778.453 856.322C778.778 856.402 779.111 856.51 779.453 856.646C779.794 856.781 780.11 856.96 780.402 857.183C780.694 857.405 780.929 857.68 781.108 858.008C781.29 858.336 781.381 858.729 781.381 859.186C781.381 859.763 781.232 860.275 780.934 860.722C780.639 861.17 780.21 861.523 779.646 861.781C779.086 862.04 778.408 862.169 777.613 862.169C776.851 862.169 776.191 862.048 775.634 861.806C775.078 861.564 774.642 861.221 774.327 860.777C774.012 860.33 773.838 859.799 773.805 859.186H775.346C775.376 859.554 775.495 859.861 775.704 860.106C775.916 860.348 776.186 860.528 776.514 860.648C776.846 860.764 777.209 860.822 777.603 860.822C778.037 860.822 778.423 860.754 778.761 860.618C779.103 860.479 779.371 860.286 779.567 860.041C779.762 859.793 779.86 859.503 779.86 859.171C779.86 858.87 779.774 858.623 779.602 858.43C779.433 858.238 779.202 858.079 778.911 857.953C778.622 857.827 778.296 857.716 777.931 857.62L776.728 857.292C775.913 857.07 775.266 856.743 774.789 856.312C774.315 855.882 774.078 855.312 774.078 854.602C774.078 854.016 774.237 853.504 774.555 853.066C774.874 852.629 775.305 852.289 775.848 852.047C776.392 851.802 777.005 851.679 777.688 851.679C778.377 851.679 778.985 851.8 779.512 852.042C780.042 852.284 780.46 852.617 780.765 853.041C781.07 853.462 781.229 853.946 781.242 854.493H779.761ZM783.098 862V854.364H784.584V862H783.098ZM783.849 853.185C783.59 853.185 783.368 853.099 783.182 852.927C783 852.751 782.909 852.542 782.909 852.3C782.909 852.055 783 851.846 783.182 851.674C783.368 851.498 783.59 851.411 783.849 851.411C784.107 851.411 784.328 851.498 784.51 851.674C784.695 851.846 784.788 852.055 784.788 852.3C784.788 852.542 784.695 852.751 784.51 852.927C784.328 853.099 784.107 853.185 783.849 853.185ZM786.584 862V854.364H788.011V855.607H788.106C788.265 855.186 788.525 854.857 788.886 854.622C789.247 854.384 789.68 854.264 790.184 854.264C790.694 854.264 791.122 854.384 791.466 854.622C791.814 854.861 792.071 855.189 792.237 855.607H792.316C792.499 855.199 792.789 854.874 793.187 854.632C793.584 854.387 794.058 854.264 794.608 854.264C795.301 854.264 795.866 854.481 796.304 854.915C796.745 855.35 796.965 856.004 796.965 856.879V862H795.478V857.018C795.478 856.501 795.338 856.127 795.056 855.895C794.774 855.663 794.438 855.547 794.047 855.547C793.563 855.547 793.187 855.696 792.918 855.994C792.65 856.289 792.515 856.669 792.515 857.133V862H791.034V856.924C791.034 856.51 790.905 856.177 790.646 855.925C790.388 855.673 790.051 855.547 789.637 855.547C789.355 855.547 789.095 855.621 788.856 855.771C788.621 855.916 788.43 856.12 788.285 856.382C788.142 856.644 788.071 856.947 788.071 857.292V862H786.584ZM798.957 864.864V854.364H800.409V855.602H800.533C800.619 855.442 800.744 855.259 800.906 855.05C801.069 854.841 801.294 854.659 801.582 854.503C801.871 854.344 802.252 854.264 802.726 854.264C803.342 854.264 803.892 854.42 804.376 854.732C804.86 855.043 805.24 855.492 805.515 856.079C805.793 856.665 805.932 857.371 805.932 858.197C805.932 859.022 805.795 859.73 805.52 860.32C805.245 860.906 804.867 861.359 804.386 861.677C803.906 861.992 803.357 862.149 802.741 862.149C802.277 862.149 801.897 862.071 801.602 861.915C801.311 861.76 801.082 861.577 800.916 861.369C800.75 861.16 800.623 860.974 800.533 860.812H800.444V864.864H798.957ZM800.414 858.182C800.414 858.719 800.492 859.189 800.648 859.594C800.803 859.998 801.029 860.315 801.324 860.543C801.619 860.769 801.98 860.881 802.408 860.881C802.852 860.881 803.223 860.764 803.521 860.528C803.82 860.29 804.045 859.967 804.197 859.559C804.353 859.151 804.431 858.692 804.431 858.182C804.431 857.678 804.355 857.226 804.202 856.825C804.053 856.424 803.828 856.107 803.526 855.875C803.228 855.643 802.855 855.527 802.408 855.527C801.977 855.527 801.612 855.638 801.314 855.86C801.019 856.082 800.795 856.392 800.643 856.79C800.49 857.187 800.414 857.652 800.414 858.182ZM809.82 862.169C809.336 862.169 808.899 862.08 808.508 861.901C808.117 861.718 807.807 861.455 807.578 861.11C807.353 860.765 807.24 860.343 807.24 859.842C807.24 859.411 807.323 859.057 807.489 858.778C807.654 858.5 807.878 858.28 808.16 858.117C808.441 857.955 808.756 857.832 809.104 857.749C809.452 857.666 809.807 857.603 810.168 857.56C810.626 857.507 810.997 857.464 811.282 857.431C811.567 857.395 811.774 857.337 811.903 857.257C812.033 857.178 812.097 857.048 812.097 856.869V856.835C812.097 856.4 811.975 856.064 811.729 855.825C811.487 855.587 811.126 855.467 810.646 855.467C810.145 855.467 809.751 855.578 809.462 855.8C809.177 856.019 808.98 856.263 808.871 856.531L807.474 856.213C807.639 855.749 807.881 855.375 808.199 855.089C808.521 854.801 808.891 854.592 809.308 854.463C809.726 854.33 810.165 854.264 810.626 854.264C810.931 854.264 811.254 854.301 811.595 854.374C811.94 854.443 812.261 854.572 812.56 854.761C812.861 854.95 813.108 855.22 813.3 855.572C813.493 855.92 813.589 856.372 813.589 856.929V862H812.137V860.956H812.077C811.981 861.148 811.837 861.337 811.645 861.523C811.453 861.708 811.206 861.862 810.904 861.985C810.602 862.108 810.241 862.169 809.82 862.169ZM810.143 860.976C810.554 860.976 810.906 860.895 811.197 860.732C811.492 860.57 811.716 860.358 811.869 860.096C812.024 859.831 812.102 859.547 812.102 859.246V858.261C812.049 858.314 811.946 858.364 811.794 858.411C811.645 858.454 811.474 858.492 811.282 858.525C811.09 858.555 810.902 858.583 810.72 858.609C810.538 858.633 810.385 858.652 810.263 858.669C809.974 858.705 809.711 858.767 809.472 858.853C809.237 858.939 809.048 859.063 808.905 859.226C808.766 859.385 808.697 859.597 808.697 859.862C808.697 860.23 808.833 860.509 809.104 860.697C809.376 860.883 809.722 860.976 810.143 860.976ZM817.055 857.466V862H815.569V854.364H816.995V855.607H817.09C817.266 855.202 817.541 854.877 817.915 854.632C818.293 854.387 818.769 854.264 819.342 854.264C819.862 854.264 820.318 854.374 820.709 854.592C821.1 854.808 821.404 855.129 821.619 855.557C821.834 855.984 821.942 856.513 821.942 857.143V862H820.456V857.322C820.456 856.768 820.312 856.336 820.023 856.024C819.735 855.709 819.339 855.552 818.835 855.552C818.49 855.552 818.184 855.626 817.915 855.776C817.65 855.925 817.44 856.143 817.284 856.432C817.131 856.717 817.055 857.062 817.055 857.466ZM827.76 862V851.818H831.389C832.182 851.818 832.838 851.962 833.358 852.251C833.879 852.539 834.268 852.933 834.527 853.434C834.785 853.931 834.914 854.491 834.914 855.114C834.914 855.741 834.783 856.304 834.522 856.805C834.263 857.302 833.872 857.696 833.348 857.988C832.828 858.276 832.173 858.42 831.384 858.42H828.889V857.118H831.245C831.746 857.118 832.152 857.032 832.463 856.859C832.775 856.684 833.004 856.445 833.149 856.143C833.295 855.842 833.368 855.499 833.368 855.114C833.368 854.73 833.295 854.388 833.149 854.09C833.004 853.792 832.773 853.558 832.458 853.389C832.147 853.22 831.736 853.136 831.225 853.136H829.296V862H827.76ZM839.791 862.154C839.039 862.154 838.391 861.993 837.848 861.672C837.307 861.347 836.89 860.891 836.595 860.305C836.303 859.715 836.157 859.024 836.157 858.232C836.157 857.449 836.303 856.76 836.595 856.163C836.89 855.567 837.301 855.101 837.828 854.766C838.358 854.432 838.978 854.264 839.687 854.264C840.118 854.264 840.536 854.335 840.94 854.478C841.344 854.621 841.707 854.844 842.029 855.149C842.35 855.454 842.604 855.85 842.789 856.337C842.975 856.821 843.068 857.41 843.068 858.102V858.629H836.997V857.516H841.611C841.611 857.125 841.532 856.778 841.372 856.477C841.213 856.172 840.99 855.931 840.701 855.756C840.416 855.58 840.081 855.492 839.697 855.492C839.279 855.492 838.915 855.595 838.603 855.8C838.295 856.003 838.056 856.268 837.887 856.596C837.722 856.921 837.639 857.274 837.639 857.655V858.525C837.639 859.035 837.728 859.469 837.907 859.827C838.09 860.185 838.343 860.459 838.668 860.648C838.993 860.833 839.372 860.926 839.806 860.926C840.088 860.926 840.345 860.886 840.577 860.807C840.809 860.724 841.009 860.601 841.179 860.439C841.348 860.277 841.477 860.076 841.566 859.837L842.973 860.091C842.861 860.505 842.658 860.868 842.367 861.18C842.078 861.488 841.715 861.728 841.278 861.901C840.844 862.07 840.348 862.154 839.791 862.154ZM844.717 862V854.364H846.154V855.577H846.233C846.373 855.166 846.618 854.843 846.969 854.607C847.324 854.369 847.725 854.249 848.172 854.249C848.265 854.249 848.374 854.253 848.5 854.259C848.63 854.266 848.731 854.274 848.804 854.284V855.706C848.744 855.689 848.638 855.671 848.486 855.651C848.333 855.628 848.181 855.616 848.028 855.616C847.677 855.616 847.364 855.691 847.089 855.84C846.817 855.986 846.601 856.19 846.442 856.452C846.283 856.71 846.204 857.005 846.204 857.337V862H844.717ZM854.927 858.833V854.364H856.419V862H854.957V860.678H854.878C854.702 861.085 854.42 861.425 854.033 861.697C853.648 861.965 853.169 862.099 852.596 862.099C852.105 862.099 851.671 861.992 851.293 861.776C850.919 861.558 850.624 861.234 850.408 860.807C850.196 860.379 850.09 859.851 850.09 859.221V854.364H851.577V859.042C851.577 859.562 851.721 859.977 852.009 860.285C852.297 860.593 852.672 860.747 853.133 860.747C853.411 860.747 853.688 860.678 853.963 860.538C854.241 860.399 854.472 860.189 854.654 859.907C854.84 859.625 854.931 859.267 854.927 858.833ZM858.536 862V851.818H860.022V855.602H860.112C860.198 855.442 860.322 855.259 860.484 855.05C860.647 854.841 860.872 854.659 861.161 854.503C861.449 854.344 861.83 854.264 862.304 854.264C862.921 854.264 863.471 854.42 863.955 854.732C864.439 855.043 864.818 855.492 865.093 856.079C865.372 856.665 865.511 857.371 865.511 858.197C865.511 859.022 865.373 859.73 865.098 860.32C864.823 860.906 864.445 861.359 863.965 861.677C863.484 861.992 862.935 862.149 862.319 862.149C861.855 862.149 861.475 862.071 861.18 861.915C860.889 861.76 860.66 861.577 860.494 861.369C860.329 861.16 860.201 860.974 860.112 860.812H859.987V862H858.536ZM859.992 858.182C859.992 858.719 860.07 859.189 860.226 859.594C860.382 859.998 860.607 860.315 860.902 860.543C861.197 860.769 861.558 860.881 861.986 860.881C862.43 860.881 862.801 860.764 863.1 860.528C863.398 860.29 863.623 859.967 863.776 859.559C863.931 859.151 864.009 858.692 864.009 858.182C864.009 857.678 863.933 857.226 863.781 856.825C863.631 856.424 863.406 856.107 863.104 855.875C862.806 855.643 862.433 855.527 861.986 855.527C861.555 855.527 861.19 855.638 860.892 855.86C860.597 856.082 860.373 856.392 860.221 856.79C860.069 857.187 859.992 857.652 859.992 858.182ZM869.402 862.169C868.918 862.169 868.481 862.08 868.09 861.901C867.699 861.718 867.389 861.455 867.16 861.11C866.935 860.765 866.822 860.343 866.822 859.842C866.822 859.411 866.905 859.057 867.071 858.778C867.236 858.5 867.46 858.28 867.742 858.117C868.023 857.955 868.338 857.832 868.686 857.749C869.034 857.666 869.389 857.603 869.75 857.56C870.208 857.507 870.579 857.464 870.864 857.431C871.149 857.395 871.356 857.337 871.485 857.257C871.615 857.178 871.679 857.048 871.679 856.869V856.835C871.679 856.4 871.557 856.064 871.311 855.825C871.069 855.587 870.708 855.467 870.228 855.467C869.727 855.467 869.333 855.578 869.044 855.8C868.759 856.019 868.562 856.263 868.453 856.531L867.056 856.213C867.221 855.749 867.463 855.375 867.782 855.089C868.103 854.801 868.473 854.592 868.89 854.463C869.308 854.33 869.747 854.264 870.208 854.264C870.513 854.264 870.836 854.301 871.177 854.374C871.522 854.443 871.843 854.572 872.142 854.761C872.443 854.95 872.69 855.22 872.882 855.572C873.075 855.92 873.171 856.372 873.171 856.929V862H871.719V860.956H871.659C871.563 861.148 871.419 861.337 871.227 861.523C871.035 861.708 870.788 861.862 870.486 861.985C870.184 862.108 869.823 862.169 869.402 862.169ZM869.725 860.976C870.136 860.976 870.488 860.895 870.779 860.732C871.074 860.57 871.298 860.358 871.451 860.096C871.606 859.831 871.684 859.547 871.684 859.246V858.261C871.631 858.314 871.528 858.364 871.376 858.411C871.227 858.454 871.056 858.492 870.864 858.525C870.672 858.555 870.484 858.583 870.302 858.609C870.12 858.633 869.967 858.652 869.845 858.669C869.556 858.705 869.293 858.767 869.054 858.853C868.819 858.939 868.63 859.063 868.487 859.226C868.348 859.385 868.279 859.597 868.279 859.862C868.279 860.23 868.415 860.509 868.686 860.697C868.958 860.883 869.304 860.976 869.725 860.976ZM876.637 857.466V862H875.151V851.818H876.617V855.607H876.712C876.891 855.196 877.164 854.869 877.532 854.627C877.9 854.385 878.381 854.264 878.974 854.264C879.497 854.264 879.955 854.372 880.346 854.587C880.74 854.803 881.045 855.124 881.261 855.552C881.479 855.976 881.589 856.506 881.589 857.143V862H880.102V857.322C880.102 856.762 879.958 856.327 879.67 856.019C879.381 855.708 878.98 855.552 878.467 855.552C878.115 855.552 877.801 855.626 877.522 855.776C877.247 855.925 877.03 856.143 876.871 856.432C876.715 856.717 876.637 857.062 876.637 857.466ZM885.795 862.169C885.311 862.169 884.873 862.08 884.482 861.901C884.091 861.718 883.781 861.455 883.553 861.11C883.327 860.765 883.215 860.343 883.215 859.842C883.215 859.411 883.297 859.057 883.463 858.778C883.629 858.5 883.853 858.28 884.134 858.117C884.416 857.955 884.731 857.832 885.079 857.749C885.427 857.666 885.782 857.603 886.143 857.56C886.6 857.507 886.971 857.464 887.256 857.431C887.542 857.395 887.749 857.337 887.878 857.257C888.007 857.178 888.072 857.048 888.072 856.869V856.835C888.072 856.4 887.949 856.064 887.704 855.825C887.462 855.587 887.101 855.467 886.62 855.467C886.12 855.467 885.725 855.578 885.437 855.8C885.152 856.019 884.955 856.263 884.845 856.531L883.448 856.213C883.614 855.749 883.856 855.375 884.174 855.089C884.496 854.801 884.865 854.592 885.283 854.463C885.7 854.33 886.14 854.264 886.6 854.264C886.905 854.264 887.228 854.301 887.57 854.374C887.914 854.443 888.236 854.572 888.534 854.761C888.836 854.95 889.083 855.22 889.275 855.572C889.467 855.92 889.563 856.372 889.563 856.929V862H888.112V860.956H888.052C887.956 861.148 887.812 861.337 887.619 861.523C887.427 861.708 887.18 861.862 886.879 861.985C886.577 862.108 886.216 862.169 885.795 862.169ZM886.118 860.976C886.529 860.976 886.88 860.895 887.172 860.732C887.467 860.57 887.691 860.358 887.843 860.096C887.999 859.831 888.077 859.547 888.077 859.246V858.261C888.024 858.314 887.921 858.364 887.769 858.411C887.619 858.454 887.449 858.492 887.256 858.525C887.064 858.555 886.877 858.583 886.695 858.609C886.512 858.633 886.36 858.652 886.237 858.669C885.949 858.705 885.685 858.767 885.447 858.853C885.211 858.939 885.023 859.063 884.88 859.226C884.741 859.385 884.671 859.597 884.671 859.862C884.671 860.23 884.807 860.509 885.079 860.697C885.351 860.883 885.697 860.976 886.118 860.976ZM893.03 857.466V862H891.543V854.364H892.97V855.607H893.065C893.24 855.202 893.515 854.877 893.89 854.632C894.268 854.387 894.743 854.264 895.317 854.264C895.837 854.264 896.293 854.374 896.684 854.592C897.075 854.808 897.378 855.129 897.594 855.557C897.809 855.984 897.917 856.513 897.917 857.143V862H896.43V857.322C896.43 856.768 896.286 856.336 895.998 856.024C895.709 855.709 895.313 855.552 894.81 855.552C894.465 855.552 894.158 855.626 893.89 855.776C893.625 855.925 893.414 856.143 893.258 856.432C893.106 856.717 893.03 857.062 893.03 857.466Z" fill="white"/>
</g>
<defs>
<filter id="filter0_d_520_6477" x="308" y="230.5" width="664" height="708" filterUnits="userSpaceOnUse" color-interpolation-filters="sRGB">
<feFlood flood-opacity="0" result="BackgroundImageFix"/>
<feColorMatrix in="SourceAlpha" type="matrix" values="0 0 0 0 0 0 0 0 0 0 0 0 0 0 0 0 0 0 127 0" result="hardAlpha"/>
<feOffset dy="12"/>
<feGaussianBlur stdDeviation="16"/>
<feComposite in2="hardAlpha" operator="out"/>
<feColorMatrix type="matrix" values="0 0 0 0 0 0 0 0 0 0 0 0 0 0 0 0 0 0 0.12 0"/>
<feBlend mode="normal" in2="BackgroundImageFix" result="effect1_dropShadow_520_6477"/>
<feBlend mode="normal" in="SourceGraphic" in2="effect1_dropShadow_520_6477" result="shape"/>
</filter>
<clipPath id="clip0_520_6477">
<rect width="496" height="24" fill="white" transform="translate(378 369.5)"/>
</clipPath>
<clipPath id="clip1_520_6477">
<rect width="524" height="24" fill="white" transform="translate(378 475.5)"/>
</clipPath>
<clipPath id="clip2_520_6477">
<rect width="524" height="24" fill="white" transform="translate(378 763.5)"/>
</clipPath>
</defs>
</svg>
